user_id,username,preferencias,email,n_interacciones,top_types,avg_price_level_likes,password,fecha_nacimiento
0,Susana Barreras,,,1,bar|restaurant,1.0,12345678,
1,Matt Thornton,,,6,bar|restaurant|cafe,1.0,12345678,
2,Juan Pablo Jurado,,,1,bar|restaurant,1.0,12345678,
3,Rafael Víctor Abogado,,,1,bar|restaurant,1.0,12345678,
4,Dee Alford,,,1,bar|restaurant,1.0,12345678,
5,Jesus Santiago,,,2,bar|restaurant,1.0,12345678,
6,periclesma,,,1,bar|restaurant,1.0,12345678,
7,Inma Muñoz,,,1,bar|restaurant,1.0,12345678,
8,Francisco Jose Gonzalez Vazquez,,,1,bar|restaurant,1.0,12345678,
9,"Guillermo Davó López, Cruncher",,,4,restaurant|bar,2.0,12345678,
10,Isabel Muñoz Vega,,,1,bar|restaurant,1.0,12345678,
11,Domingo P.,,,3,restaurant|bar,1.0,12345678,
12,Zuleima L. M.,,,1,bar|restaurant,1.0,12345678,
13,Bastet Cas,,,1,bar|restaurant,1.0,12345678,
14,Daniel CR,,,3,bar|restaurant,1.0,12345678,
15,Tomás Rincón García,,,4,restaurant|cafe,1.0,12345678,
16,Jesus Valverde,,,1,bar,2.0,12345678,
18,Jose María Lopez,,,8,cafe|bar|restaurant,1.0,12345678,
19,Daniel,,,5,restaurant|bar|bakery,1.5,12345678,
20,Antonio Jesús Heredia Castillo,,,1,bar|cafe|restaurant,1.0,12345678,
21,Héctor Hidalgo,,,1,bar|cafe|restaurant,1.0,12345678,
22,Rosa Cano,,,2,bar|cafe|restaurant,1.0,12345678,
23,José García Torres,,,1,bar|cafe|restaurant,1.0,12345678,
24,José Luis Duque Guardado,,,1,bar,,12345678,
25,Sfantu ELO,,,1,bar,,12345678,
26,Mer Alba,,,1,bar,,12345678,
27,vasile iulian ghite,,,1,bar,,12345678,
28,Diego Perez,,,1,bar,,12345678,
29,Mariu,,,1,restaurant,2.0,12345678,
30,Anita Parra Torres,,,2,restaurant,2.0,12345678,
31,Elena Martínez,,,2,bar|cafe|restaurant,1.5,12345678,
32,José Ángel,,,1,restaurant,2.0,12345678,
33,Miguel Angel Gaspar Mora,,,4,restaurant|bakery|cafe,1.0,12345678,
34,Pablo Vaca,,,1,bar,1.0,12345678,
35,tania jiménez agea,,,1,bar,1.0,12345678,
36,Maribel Mata,,,1,bar,1.0,12345678,
37,Dayana Arevalo pavon,,,1,bar,1.0,12345678,
38,Agustin Noriega,,,1,bar,1.0,12345678,
39,Nataliia Shtefanska,,,1,restaurant,,12345678,
40,JUAN CARLOS CASTILLO EXPOSITO,,,1,restaurant,,12345678,
41,Santiago P. C.,,,3,bakery|restaurant|cafe,1.0,12345678,
42,Emilio Redondo Pomares,,,1,restaurant,,12345678,
43,Marigdx,,,2,restaurant|bar|cafe,1.0,12345678,
44,Mercedes Baquero,,,2,restaurant,2.0,12345678,
45,Salmerón Blanes José Miguel,,,1,restaurant,,12345678,
46,Antonio Manuel Carvajal Molina,,,1,restaurant,,12345678,
47,sara zamora puerto,,,1,restaurant,,12345678,
48,celia blazquez,,,1,restaurant,,12345678,
49,Javier Cervantes,,,1,bar|cafe|restaurant,1.0,12345678,
50,Ali Rodríguez,,,3,bar|restaurant|cafe,1.0,12345678,
51,Jaime Baca,,,5,bar|cafe|restaurant,1.25,12345678,
52,javiajando71,,,4,restaurant|bar|cafe,1.33,12345678,
53,Darwader,,,3,bar|restaurant|cafe,1.0,12345678,
54,Lydia Bellamy,,,1,cafe,,12345678,
55,Lorena León,,,3,cafe,1.0,12345678,
56,Juju Pic,,,1,cafe,,12345678,
57,Jane Hughes,,,1,cafe,,12345678,
58,Luis Urko,,,3,restaurant|bar,1.0,12345678,
59,Moi Bastida,,,3,bar|cafe|restaurant,1.0,12345678,
60,Man,,,1,bar|restaurant,1.0,12345678,
61,JuanFRM,,,1,bar|restaurant,1.0,12345678,
62,David Cano Caño,,,1,bar|restaurant,1.0,12345678,
63,Mario Garcia Martin,,,2,restaurant,1.0,12345678,
64,Alberto Mesa Cano,,,1,restaurant,,12345678,
65,Elisa Sanchez,,,2,restaurant,2.0,12345678,
66,Sandra Molina,,,1,restaurant,,12345678,
67,Francisco Botía,,,1,restaurant,,12345678,
68,jhlavid jhlavid,,,1,restaurant,,12345678,
69,dolores molina diaz,,,1,restaurant,,12345678,
70,Cris Alves,,,1,restaurant,,12345678,
71,Jesús Gómez Urbano,,,2,restaurant|bar|cafe,1.0,12345678,
72,Fernando R,,,1,bar|restaurant,1.0,12345678,
73,Capitanemo Capitanemo,,,1,bar|restaurant,1.0,12345678,
74,Francisco Javier Peña Vela,,,1,bar|restaurant,1.0,12345678,
75,Angely Diaz Suarez,,,1,bar|restaurant,1.0,12345678,
76,Alejandro Moreno,,,2,restaurant|bar,1.0,12345678,
77,Ángel R.,,,1,bar|cafe|restaurant,1.0,12345678,
78,Ma Ángeles Fernández,,,1,bar|cafe|restaurant,1.0,12345678,
79,Luis Delgado Perez,,,1,bar|cafe|restaurant,1.0,12345678,
80,Cayetano Campos,,,2,cafe|bar|restaurant,1.0,12345678,
81,jessica ojeda acosta,,,0,,,12345678,
82,Gloria Infante González,,,0,,,12345678,
83,Javi Alba,,,0,,,12345678,
84,Paco luis López,,,4,restaurant|bar|cafe,1.0,12345678,
85,Corrado,,,0,,,12345678,
86,Jessika,,,1,bar|cafe,1.0,12345678,
87,Javier Arias,,,1,bar|cafe,,12345678,
88,Tony Mengot,,,1,bar|cafe,1.0,12345678,
89,Raúl C.,,,1,bakery|cafe,,12345678,
90,rosa m nieto,,,1,bakery|cafe,1.0,12345678,
91,Juan Ortega Del Moral,,,4,restaurant|bar|bakery,1.25,12345678,
92,Angeles M,,,3,bakery|restaurant|cafe,1.0,12345678,
93,María Robaína,,,1,restaurant,1.0,12345678,
94,Carlos Guerrero,,,1,restaurant,1.0,12345678,
95,Antonio Fernández,,,1,restaurant,1.0,12345678,
96,RJ,,,2,restaurant,1.0,12345678,
97,Almudena Parrales,,,1,restaurant,1.0,12345678,
98,Pablo Fuertes,,,1,restaurant,1.0,12345678,
99,Diego Molina,,,1,restaurant,,12345678,
100,Rubén Ballesteros,,,1,restaurant,1.0,12345678,
101,Miguel Hervás,,,13,restaurant|cafe|bar,1.17,12345678,
102,Andres Perez,,,1,bar|restaurant,1.0,12345678,
103,Paco Rodriguez,,,1,bar|restaurant,1.0,12345678,
104,Jose Manuel Ruiz Contreras,,,1,bar|restaurant,1.0,12345678,
105,M,,,2,restaurant|bar,1.0,12345678,
106,Noelia Gallego,,,1,restaurant,2.0,12345678,
107,Tarek 14,,,1,restaurant,2.0,12345678,
108,Ander Martinez,,,4,restaurant|bar,1.5,12345678,
109,YOLANDA FARFAN OSTOS,,,2,restaurant,2.5,12345678,
110,Mamme Ruinervo Romero,,,1,restaurant,2.0,12345678,
111,Alina Acatincai,,,1,bakery|meal_takeaway|restaurant,1.0,12345678,
112,I MS,,,1,bakery|meal_takeaway|restaurant,,12345678,
113,Fermín Cervera Pulido,,,1,bakery|meal_takeaway|restaurant,1.0,12345678,
114,José Antonio Domínguez,,,2,bar|cafe|restaurant,1.0,12345678,
115,José Juan Morcillo,,,1,bar|restaurant,1.0,12345678,
116,pepa bero,,,13,restaurant|bar|cafe,1.17,12345678,
117,Manuel Fernández,,,2,bar|restaurant,1.0,12345678,
118,Verònika,,,2,restaurant|bar,1.0,12345678,
119,F Horemheb45,,,4,bar|restaurant,1.0,12345678,
120,Antonio Fernandez,,,1,bar|restaurant,,12345678,
121,Sergio Daniel Enciso,,,1,bar|restaurant,1.0,12345678,
122,Marta G (Martorro),,,3,bar|restaurant,1.0,12345678,
123,María SG,,,1,bar|restaurant,1.0,12345678,
124,Luko Marshall,,,0,,,12345678,
125,vic lopez,,,0,,,12345678,
126,Francisco Manuel Merino Castillo,,,0,,,12345678,
127,Fatima S,,,0,,,12345678,
128,Javier Gómez,,,1,restaurant,,12345678,
129,Alejandro Henares Burgos,,,1,bakery,1.0,12345678,
130,Rafael Serrano,,,1,bakery,1.0,12345678,
131,Loly c g,,,1,bakery,1.0,12345678,
132,ROBERT RUIZ,,,2,bakery|cafe,1.0,12345678,
133,J.J Mayas,,,1,bar|cafe,1.0,12345678,
134,Rosa,,,8,bar|restaurant|cafe,1.25,12345678,
135,victor fernandez,,,1,bar|cafe,,12345678,
136,Joaquin Sanchez,,,1,bar|cafe,1.0,12345678,
137,Juan David Luque Romero,,,1,bar,,12345678,
138,Daniel Berrios,,,17,bar|restaurant|Bar,1.77,12345678,
139,Manu.,,,3,bakery|bar|restaurant,1.5,12345678,
140,Fran Garcia,,,1,bar,1.0,12345678,
141,Hugo Ruiz,,,1,restaurant,1.0,12345678,
142,Manuel lopez,,,3,restaurant|bar,1.33,12345678,
143,Javier Amado,,,1,restaurant,1.0,12345678,
144,Mar,,,1,restaurant,1.0,12345678,
145,Noemi Gutiérrez Andrade,,,3,bar|cafe|restaurant,1.0,12345678,
146,Raquel Diaz,,,1,cafe,1.0,12345678,
147,alejandro ortega bermudez,,,1,cafe,1.0,12345678,
148,Señor X,,,2,bar|cafe,1.0,12345678,
149,Claudia,,,2,bar|cafe|restaurant,1.0,12345678,
150,natalia prieto peñalver,,,1,bar|cafe,,12345678,
151,toto nini,,,1,bar|cafe,1.0,12345678,
152,Pilar Barberá,,,1,bar|cafe,1.0,12345678,
153,Pablo Perlo,,,1,bar|cafe,1.0,12345678,
154,bluexblood ;,,,1,restaurant,,12345678,
155,Other Uses,,,1,restaurant,,12345678,
156,elcazadorhunter,,,1,restaurant,1.0,12345678,
157,Álvaro Montoro,,,2,bar|restaurant,1.5,12345678,
158,Maria Gallego,,,1,restaurant,1.0,12345678,
159,Yesi Muñoz,,,1,restaurant,1.0,12345678,
160,Carmen Fuentes,,,4,bar|restaurant,2.0,12345678,
161,antonio berlanga,,,1,restaurant,1.0,12345678,
162,Jose Moya,,,1,bar|restaurant,,12345678,
163,Cristian Capilla (Ozzytto_Barber),,,2,restaurant|bar,1.0,12345678,
164,Zamora V,,,1,bar|restaurant,1.0,12345678,
165,Ana Abellan Ortin,,,1,bar|restaurant,1.0,12345678,
166,Francisco Manuel Castro Bermudez,,,1,bar|restaurant,1.0,12345678,
167,Miguel A. Fdez.,,,1,restaurant,1.0,12345678,
168,oscar cabello duarte,,,1,restaurant,1.0,12345678,
169,Toni Nieto,,,1,restaurant,1.0,12345678,
170,Eva López,,,1,restaurant,1.0,12345678,
171,dani cabello,,,1,restaurant,1.0,12345678,
172,Elisa S,,,2,bar|restaurant|cafe,1.0,12345678,
173,Erchacho (Erchacho),,,1,bar|cafe|restaurant,1.0,12345678,
174,BALSEKIYA 4,,,1,bar|cafe|restaurant,,12345678,
175,Elena Ortega Zurita,,,4,bar|restaurant|cafe,1.67,12345678,
176,Diego González,,,1,bar|cafe|restaurant,1.0,12345678,
177,Carmen Sánchez,,,1,restaurant,,12345678,
178,gatobriel,,,1,restaurant,,12345678,
179,F B,,,1,restaurant,,12345678,
180,Juanfran Rodríguez,,,1,restaurant,,12345678,
181,Miguel Angel carrillo serrano,,,1,bar,1.0,12345678,
182,Antonio López Ortiz,,,1,bar,1.0,12345678,
183,Ana,,,7,restaurant|bar|bakery,1.2,12345678,
184,FranciS F3,,,1,bar,,12345678,
185,Lorenzo López Ortiz,,,1,bar,1.0,12345678,
186,Antonio Martínez,,,2,Bar|bakery,1.0,12345678,
187,Automoviles Bretones,,,1,bakery,1.0,12345678,
188,Juana Maria Cañellas Calabria,,,1,bakery,1.0,12345678,
189,Ramon Mengano,,,1,bakery,1.0,12345678,
190,Gabino Castillo,,,1,bakery,1.0,12345678,
191,antonio padilla salazar,,,1,bakery,,12345678,
192,Natalia Montes Alba,,,1,restaurant,1.0,12345678,
193,The RockySoldier,,,1,restaurant,1.0,12345678,
194,Jose Jimenez,,,2,bar|restaurant,1.0,12345678,
195,Mari Cruz Gomez,,,1,restaurant,1.0,12345678,
196,MONICA ALTAMIRANO MELLADO,,,1,restaurant,1.0,12345678,
197,seydy m,,,1,cafe,,12345678,
198,javier mata,,,0,,,12345678,
199,Marina,,,2,bar|restaurant,,12345678,
200,Sma 000,,,0,,,12345678,
201,pascale bony,,,1,restaurant,,12345678,
202,Elena Morales Guardia,,,1,restaurant,1.0,12345678,
203,EstEbAnCb castro,,,1,restaurant,1.0,12345678,
204,marialuz moreno jimenez,,,1,restaurant,1.0,12345678,
205,Mario Jimenez Galeote,,,1,restaurant,1.0,12345678,
206,Rafael M,,,1,restaurant,1.0,12345678,
207,Rasha Carrasco,,,2,cafe|restaurant,1.0,12345678,
208,aurelio valvelde,,,1,restaurant,1.0,12345678,
209,angelesmoli,,,1,restaurant,1.0,12345678,
210,Álvaro Garrido collado,,,1,restaurant,1.0,12345678,
211,Inmaculada Zuñiga Alba,,,1,bakery,,12345678,
212,Alejandro Sánchez,,,3,bar|bakery|restaurant,1.0,12345678,
213,Txe R.F,,,1,bakery,,12345678,
214,sergio rueda puerma,,,1,bakery,,12345678,
215,Emilio Torres,,,1,bakery,,12345678,
216,Esther Moreno Carrion,,,1,bar,,12345678,
217,Pedro J Moral Comino,,,1,bar,,12345678,
218,Adriano Peinado Gonzalez,,,1,bar,,12345678,
219,Juan M,,,1,bar,,12345678,
220,Yoestuvealli,,,1,cafe,,12345678,
221,jorge contreras,,,1,cafe,,12345678,
222,Pablo Navas Castillo,,,1,cafe,,12345678,
223,Adrián Cuesta,,,1,bar,,12345678,
224,Jose Santiago Villena,,,1,bar,1.0,12345678,
225,FRANCISCO BRAVO BELLO,,,1,bar,1.0,12345678,
226,Nicolas Rueda Jimenez,,,1,bar,1.0,12345678,
227,Inicia Trade - Sales,,,1,restaurant,1.0,12345678,
228,Mariangeles Maeso,,,1,restaurant,1.0,12345678,
229,Carmen A.M,,,1,restaurant,1.0,12345678,
230,MIGUEL jimenez peñalver,,,1,restaurant,1.0,12345678,
231,Jose angel Anguita lopez,,,1,restaurant,1.0,12345678,
232,Rocío Castillo,,,1,restaurant,1.0,12345678,
233,Manuel Padial,,,1,restaurant,,12345678,
234,Luis López Lainez,,,2,restaurant|bar,1.0,12345678,
235,Pepa Molina,,,1,cafe,,12345678,
236,Iván,,,3,bar|cafe|meal_takeaway,2.0,12345678,
237,J J P,,,1,cafe,,12345678,
238,Borja S,,,1,restaurant,2.0,12345678,
239,Jose Vaquera,,,1,restaurant,2.0,12345678,
240,ISACHU MORENO,,,1,restaurant,2.0,12345678,
241,Sandra Domínguez,,,1,restaurant,2.0,12345678,
242,Jose Ruiz Cano,,,1,restaurant,2.0,12345678,
243,José Ant. Aguilar,,,1,bar,1.0,12345678,
244,Marina Skripko,,,1,bar,1.0,12345678,
245,lusma ramos,,,1,bar,1.0,12345678,
246,Arvydas Stonys,,,1,bar,1.0,12345678,
247,Israel López,,,1,bar,,12345678,
248,Maria Adelaida Lopez saorin,,,1,bar|restaurant,1.0,12345678,
249,Maria Perez Del Valle,,,1,bar|restaurant,1.0,12345678,
250,Frank Fierro Guarnizo,,,5,bar|restaurant|cafe,2.0,12345678,
251,miguel mikel,,,1,bar|restaurant,1.0,12345678,
252,Tesa tesa,,,1,bar|restaurant,1.0,12345678,
253,Yolanda Cobo,,,1,bakery,1.0,12345678,
254,Melisa Gutiérrez Lendínez,,,1,bakery,1.0,12345678,
255,Miriam Domingo Alonso,,,1,bakery,1.0,12345678,
256,Adrian Monsalve Martinez,,,1,bakery,1.0,12345678,
257,Paqui Vallejo,,,1,bakery,1.0,12345678,
258,beita c,,,1,bakery,,12345678,
259,Lorién,,,2,bakery|bar,1.0,12345678,
260,Manuel alonso arroyo,,,1,bakery,,12345678,
261,Rincón de Pepe,,,1,bakery,,12345678,
262,Silvia Sampedro Troya,,,3,restaurant|bakery|bar,,12345678,
263,Mar G. C,,,1,bar,1.0,12345678,
264,Lázaro Martínez Gutiérrez,,,1,bar,1.0,12345678,
265,O O,,,1,bar,1.0,12345678,
266,Fidel Ramos Osete,,,1,bar,1.0,12345678,
267,David Fernandez,,,1,bar,,12345678,
268,J.Miguel Prado,,,1,bar,,12345678,
269,Miguel Fernandez,,,1,bar,,12345678,
270,Antonio Arriaza Lomas,,,1,bar,,12345678,
271,Rocio Lopez,,,1,restaurant,,12345678,
272,Carmen Carrillo Bonilla,,,1,restaurant,,12345678,
273,Sergio,,,11,restaurant|bar|Restaurante,1.5,12345678,
274,Rafa Peinado,,,1,restaurant,,12345678,
275,roberto carrera horas,,,1,restaurant,,12345678,
276,Team Bulls-eSPORTS,,,1,bar,,12345678,
277,Raul Luque,,,1,bar,,12345678,
278,Telexiaomi Casa,,,1,bar,,12345678,
279,Alejandro Quesada Martín,,,1,bar,,12345678,
280,Andrew Robin,,,1,bar,,12345678,
281,Vicky Sanchez,,,1,cafe,,12345678,
282,Domenico Iodice,,,1,cafe,,12345678,
283,Antonio Javier García,,,1,cafe,,12345678,
284,Sandra Marin,,,2,cafe|restaurant,3.0,12345678,
285,D FC,,,1,cafe,,12345678,
286,Francisco Manuel Sampedro.,,,17,bar|restaurant|cafe,1.12,12345678,
287,Maria jesus Santos Soler,,,1,restaurant,,12345678,
288,Ascen Soler gomez,,,1,restaurant,,12345678,
289,Alex menéndez,,,1,restaurant,,12345678,
290,Lucia Sanchez,,,1,restaurant,,12345678,
291,Sara Soto Contreras,,,1,cafe,,12345678,
292,Antonio Torres Arias,,,1,cafe,,12345678,
293,J Emilio Gil figueroa,,,1,cafe,,12345678,
294,Linda y sus viajes,,,2,bar|cafe,,12345678,
295,jose vidal,,,1,cafe,,12345678,
296,José Antonio Fernández Benito,,,1,bakery,1.0,12345678,
297,sergiosixdays,,,1,bakery,1.0,12345678,
298,Rosa Tuñón,,,4,bakery|bar,1.0,12345678,
299,FRANCISCO MILLA,,,1,bakery,1.0,12345678,
300,Mireia Ros,,,1,bakery,1.0,12345678,
301,Sara Málaga,,,1,cafe,,12345678,
302,sara lopez,,,1,cafe,,12345678,
303,Lucía Benítez,,,1,cafe,,12345678,
304,Antonio Luis Quirante Aguayo,,,1,cafe,,12345678,
305,Raq,,,1,cafe,,12345678,
306,Casky Garcia,,,1,bar,,12345678,
307,ANA MARÍA PALOMINO,,,1,bar,,12345678,
308,Felipe Saavedra,,,1,bar,,12345678,
309,Pedro A Vidal,,,1,bar,,12345678,
310,Amparo Rey Llavero,,,0,,,12345678,
311,Juani Garcia Salvador,,,0,,,12345678,
312,Rocío Chacón Reyes,,,0,,,12345678,
313,Tamara G,,,0,,,12345678,
314,Santiago Lopez,,,0,,,12345678,
315,Josua mendiet,,,1,cafe,,12345678,
316,Manolo Galan Roman,,,1,cafe,,12345678,
317,Lidia Peña,,,1,cafe,,12345678,
318,Dinamizador Guadalinfo,,,1,cafe,,12345678,
319,Antonio Cegrí Cabrera,,,1,cafe,,12345678,
320,L C,,,1,bar,,12345678,
321,Antonio Morante,,,1,bar,,12345678,
322,Alfredo Ustartoz,,,1,bar,,12345678,
323,Ramon Lopez,,,1,bar,,12345678,
324,Gabriela UH,,,1,cafe,,12345678,
325,Mago More,,,1,restaurant,,12345678,
326,jose.vidales@gemail.com 10176727d,,,1,restaurant,,12345678,
327,Pablo Salvadó Paz,,,1,restaurant,,12345678,
328,juana maria Rodriguez,,,1,restaurant,,12345678,
329,Jose Manuel Jimenez Rodriguez,,,1,restaurant,,12345678,
330,Luis Carlos Molina Garcia,,,1,bar,,12345678,
331,poldrexserrano,,,1,bar|night_club|restaurant,,12345678,
332,Adolfeitor56,,,1,bar|night_club|restaurant,,12345678,
333,Melea Morales,,,1,bar|night_club|restaurant,,12345678,
334,Irene Navarro Morales,,,1,bar|night_club|restaurant,,12345678,
335,J.A.S.G,,,1,bar,,12345678,
336,Manuel David Galián Aguilar,,,1,bar,,12345678,
337,PJ YEAH!,,,1,bar,,12345678,
338,rania hamras,,,1,bar,,12345678,
339,Gastrobluff,,,1,cafe|restaurant,,12345678,
340,Laura,,,7,restaurant|Bar|bar,1.33,12345678,
341,Aitor Yugueros,,,1,cafe|restaurant,1.0,12345678,
342,juan antonio,,,2,restaurant|cafe,1.0,12345678,
343,Vanessa lorena Hidalgo Cañizares,,,1,cafe|restaurant,,12345678,
344,Paco Ramyrez,,,1,restaurant,2.0,12345678,
345,Alejandra Morales Morales,,,1,restaurant,2.0,12345678,
346,Nerea Martinez Mallo,,,1,restaurant,2.0,12345678,
347,Manuel Serrano,,,3,restaurant|bar,2.0,12345678,
348,Luna,,,1,restaurant,3.0,12345678,
349,LUISA,,,1,bar,,12345678,
350,Antonio Arjona,,,0,,,12345678,
351,Manuel López,,,0,,,12345678,
352,Ariston de Pella,,,0,,,12345678,
353,Tania Ruiz,,,1,restaurant,1.0,12345678,
354,Laura Castillo García,,,1,restaurant,,12345678,
355,Rafael Ramirez,,,2,restaurant,1.0,12345678,
356,MoniK HC,,,1,restaurant,1.0,12345678,
357,Iris,,,5,cafe|bar|restaurant,1.0,12345678,
358,Ana Almagro,,,1,bakery,2.0,12345678,
359,Mari carmen Ortega,,,1,bakery,2.0,12345678,
360,juan antonio granados rodriguez,,,1,bakery,,12345678,
361,Tere Ah.,,,1,bakery,,12345678,
362,CS,,,1,bakery,,12345678,
363,Nacho Valdes Valdes,,,0,,,12345678,
364,Pedro L. Puebla,,,0,,,12345678,
365,emilia paez,,,1,bar,1.0,12345678,
366,Antonio Sanchez,,,6,bar|cafe|restaurant,1.17,12345678,
367,Yovany Vindel,,,0,,,12345678,
368,Soy yo,,,0,,,12345678,
369,Eka Sin más,,,0,,,12345678,
370,Destinos Pasajeros,,,1,restaurant,2.0,12345678,
371,Rolikast,,,0,,,12345678,
372,ainhoa jimenez,,,0,,,12345678,
373,Marina Ro,,,1,restaurant,1.0,12345678,
374,Estefanía Alonso,,,1,restaurant,1.0,12345678,
375,Juan Naveros Cervera,,,1,restaurant,1.0,12345678,
376,Francisco,,,10,restaurant|bar|cafe,1.33,12345678,
377,Javier Morales,,,1,restaurant,1.0,12345678,
378,Jesus yeray Perez,,,1,bar,,12345678,
379,Manuel Frechi,,,2,bar|cafe,,12345678,
380,Jennifer Molina Anguita,,,1,bar,,12345678,
381,Kiko Asin,,,1,bar,,12345678,
382,Sara Varela Serrano,,,1,bar,,12345678,
383,Claudina Jimenez,,,1,cafe,1.0,12345678,
384,Sergio Felipe Gz Mn,,,1,cafe,1.0,12345678,
385,Noemí Rafel,,,1,cafe,1.0,12345678,
386,Joan,,,1,bar|restaurant,1.0,12345678,
387,Ber Gallego,,,1,bar|restaurant,,12345678,
388,Nazaret Campillos Cañete,,,3,cafe|restaurant|bar,1.0,12345678,
389,Maribel,,,2,bar|cafe|restaurant,1.0,12345678,
390,JoseR. T. Aguilar,,,2,bar|restaurant,1.5,12345678,
391,Mi,,,1,restaurant,,12345678,
392,Iker Sanchez rivilla,,,1,restaurant,,12345678,
393,Travis Quinn,,,1,restaurant,,12345678,
394,Adnan Muhammad,,,1,restaurant,,12345678,
395,Steffano Argumedo,,,1,restaurant,,12345678,
396,Jonathan González hernan,,,1,restaurant,1.0,12345678,
397,Manuel Rubio,,,1,restaurant,1.0,12345678,
398,Jose Antonio SS,,,1,restaurant,,12345678,
399,Elena Muñoz,,,2,cafe|restaurant,,12345678,
400,Juan m Sánchez Gómez,,,1,restaurant,1.0,12345678,
401,milu luna,,,0,,,12345678,
402,Manu Sevilla,,,0,,,12345678,
403,diari,,,0,,,12345678,
404,Manuel Leiva,,,0,,,12345678,
405,EVA MARIA Gutierrez López (Eva666),,,0,,,12345678,
406,Natalia Marín,,,1,restaurant,,12345678,
407,Silvia Sola,,,1,restaurant,1.0,12345678,
408,Ade,,,2,restaurant,1.0,12345678,
409,OLGA OLGUITA,,,1,restaurant,,12345678,
410,Araceli Muñoz Gutiérrez,,,1,restaurant,1.0,12345678,
411,Luz Asturias,,,2,restaurant,1.0,12345678,
412,Andres Ruiz,,,1,restaurant,1.0,12345678,
413,Nieves Souto,,,1,restaurant,1.0,12345678,
414,Silvia Cubiles Troya,,,1,bar,,12345678,
415,Indalecio Lopez,,,1,bar,1.0,12345678,
416,Toni Serrano,,,1,bar,1.0,12345678,
417,Alejandro lozano lozano,,,1,bar,,12345678,
418,Fernando Almaraz,,,1,cafe,1.0,12345678,
419,Pitu Riart,,,1,cafe,1.0,12345678,
420,Javi 78,,,1,cafe,1.0,12345678,
421,Isabel Hernández Ruiz,,,1,cafe,,12345678,
422,Estefania Martin,,,2,bar,1.0,12345678,
423,Paco Martinez Castro,,,1,bar,1.0,12345678,
424,Sergio Hardasmal,,,1,bar,1.0,12345678,
425,Josu B.M.,,,1,bar,1.0,12345678,
426,Isabel Barea Roldan,,,1,bar,1.0,12345678,
427,Francisco Raul Melero Callejon,,,1,bar|restaurant,1.0,12345678,
428,Jezu Valdivia,,,1,bar|restaurant,1.0,12345678,
429,FRANCISCO MANUEL MORA PÉREZ,,,1,bar|restaurant,1.0,12345678,
430,Javi Bermudez,,,2,bar|cafe|restaurant,1.0,12345678,
431,Pablo,,,11,restaurant|bar|cafe,1.2,12345678,
431,Pablo,,,11,restaurant|bar|cafe,1.2,12345678,
432,Ricardo,,,5,restaurant|bar|cafe,2.0,12345678,
432,Ricardo,,,5,restaurant|bar|cafe,2.0,12345678,
433,Pedro Cano Avila,,,1,cafe,,12345678,
434,Lorena C,,,1,cafe,,12345678,
435,koki lambre,,,1,restaurant,,12345678,
436,Pedro Lendinez,,,1,restaurant,,12345678,
437,Mario Torralbo,,,1,restaurant,,12345678,
438,fran conde,,,1,restaurant,,12345678,
439,Raúl Gwendal's,,,1,cafe,1.0,12345678,
440,RodriPO,,,0,,,12345678,
441,Jose Maria Priego,,,0,,,12345678,
442,Campo2024,,,0,,,12345678,
443,Joaquin Garcia Gonzalez,,,0,,,12345678,
444,J Cg,,,0,,,12345678,
445,Álvaro Bellido,,,1,restaurant,,12345678,
446,Enrique olea bellido,,,1,restaurant,,12345678,
447,Mª Angeles Plaza Segura,,,1,restaurant,,12345678,
448,David Pareja aranda,,,1,restaurant,,12345678,
449,Montse Peña,,,1,restaurant,,12345678,
450,Alberto Sanchez Cuevas,,,1,restaurant,2.0,12345678,
451,Pablo Bennassar Matas,,,1,restaurant,2.0,12345678,
452,Ana Pizarro,,,1,restaurant,2.0,12345678,
453,Lola-d chupiriflauti,,,1,restaurant,2.0,12345678,
454,Pedro Ortega,,,15,restaurant|bar|cafe,1.92,12345678,
455,Pedro Milla,,,0,,,12345678,
456,Raúl García Izquierdo,,,0,,,12345678,
457,Inma Aceituno,,,0,,,12345678,
458,Seryi Casas,,,0,,,12345678,
459,EL Patrick'S 2.000 Gom Rod,,,0,,,12345678,
460,Jorge Extremera Martinez,,,2,bar|cafe,1.0,12345678,
461,Genesis Valdepeñas de Jaen,,,1,bar,,12345678,
462,Jorge MJ,,,5,bar|cafe|night_club,1.0,12345678,
463,Vanessa Contreras cabrera,,,1,bar,,12345678,
464,Samu El Xam,,,1,bar,,12345678,
465,fran4ever75,,,1,bar,1.0,12345678,
466,Teresa,,,3,bar|cafe|restaurant,1.0,12345678,
467,jesus extremera,,,1,bar,1.0,12345678,
468,COCAMIAN,,,1,bar,1.0,12345678,
469,Juande Amate,,,1,bar,1.0,12345678,
470,Ramiro Ignacio Lopez,,,0,,,12345678,
471,Mónik H,,,0,,,12345678,
472,Esther Luna,,,0,,,12345678,
473,Paqui Fernandez,,,2,cafe|restaurant,1.0,12345678,
474,Núria Casals,,,0,,,12345678,
475,Verónica Jimsi,,,14,bar|restaurant|cafe,1.7,12345678,
476,Ambramari,,,1,cafe|restaurant,1.0,12345678,
477,Jesús López,,,1,cafe|restaurant,1.0,12345678,
478,Carmina Martínez,,,3,restaurant|cafe,2.0,12345678,
479,Alberto L. Martín,,,2,cafe|bar|meal_delivery,1.0,12345678,
480,Jote danilla,,,1,cafe,1.0,12345678,
481,Francisco jesus Montes,,,1,bakery,,12345678,
482,Pedro,,,7,bar|bakery|restaurant,1.0,12345678,
483,Rosa Maria Fernandez Rosa,,,1,bakery,,12345678,
484,Mcfermor,,,1,bakery,,12345678,
485,Pedro J.,,,1,bar,,12345678,
486,Rafa,,,8,restaurant|bar|meal_delivery,1.6,12345678,
487,Monica Garcia,,,1,bar,,12345678,
488,Jose Ortiz,,,1,bar,,12345678,
489,Amador del Moral Rivilla,,,1,restaurant,,12345678,
490,An kara,,,0,,,12345678,
491,Violeta Sagi,,,0,,,12345678,
492,Jose Fernandez,,,1,bar,1.0,12345678,
493,Bea Ruiz,,,1,bar,,12345678,
494,Sergio de la Torre Carmona,,,1,bar,1.0,12345678,
495,Celia Mora,,,3,bar|cafe|restaurant,1.0,12345678,
496,Fran Romero,,,1,restaurant,1.0,12345678,
497,Sofía Vidal,,,1,restaurant,1.0,12345678,
498,Diego Medina Morales,,,1,restaurant,,12345678,
499,jose francisco martin fuentes,,,1,restaurant,1.0,12345678,
500,Juan Pedro Torres Ortega,,,1,restaurant,1.0,12345678,
501,David,,,7,restaurant|bar,2.2,12345678,
502,Carlos Moyano,,,1,bar,,12345678,
503,Ratonas,,,1,bar,,12345678,
504,Laura Zamora Garcia,,,1,bar,,12345678,
505,Juan Cabrera Martos,,,1,restaurant,,12345678,
506,Paco Miranda,,,1,restaurant,,12345678,
507,Luis Castro Soler,,,2,bakery|restaurant,,12345678,
508,Juan Pedro Gutiérrez,,,1,restaurant,,12345678,
509,Marcos Peinado Arenas,,,1,restaurant,,12345678,
510,Antonio Estepa Chica,,,1,restaurant,,12345678,
511,Elena Moral Morales,,,1,restaurant,,12345678,
512,Christian Párraga (gamersaiyan),,,1,restaurant,,12345678,
513,Manuel El Granaino,,,1,restaurant,,12345678,
514,Francisko Huertas,,,1,restaurant,,12345678,
515,Rufino Sanchez Molina,,,3,bar|cafe,1.0,12345678,
516,Iñaki Guirao Moya,,,1,cafe,,12345678,
517,Pablo Sanchez,,,1,cafe,,12345678,
518,Angela Montes,,,1,cafe,,12345678,
519,nino,,,2,bakery|bar|cafe,1.0,12345678,
520,Manuel Aranda,,,3,restaurant|bakery|bar,2.0,12345678,
521,Sonia,,,7,restaurant|bar|bakery,1.75,12345678,
522,Chus,,,2,bakery|bar,,12345678,
523,Javier ST,,,2,bakery|bar,,12345678,
524,KIRKE,,,1,bar,,12345678,
525,Antonio CQ,,,1,bar,,12345678,
526,Ana Colmenero,,,1,bakery,,12345678,
527,Carmen Santiago,,,1,bakery,,12345678,
528,Andrea Jimenez,,,2,bar|restaurant,1.5,12345678,
529,Francisco José Lopez Bermúdez,,,1,bar,1.0,12345678,
530,Antonio Gutierrez Jimenez,,,1,bar,1.0,12345678,
531,Isa CJ,,,1,bar,1.0,12345678,
532,VictorMorenoFM,,,1,bar,1.0,12345678,
533,Maria Extremera,,,1,bar|cafe|night_club,1.0,12345678,
534,David Medel,,,1,bar|cafe|night_club,1.0,12345678,
535,Sergio Molina,,,1,bar|cafe|night_club,1.0,12345678,
536,José Javier Armenteros,,,1,bar|cafe|night_club,1.0,12345678,
537,Cristina Fernandez Izquierdo,,,1,restaurant,1.0,12345678,
538,Vesela Todorova,,,1,restaurant,1.0,12345678,
539,CRISTINA DELGADO SERRANO,,,1,restaurant,1.0,12345678,
540,Rosario Aranda,,,2,Bar restaurante|restaurant,1.5,12345678,
541,Ana Va Ro,,,1,restaurant,1.0,12345678,
542,jose M. MC,,,1,bar|cafe|restaurant,1.0,12345678,
543,Marty Mcfly,,,1,bar|cafe|restaurant,1.0,12345678,
544,J.R. Rabia,,,1,bar|cafe|restaurant,1.0,12345678,
545,Lucky Vd,,,5,bakery|bar|restaurant,1.33,12345678,
546,Ernesto Castillejo Ramos,,,1,bar|cafe|restaurant,1.0,12345678,
547,Una Receta en la Mochila,,,3,restaurant,1.0,12345678,
548,Maria Dolores Cañada,,,1,restaurant,,12345678,
549,Pilar Moron,,,1,restaurant,,12345678,
550,Javier Gonzalez,,,3,bar|restaurant,2.0,12345678,
551,María del Mar López Cruz,,,1,restaurant,,12345678,
552,Yudit Lara,,,1,cafe,1.0,12345678,
553,Ramon En Ruta,,,7,cafe|bakery,1.0,12345678,
554,Mar Salamanca,,,2,cafe|bar|restaurant,1.0,12345678,
555,jose manuel lopez granados,,,1,cafe,1.0,12345678,
556,Santiago M.M.,,,1,cafe,1.0,12345678,
557,Carmen Caballero Muñoz,,,2,bar,2.0,12345678,
558,Encarnacion arcos,,,2,bar,2.0,12345678,
559,Veronica Martos,,,3,bar|restaurant,2.0,12345678,
560,Carmen Serrano,,,8,restaurant|bar|cafe,1.33,12345678,
561,jardineria natural life,,,2,bar,2.0,12345678,
562,María Jesús Caballero,,,3,restaurant|bar,1.0,12345678,
563,Enrique Montero,,,1,bar|restaurant,,12345678,
564,Juan Cornejo,,,1,bar|restaurant,1.0,12345678,
565,Carolina Cubillo,,,3,bar|night_club|restaurant,1.5,12345678,
566,Manuel Mas,,,1,bar|restaurant,,12345678,
567,Isa Medina,,,2,bar|restaurant,,12345678,
568,Francisco Lopez Quesada,,,1,bar,,12345678,
569,Juan Muñoz,,,1,bar,,12345678,
570,JOSE CARLOS DOMINGUEZ GARZON,,,1,cafe,,12345678,
571,María Gamiz,,,1,cafe,,12345678,
572,Traore St hamed,,,1,cafe,,12345678,
573,Toñi Alcazar,,,1,cafe,,12345678,
574,Manuel Rodriguez,,,1,cafe,,12345678,
575,anonimo jaen,,,2,restaurant,1.0,12345678,
576,Teresa Bayona,,,1,restaurant,1.0,12345678,
577,Rafael Gómez Rubio (Ramez),,,5,bar|restaurant,1.0,12345678,
578,Baldomero Merino,,,1,restaurant,,12345678,
579,Enrique Poyatos,,,1,restaurant,1.0,12345678,
580,Miguel Martínez,,,4,bar|restaurant,1.0,12345678,
581,Alfredo Cubillas Polo,,,2,bar|restaurant,2.0,12345678,
582,Lola Super Lola,,,1,restaurant,,12345678,
583,María Fernández Lomas,,,1,restaurant,,12345678,
584,Liyuma,,,1,bar,1.0,12345678,
585,Ignacio Fernandez,,,2,bar|restaurant,1.0,12345678,
586,Cristina,,,8,restaurant|bar|cafe,1.8,12345678,
586,Cristina,,,8,restaurant|bar|cafe,1.8,12345678,
586,Cristina,,,8,restaurant|bar|cafe,1.8,12345678,
587,Gema Gallo,,,1,bar,,12345678,
588,Javi Arteon,,,4,bar|cafe,2.0,12345678,
589,Julian Valenzuela,,,1,bar,,12345678,
590,María Carrillo Alonso,,,1,bar,,12345678,
591,Jose Manuel Bayona Garcia,,,1,bar,,12345678,
592,SaC,,,1,bar,1.0,12345678,
593,juan Lozano,,,1,bar,1.0,12345678,
594,Lluis Rucabado,,,1,bar,1.0,12345678,
595,Maria Dolores Gonzalez Guzman,,,1,bar,1.0,12345678,
596,Carlos Miranda,,,2,bar,1.0,12345678,
597,Edel,,,1,bar,1.0,12345678,
598,Gran Silaco,,,2,bar,1.0,12345678,
599,Marcos Yeray,,,1,bar,,12345678,
600,Mikel As Wood,,,7,bar|restaurant,1.33,12345678,
601,Vicente M. Pla Cano,,,1,bar,1.0,12345678,
602,DAVID MATALLIN,,,1,bar,1.0,12345678,
603,El Leon y yo,,,4,bar|cafe|restaurant,1.25,12345678,
604,Inma,,,2,restaurant,,12345678,
605,Gemma Val,,,1,bar|restaurant,,12345678,
606,Andres Zafra,,,0,,,12345678,
607,Sandra Callejon Fer,,,0,,,12345678,
608,Diego Rodriguez Fernandez,,,0,,,12345678,
609,Fernando Peregrin,,,2,bar|restaurant|cafe,1.0,12345678,
610,Alberto Moreno,,,2,bar|restaurant,1.5,12345678,
611,Miguel Pellejero León,,,1,bar|restaurant,1.0,12345678,
612,Andrés Del Moral,,,9,restaurant|bar|meal_takeaway,1.2,12345678,
613,Se. Uve.,,,2,restaurant|bar,1.5,12345678,
614,Verónica Jorquera Márquez,,,0,,,12345678,
615,Paco García,,,1,night_club,,12345678,
616,FRANCISCO JAVIER SIMARRO MARTOS,,,0,,,12345678,
617,Iván Rueda,,,0,,,12345678,
618,Eloy Sánchez Caballero,,,1,bakery,1.0,12345678,
619,javier santiago,,,2,bakery|bar|restaurant,1.0,12345678,
620,pedro javier gonzalez,,,3,bar|restaurant|bakery,1.0,12345678,
621,Elsy.26,,,3,bakery|bar|restaurant,1.0,12345678,
622,Nuria García,,,1,bar,1.0,12345678,
623,llanni89,,,2,bar|restaurant,1.0,12345678,
624,Luis LINDE,,,9,restaurant|bar|cafe,1.62,12345678,
625,Gustavo Soriano,,,1,bar,1.0,12345678,
626,Patricia Díaz,,,4,restaurant|bar,2.33,12345678,
627,Duna Durum,,,1,bar|cafe|restaurant,1.0,12345678,
628,Luis Rodríguez Sánchez,,,3,restaurant|bakery|bar,1.0,12345678,
629,Alexa W Atencia,,,1,bar|cafe|restaurant,1.0,12345678,
630,Francisco Moreno Martinez,,,1,restaurant,2.0,12345678,
631,Jero Planton,,,2,restaurant|cafe,2.0,12345678,
632,Andres T,,,1,restaurant,2.0,12345678,
633,manuel garcia lirio,,,1,restaurant,2.0,12345678,
634,Antonio Serrano (Drillmac 635920824),,,1,restaurant,2.0,12345678,
635,carla gomez,,,1,restaurant,,12345678,
636,Diego Seco de Herrera,,,1,restaurant,,12345678,
637,Pedro Cayon Armendariz,,,1,restaurant,1.0,12345678,
638,Marian Cortés,,,1,restaurant,,12345678,
639,Carlos Catalán Marin,,,0,,,12345678,
640,Eduardo Solaz Serrano,,,0,,,12345678,
641,Maria Dolores Barajas Bayona,,,4,bar|restaurant|meal_takeaway,,12345678,
642,josefa vico leon,,,0,,,12345678,
643,Pilar Torres García,,,0,,,12345678,
644,Yesenia Suárez,,,1,bar|restaurant,,12345678,
645,aaron,,,1,bar|restaurant,,12345678,
646,Jesus Paino,,,1,bar|restaurant,1.0,12345678,
647,Rocio Medina Del ARBOL,,,1,bar|restaurant,1.0,12345678,
648,Tomas Serrano Serrano,,,1,bar|restaurant,1.0,12345678,
649,Juanlu Fernández,,,3,bar|cafe,1.0,12345678,
650,Paurocky22,,,1,cafe,1.0,12345678,
651,Patrícia Rodriguez Moyano,,,1,cafe,1.0,12345678,
652,José Rodríguez,,,1,cafe,,12345678,
653,Susana M,,,1,cafe,,12345678,
654,FRANCISCO JAVIER SALAS RUIZ,,,1,bar|restaurant,1.0,12345678,
655,Hugo Martin Merino,,,1,bar|restaurant,,12345678,
656,abraham Manzanera López,,,1,bar|restaurant,1.0,12345678,
657,Ana Garcia,,,2,restaurant|meal_takeaway,1.0,12345678,
658,Jose Manuel Serrano Castro,,,2,bar|meal_takeaway|restaurant,,12345678,
659,Lucia Galiano rubio,,,1,meal_takeaway|restaurant,,12345678,
660,Maria Gallardo Anguita,,,1,meal_takeaway|restaurant,,12345678,
661,Francisco Jose Barrionuevo Sánchez,,,1,bar,1.0,12345678,
662,Pedro Amezcua Martínez,,,2,bar|restaurant,1.0,12345678,
663,Salvah Martos,,,1,bar,1.0,12345678,
664,Norberto Alende Barros,,,1,bar,1.0,12345678,
665,Alberto Del pino,,,1,bar,1.0,12345678,
666,JUAN MANUEL MUÑOZ GUTIERREZ,,,1,bar,,12345678,
667,Jose Miguel Mohedano Perez,,,1,bar,,12345678,
668,Manuel Garcia,,,5,bar|restaurant,1.75,12345678,
668,Manuel Garcia,,,5,bar|restaurant,1.75,12345678,
669,Josefa Jimenez martinez,,,1,bar,,12345678,
670,Carlimium56,,,2,bar|restaurant,1.0,12345678,
671,FPL Store,,,1,restaurant,,12345678,
672,Mario López Roa,,,1,restaurant,,12345678,
673,Isabel FP,,,1,restaurant,,12345678,
674,Juan Francisco Vico pedregosa,,,1,restaurant,,12345678,
675,Diego Rios,,,1,bar,,12345678,
676,pedro jurado,,,1,bar,,12345678,
677,Victoria Murillo,,,1,restaurant,,12345678,
678,Maricarmen Rodríguez Contreras,,,1,restaurant,,12345678,
679,Maria Díaz,,,1,restaurant,,12345678,
680,tonmaron 74,,,1,restaurant,1.0,12345678,
681,Cristina Gonzalez Arbol,,,1,night_club,,12345678,
682,La lagartija azul Detail center,,,1,night_club,,12345678,
683,Francisco javier,,,4,bar|night_club|restaurant,2.0,12345678,
684,Natalia Carrascosa,,,3,bar|restaurant,1.67,12345678,
685,Honorio Castillo Ocaña,,,1,restaurant,1.0,12345678,
686,Lola Díaz,,,1,restaurant,1.0,12345678,
687,juan carlos triguero molina,,,1,restaurant,1.0,12345678,
688,antonio martinez,,,3,bar|restaurant,1.0,12345678,
689,Paco Aceituno,,,0,,,12345678,
690,Helena,,,2,restaurant,2.0,12345678,
691,Pedro L. Pérez Espinosa,,,1,bar,1.0,12345678,
692,Amparo Bonilla Espinosa,,,0,,,12345678,
693,Rafael Torres Ramos,,,1,bar,1.0,12345678,
694,Rosa Lara,,,1,bar,,12345678,
695,Luis Zacarías Córdoba,,,1,bar,1.0,12345678,
696,José Manuel Pombo Rodriguez,,,1,bar,1.0,12345678,
697,Marta Marin,,,1,bar,,12345678,
698,MelonFace DFN,,,1,restaurant,1.0,12345678,
699,Antonio Expósito,,,1,restaurant,,12345678,
700,santi,,,2,cafe|restaurant,1.0,12345678,
701,Oscar Puerto,,,7,bar|restaurant|cafe,1.25,12345678,
702,Mari Carmen Martinez,,,1,restaurant,,12345678,
703,Rocio Plaza,,,1,bakery,,12345678,
704,maria salazar,,,1,bakery,,12345678,
705,Alex Bora,,,1,bakery,,12345678,
706,Mari José Hernández Espinosa,,,2,bakery|bar,,12345678,
707,Francisco Arco Lozano,,,1,bakery,,12345678,
708,José Cabrera,,,1,bar,,12345678,
709,Guille Castro,,,1,bar,1.0,12345678,
710,El Vivo,,,2,bar,1.0,12345678,
711,Irene Perez Moreno,,,1,bar,,12345678,
712,Alvaro,,,6,bar|bakery|restaurant,1.0,12345678,
713,Marta Baeza,,,1,bar,,12345678,
714,Vanesa Lopez,,,1,bar,,12345678,
715,Abraham Alvarez,,,1,bar,,12345678,
716,Francesc Perez i Torres,,,1,bakery,1.0,12345678,
717,JOSE ANTONIO ROMAN TORRES,,,1,bakery,,12345678,
718,santiago mp,,,1,bakery,1.0,12345678,
719,Francisco Lara Garrido,,,1,bakery,1.0,12345678,
720,Daniel González Melero,,,1,meal_takeaway|restaurant,,12345678,
721,Miguel Fernández Garzón,,,1,meal_takeaway|restaurant,,12345678,
722,Juanma Gila,,,1,meal_takeaway|restaurant,,12345678,
723,Gabriel Arroyo Rama,,,2,restaurant|meal_takeaway,1.0,12345678,
724,Abel Durán Guerrero,,,1,meal_takeaway|restaurant,,12345678,
725,Jonathan Tejada,,,1,bar,,12345678,
726,minerva malpica,,,2,bar|restaurant,,12345678,
727,REYES SANCHEZ,,,1,bar,,12345678,
728,Antonio Romero Muros,,,1,bar,,12345678,
729,Jose Mendoza,,,1,bar,,12345678,
730,Juan Antonio Moscoso Senciales,,,1,bar,1.0,12345678,
731,Manuel Lara Espinosa,,,1,bar,1.0,12345678,
732,ROSA M MARIN SANCHEZ,,,1,bar,,12345678,
733,Julia Fernández,,,1,night_club,,12345678,
734,Carolina Gallego aguila,,,1,night_club,,12345678,
735,Manuel Molina Parra,,,1,night_club,,12345678,
736,Sara Peña Carrillo,,,1,night_club,,12345678,
737,Esperanza EJ,,,1,night_club,,12345678,
738,Helena Vidarte,,,1,restaurant,2.0,12345678,
739,Caridad Cobo ojeda,,,1,restaurant,2.0,12345678,
740,Rosa Quesada P.,,,1,restaurant,2.0,12345678,
741,GmdlF,,,1,restaurant,2.0,12345678,
742,Juan Manuel Jaenes,,,1,restaurant,2.0,12345678,
743,Sergio Martos,,,4,cafe|restaurant|bar,1.0,12345678,
744,Jesús E.,,,3,restaurant|bar,2.33,12345678,
745,María José López Lara,,,1,restaurant,2.0,12345678,
746,Rosa María,,,2,bar|restaurant,1.5,12345678,
747,Celia Rodríguez,,,1,restaurant,2.0,12345678,
748,antonio hernandez,,,2,bar|restaurant,,12345678,
749,Antonio Hernández,,,2,bakery|restaurant,,12345678,
750,Antonio Vega,,,1,restaurant,1.0,12345678,
751,Daniel H7,,,1,restaurant,,12345678,
752,Javier Capacete,,,1,restaurant,1.0,12345678,
753,Chris Mathews,,,1,bar,,12345678,
754,Elisaveta Nikolova,,,4,restaurant|bar,2.5,12345678,
755,Eva,,,3,bar|restaurant,1.5,12345678,
756,Fernando Yusta,,,1,bar,,12345678,
757,Javier B,,,1,bar,,12345678,
758,Juan C S,,,1,bar,,12345678,
759,jose manuel avila,,,1,bar,,12345678,
760,Alejandro gonzalez,,,2,bar,,12345678,
761,Alejandro Gonzalez Perez,,,1,bar,,12345678,
762,Carlos Ibáñez,,,3,restaurant|bar|pub,2.0,12345678,
763,Andres Jesus Sanchez Cortes,,,1,bar,,12345678,
764,Manu,,,1,bar,,12345678,
765,Sonia Ferrero,,,1,bar,,12345678,
766,Natalia Rufian Lopez,,,1,bar,,12345678,
767,Marta Ibanez Garcia,,,1,bakery,,12345678,
768,Alejandro Urrabieta Montes,,,1,bakery,,12345678,
769,Jordi Delgado,,,1,bakery,,12345678,
770,Roman Eloy Jimenez Ruiz,,,1,bakery,,12345678,
771,lourdes rosa,,,1,bakery,,12345678,
772,francisco sanchez navero,,,1,bar,1.0,12345678,
773,Carmrn Maria Romera Rufian,,,1,bar,1.0,12345678,
774,Candido Serrano Ortiz,,,1,bar,1.0,12345678,
775,silverio caballero,,,1,bar,1.0,12345678,
776,Pedro Pablo Artero Jimenez,,,3,bar|restaurant|cafe,1.0,12345678,
777,Miriam O.,,,1,bar|cafe|restaurant,1.0,12345678,
778,ADVENTUESTER,,,1,bar|cafe|restaurant,1.0,12345678,
779,Zpl,,,3,restaurant|bar|cafe,2.0,12345678,
780,malagueño,,,0,,,12345678,
781,Jose Antonio Perez,,,0,,,12345678,
782,Amelia García Cara,,,0,,,12345678,
783,Sgc,,,0,,,12345678,
784,Maria M D,,,0,,,12345678,
785,Alba Sánchez Ortiz,,,1,restaurant,,12345678,
786,Jose Espinar,,,1,restaurant,,12345678,
787,Jesic Nuñez,,,1,restaurant,1.0,12345678,
788,Jes De,,,1,restaurant,1.0,12345678,
789,jaime ruiz,,,1,bakery,,12345678,
790,jose aguilar,,,1,bakery,,12345678,
791,Jessica Pastor,,,2,bakery,,12345678,
792,Karol Cortes,,,1,bakery,,12345678,
793,pablo almendros,,,1,bakery,,12345678,
794,Alfonso Chico,,,2,bakery|bar,1.0,12345678,
795,Espi,,,3,bakery|Bar restaurante,2.0,12345678,
796,Rosa Martínez Tuñón,,,1,bakery,,12345678,
797,Javier Diaz Almagro,,,1,bakery,,12345678,
798,Manu Molina Almagro,,,1,bakery,,12345678,
799,Victoria Cuadra,,,1,bakery,,12345678,
800,Juan Salas,,,4,restaurant|bar|cafe,1.33,12345678,
801,Abel Segovia Sánchez,,,7,restaurant|bar|cafe,1.0,12345678,
802,Paco Pérez,,,1,restaurant,1.0,12345678,
803,Luis Polonio Martinez,,,1,restaurant,1.0,12345678,
804,Jesus Cardenas,,,1,restaurant,1.0,12345678,
805,Santxiko “Bardeak” Errota,,,1,restaurant,,12345678,
806,LEGOBY FERNANDEZ,,,1,restaurant,,12345678,
807,Guille Vico,,,1,restaurant,,12345678,
808,conrad herrero,,,1,restaurant,,12345678,
809,Sergio M,,,1,restaurant,,12345678,
810,Javier Allemart,,,12,bar|restaurant|cafe,1.0,12345678,
811,Elena Cruz Ramiro,,,1,restaurant,1.0,12345678,
812,Pedro López,,,5,restaurant|bar|meal_delivery,1.33,12345678,
813,Daniel Alcala Lorenzo,,,1,restaurant,1.0,12345678,
814,N LS,,,1,restaurant,1.0,12345678,
815,marrero manuela,,,1,restaurant,1.0,12345678,
816,Diego Garcia,,,1,restaurant,1.0,12345678,
817,Noelia Moreno Ger,,,1,restaurant,1.0,12345678,
818,jose luis benegas,,,0,,,12345678,
819,veronica anguita,,,0,,,12345678,
820,Irene Trapero Muro,,,0,,,12345678,
821,J. Martinez,,,0,,,12345678,
822,Antonio Francisco Garrido Lopez,,,3,restaurant|bar|cafe,1.5,12345678,
823,Gema Rodriguez Lendinez,,,1,bar,,12345678,
824,Anika,,,4,bar|restaurant,1.0,12345678,
825,rocio moreno,,,1,bar,1.0,12345678,
826,Francisco Millán Arias,,,1,bar,1.0,12345678,
827,Ángel I,,,3,bar|cafe|liquor_store,1.5,12345678,
828,Javi Zafra,,,10,restaurant|bar|Bar,1.67,12345678,
829,Jose Luis Saez,,,1,bar|cafe|liquor_store,,12345678,
830,Javier Alcalde,,,1,bar|cafe|liquor_store,1.0,12345678,
831,Antonio Parras,,,0,,,12345678,
832,clemencio Higueras,,,0,,,12345678,
833,Lucia Colmenero,,,0,,,12345678,
834,Mendi perez,,,0,,,12345678,
835,Subi,,,0,,,12345678,
836,Adrián Sánchez Valls,,,1,bar,1.0,12345678,
837,familia Alias,,,1,bar,1.0,12345678,
838,MARIA JOSE PERO PONS,,,1,bar,1.0,12345678,
839,Pepe Díaz alcalde,,,1,bar,1.0,12345678,
840,Mercedes Jiménez,,,1,bakery,,12345678,
841,Sara Quintana,,,1,bakery,,12345678,
842,Famili Sánchez,,,1,bakery,,12345678,
843,David Gómez Heredia,,,1,bakery,,12345678,
844,Monica Higueras,,,2,bakery|bar,1.0,12345678,
845,David Casta,,,4,restaurant|bar|cafe,1.0,12345678,
846,Francisco Romero,,,4,restaurant,2.0,12345678,
847,Jose Hidalgo,,,1,restaurant,,12345678,
848,Manuel Cobo Lopez,,,2,bar|restaurant,,12345678,
849,Caballero_De_Ren,,,1,cafe,1.0,12345678,
850,Alejandro Castro Tovar,,,2,bar|cafe,1.5,12345678,
851,Gema Luque Chica (Muchi),,,1,cafe,1.0,12345678,
852,Lorena González,,,2,Bar|cafe,1.0,12345678,
853,Javier Colomo,,,1,bar,1.0,12345678,
854,Ricardo Ruiz Nicás,,,1,bar,1.0,12345678,
855,Joaquin Bautista,,,2,cafe|restaurant,2.0,12345678,
856,Raul Martos Bermudez,,,1,cafe,,12345678,
857,R.M,,,1,cafe,,12345678,
858,Celia Cañadas Araque,,,1,bar,1.0,12345678,
859,Diego García Vázquez,,,1,bar,1.0,12345678,
860,kilauea aeualik,,,1,bar,1.0,12345678,
861,Marce Medina,,,1,bar|restaurant,1.0,12345678,
862,PL abril,,,1,bar|restaurant,1.0,12345678,
863,Mujeres Palante,,,1,bar|restaurant,1.0,12345678,
864,Fran Aguirre Pulgar,,,2,bar|restaurant,1.0,12345678,
865,Enrique Martin,,,1,bar,,12345678,
866,Yuna Dorcha,,,1,cafe|restaurant,,12345678,
867,Markus 2.0,,,1,cafe|restaurant,,12345678,
868,SRSR,,,3,bakery|bar|cafe,,12345678,
869,Rubén Hinojosa Calvo,,,1,cafe|restaurant,,12345678,
870,Maik,,,1,bakery,,12345678,
871,María Dolores Moreno Cabrera,,,1,bakery,,12345678,
872,ANGELES Guanta,,,1,bakery,,12345678,
873,Jose Angel Moreno,,,1,bakery,,12345678,
874,Silvia Carrillo Higueras,,,1,bakery,,12345678,
875,LIDIA GARCIA,,,1,bar,,12345678,
876,JUAN ALCALDE,,,1,bar,,12345678,
877,Eduardo,,,10,restaurant|bar|cafe,2.2,12345678,
877,Eduardo,,,10,restaurant|bar|cafe,2.2,12345678,
878,Juan Miguel Cruz Fernandez,,,1,bar,,12345678,
879,Angel Diaz Córdoba,,,1,bakery,,12345678,
880,Bea Millán,,,1,bakery,,12345678,
881,J. M. Cabrera,,,1,bakery,,12345678,
882,D23 Pods,,,1,bakery,,12345678,
883,jordi Zafra García,,,1,bar|cafe,1.0,12345678,
884,Antonio Higueras,,,1,bar|cafe,1.0,12345678,
885,pedro j g.g.,,,1,bar|cafe,,12345678,
886,Maribel Lopez lerida,,,5,restaurant|bar,2.5,12345678,
887,Juanjo Hernández,,,1,bar|restaurant,2.0,12345678,
888,Cristina Martos,,,1,bar|restaurant,2.0,12345678,
889,José Cuadrado,,,1,bar|restaurant,,12345678,
890,Angel Rodríguez Jiménez,,,1,bar|restaurant,2.0,12345678,
891,Lidia,,,1,restaurant,1.0,12345678,
892,Ali GLM,,,1,restaurant,,12345678,
893,La unión hace la fuerza,,,1,restaurant,1.0,12345678,
894,Ignacio Ortiz,,,1,restaurant,1.0,12345678,
895,Roberto Muñoz,,,1,restaurant,,12345678,
896,Inma CP,,,0,,,12345678,
897,Ainoa Martín Méndez,,,0,,,12345678,
898,Leonor Gallardo,,,0,,,12345678,
899,carmen marton,,,0,,,12345678,
900,Carlos Parra Navarro,,,0,,,12345678,
901,2Ti TrON,,,0,,,12345678,
902,I. JD,,,0,,,12345678,
903,Ines Gandia,,,1,bar|cafe|restaurant,,12345678,
904,serafin Matito,,,0,,,12345678,
905,Patri Candela,,,1,bar|restaurant,1.0,12345678,
906,Carlos Sanchez,,,1,bar|restaurant,1.0,12345678,
907,Patrycia M.,,,2,bar|restaurant,1.0,12345678,
908,Almudena Pérez,,,1,bar|restaurant,1.0,12345678,
909,jose enrique bernabe zuñiga,,,1,bar|restaurant,1.0,12345678,
910,Miche Gaia,,,0,,,12345678,
911,Casa Rural El Olivar,,,0,,,12345678,
912,Pablo Vicente Herrero,,,1,bakery,1.0,12345678,
913,Elena Lopez Fernandez,,,0,,,12345678,
914,Natalia Barón,,,0,,,12345678,
915,Tomás Gonzalez,,,1,restaurant,1.0,12345678,
916,Marcos Moltó Niñoles,,,1,restaurant,1.0,12345678,
917,Pepeperez63,,,1,restaurant,1.0,12345678,
918,Mariangeles herrero garcia,,,2,bar|restaurant,1.0,12345678,
919,Alvaro Vallejos Martin,,,8,restaurant|bar|cafe,1.33,12345678,
920,Tomas,,,1,restaurant,,12345678,
921,Helitas PM,,,1,restaurant,,12345678,
922,Adrián “AdriWas18” Torres,,,1,restaurant,,12345678,
923,Rocío Garcia,,,1,restaurant,,12345678,
924,Laura LG,,,1,restaurant,,12345678,
925,Alvaro Canteiro,,,3,'miércoles': '7:00–15:00'|bakery|restaurant,1.5,12345678,
926,Maria Antonia Rodríguez Rey,,,1,bakery,1.0,12345678,
927,rosario Gallardo Casares,,,1,bakery,,12345678,
928,Carlos Espain,,,1,bakery,1.0,12345678,
929,AnaB Beauty,,,1,bar|restaurant,1.0,12345678,
930,migueldebadia,,,1,bar|restaurant,1.0,12345678,
931,Javier Soler Aguilar,,,1,bar|restaurant,1.0,12345678,
932,Esperanza Morales,,,1,bar|restaurant,1.0,12345678,
933,Rafa MB,,,1,bar|restaurant,1.0,12345678,
934,Emili Santos,,,2,bar|restaurant,1.0,12345678,
935,Esther,,,2,bar|restaurant,1.0,12345678,
936,Adolfo Farrujia,,,1,bar|restaurant,,12345678,
937,Miguel González,,,1,bar|restaurant,1.0,12345678,
938,Maravillas Martinez Lasheras,,,1,bar,1.0,12345678,
939,Gerard NR,,,1,bar,1.0,12345678,
940,MAUDILIO GAMEZ CRUZ,,,1,bar,1.0,12345678,
941,Miriam Rabanal Ibanez,,,1,bar,,12345678,
942,Oscar Romero,,,1,bar|cafe|restaurant,,12345678,
943,Jordi P p,,,1,bar|cafe|restaurant,,12345678,
944,Sara Barba,,,1,bar|cafe|restaurant,,12345678,
945,Rocio Morla Garcia,,,1,bar|cafe|restaurant,,12345678,
946,Alvaro Garcia,,,1,bakery,,12345678,
947,Alberto Barón Zamora,,,1,bakery,,12345678,
948,Miguel Angel Fuertes,,,1,bakery,,12345678,
949,josealirola,,,1,bakery,,12345678,
950,Paula Rojo Avilés,,,1,bakery,,12345678,
951,winy,,,1,bar,1.0,12345678,
952,Susana Sanchez,,,1,bar,1.0,12345678,
953,Rafael Bustos Moreno (Rafa),,,1,bar,1.0,12345678,
954,Juanmaestrillo,,,1,bar,1.0,12345678,
955,Paula López,,,1,bar,,12345678,
956,MAITE FERNANDEZ MEZCUA,,,1,bakery,,12345678,
957,Miguel G,,,1,bakery,,12345678,
958,María Romero,,,1,bakery,,12345678,
959,Noemi Calderón Ibáñez,,,1,bakery,,12345678,
960,Cindia Gomez,,,1,bakery,,12345678,
961,Groko Klimakrise,,,2,bar|cafe|restaurant,2.0,12345678,
962,EDUARDO LUQUE,,,1,bar|cafe,1.0,12345678,
963,Giso TG,,,1,bar|cafe,1.0,12345678,
964,Kathy Sierra,,,1,bar|cafe,1.0,12345678,
965,Elena Caparros,,,1,cafe,,12345678,
966,Feliz Muñoz,,,1,cafe,,12345678,
967,juan pedro perez cifuentes (jikobo),,,1,cafe,,12345678,
968,Pepe galera,,,1,cafe,,12345678,
969,Marien Fernández Martínez,,,1,bakery,1.0,12345678,
970,Maria Miras Sosa,,,2,bakery,1.0,12345678,
971,Raúl Sanz Horta,,,1,bakery,1.0,12345678,
972,Noelia Fernandez,,,2,bakery|bar|cafe,1.0,12345678,
973,Gema Recio,,,1,bakery,1.0,12345678,
974,Joma,,,1,bar,1.0,12345678,
975,Joso Fernandez,,,1,bar,1.0,12345678,
976,ismael moreno amer,,,1,bar,,12345678,
977,Xavi Jaguar Espartano,,,2,bakery|bar,1.0,12345678,
978,maria Monge Garcia,,,1,bar,1.0,12345678,
979,Naj A,,,1,restaurant,,12345678,
980,laura ruiz martinez,,,1,restaurant,,12345678,
981,Jordi T,,,1,restaurant,,12345678,
982,Mams Megh,,,1,restaurant,,12345678,
983,Agustín,,,1,bakery,,12345678,
984,Moises Guevara,,,1,bakery,,12345678,
985,Jorge,,,10,restaurant|bar|bakery,1.17,12345678,
986,maria carmen edjo leorza,,,1,restaurant,,12345678,
987,Barbara Flores,,,1,restaurant,,12345678,
988,Cesar,,,2,restaurant|bar|meal_delivery,,12345678,
989,Jose Maria Carmona,,,1,restaurant,,12345678,
990,Lidia Garcia,,,0,,,12345678,
991,Fran Toledo,,,0,,,12345678,
992,Izan,,,0,,,12345678,
993,Emiliano Arocas,,,0,,,12345678,
994,inma megias,,,0,,,12345678,
995,Carmen Rueda,,,18,restaurant|bar,1.64,12345678,
996,Victoria EUGENIA Gonzalez,,,1,restaurant,,12345678,
997,inma seglar,,,1,restaurant,,12345678,
998,LITO GARCIA VALENZUELA,,,2,bar|restaurant,1.0,12345678,
999,JUAN JOSE JIMENEZ,,,1,restaurant,,12345678,
1000,Esther Fernandez,,,2,bar|restaurant,1.5,12345678,
1001,Adela Padilla Padilla,,,2,cafe|restaurant,1.0,12345678,
1002,AGAPITA AGA,,,1,restaurant,1.0,12345678,
1003,JOSECHU Úbeda Trekking,,,4,restaurant|bar,1.33,12345678,
1004,Susana Luzon,,,1,bar,1.0,12345678,
1005,Raúl Craviotto villegas,,,1,bar,1.0,12345678,
1006,ana quintero martinez,,,1,bar,1.0,12345678,
1007,Retnay,,,1,bar,1.0,12345678,
1008,Maria Martinez Fernandez,,,1,bakery,,12345678,
1009,Marcial C.B.,,,1,bakery,,12345678,
1010,antonio alvarez cabrerizo,,,1,bakery,,12345678,
1011,Patri GR,,,1,bakery,,12345678,
1012,Lourdes Muñoz García,,,1,bakery,,12345678,
1013,Juan Guidú Garrido,,,1,bar,1.0,12345678,
1014,Mireia Portero,,,1,bar,1.0,12345678,
1015,Lucia Justicia Gomez,,,1,bar,1.0,12345678,
1016,Cristina Navarro,,,1,cafe,,12345678,
1017,Laura Berjaga Floro,,,1,cafe,,12345678,
1018,HILARIO FERNANDEZ EGEA,,,1,cafe,,12345678,
1019,Jesus Lopez,,,2,cafe,1.0,12345678,
1020,Paco G. Marmol,,,3,bar|cafe,1.5,12345678,
1021,Miguel Blanco rodriguez,,,1,bar,,12345678,
1022,Javierantonio Cano Jimenez,,,1,bar,,12345678,
1023,Cesar Lopez Pajares,,,1,bar,,12345678,
1024,Manuela Litrán Gallego,,,2,bar,2.0,12345678,
1025,Estefania Sierra,,,1,cafe,,12345678,
1026,Tamara T,,,1,cafe,,12345678,
1027,sergio fernandez López,,,1,cafe,,12345678,
1028,Joaquín cátedra Fernández,,,1,cafe,,12345678,
1029,Juana Lopez Espinosa,,,1,cafe,,12345678,
1030,Juan Jose Caballero,,,1,cafe,1.0,12345678,
1031,Pedro Manuel Rojas Garcia,,,2,bar|cafe,1.0,12345678,
1032,Antonio Santoyo,,,1,cafe,1.0,12345678,
1033,Juan-K (Nsas89),,,1,bakery,,12345678,
1034,Chamarin Leiva,,,1,bakery,,12345678,
1035,Blas Fernandez,,,2,bakery|bar,,12345678,
1036,Salvador Calero,,,1,bakery,,12345678,
1037,Angel Fernández marin,,,1,bakery,,12345678,
1038,Alexia,,,1,bar,1.0,12345678,
1039,Jesus Vilchez Rodriguez,,,1,bar,,12345678,
1040,Jose Antonio Gonzalez Cano,,,1,bar,,12345678,
1041,Angel María Haro Valero,,,1,bar,,12345678,
1042,Teresa Colomé,,,1,restaurant,,12345678,
1043,motosmiguelymiguelin,,,1,bar,1.0,12345678,
1044,Alfonso Delgado,,,1,bar,1.0,12345678,
1045,KAREN SEGOVIA,,,1,bar,1.0,12345678,
1046,A Serrano,,,1,bar,1.0,12345678,
1047,Hugo Campaña Vigan,,,1,meal_takeaway|restaurant,,12345678,
1048,Manuel Jesús Sánchez Galán,,,1,meal_takeaway|restaurant,,12345678,
1049,David Fifa,,,1,meal_takeaway|restaurant,,12345678,
1050,Dido Estrella,,,1,meal_takeaway|restaurant,,12345678,
1051,Carla González,,,2,restaurant|bar|meal_takeaway,2.0,12345678,
1052,Elisabeth Ureña Blanca,,,0,,,12345678,
1053,Maria josefa García chinchilla,,,0,,,12345678,
1054,Yessi Cantero Perez,,,1,restaurant,1.0,12345678,
1055,Mari Carmen Cham,,,0,,,12345678,
1056,Dani Ortiz López,,,0,,,12345678,
1057,DJM Veredict,,,7,restaurant|bar|cafe,1.0,12345678,
1058,Antonio Castillo,,,1,restaurant,1.0,12345678,
1059,Mercedes Rojo,,,1,restaurant,,12345678,
1060,Ana I,,,1,restaurant,,12345678,
1061,Jose Maria Salas Barenys,,,1,restaurant,1.0,12345678,
1062,Mario de los Santos Flamenco,,,3,restaurant|bar|cafe,1.67,12345678,
1063,Sara Marco,,,1,bar|restaurant,2.0,12345678,
1064,su61094,,,16,restaurant|bar|Bar,2.0,12345678,
1065,María del Carmen Melgarejo Hidalgo,,,2,bar|restaurant,2.0,12345678,
1066,Ricardo Pepe Coco,,,1,bar|restaurant,,12345678,
1067,karina salazar,,,1,bar|restaurant,,12345678,
1068,Javier Recio,,,1,bar|restaurant,,12345678,
1069,Juanjo Galán,,,1,bar|restaurant,,12345678,
1070,Marta C,,,3,bar|restaurant,1.0,12345678,
1071,Berta Torregrosa Parra,,,9,bar|restaurant|cafe,1.4,12345678,
1072,Tim S.,,,9,restaurant|bar|cafe,1.5,12345678,
1073,Lucía Caño Lendínez,,,1,restaurant,,12345678,
1074,Luis Moreno,,,3,restaurant|bar,,12345678,
1075,Juan José Barraso,,,3,restaurant|bar,1.5,12345678,
1076,maria Porta,,,2,restaurant|bar,1.0,12345678,
1077,Manule :V,,,7,restaurant|bar|cafe,1.2,12345678,
1078,Maribel Frias Olmo,,,1,restaurant,,12345678,
1079,Yolanda Muñoz,,,0,,,12345678,
1080,jesus fernández aranda,,,0,,,12345678,
1081,FRANCISCO JAVIER CASTILLO OCAÑA,,,1,bakery,1.0,12345678,
1082,Maria Moreno,,,1,bar|meal_takeaway|restaurant,2.0,12345678,
1083,JO TA,,,1,restaurant,,12345678,
1084,Jaime Pizarro,,,1,bar|restaurant,2.0,12345678,
1085,Alicia Martos,,,1,bar|restaurant,2.0,12345678,
1086,FORMACIÓ DE CONDUCTORS MESVIAL,,,1,bar|restaurant,2.0,12345678,
1087,Sandra Sanz,,,2,bakery|bar|restaurant,1.5,12345678,
1088,Manuel Villar,,,1,bar|restaurant,2.0,12345678,
1089,Joan Botella,,,1,restaurant,1.0,12345678,
1090,Andrea Garcia Ruiz,,,2,restaurant,1.5,12345678,
1091,Alba R. Añon,,,1,restaurant,1.0,12345678,
1092,Laura Araque,,,1,restaurant,1.0,12345678,
1093,Bernabé Fdez,,,4,restaurant|bar,2.0,12345678,
1094,alfonsi arcos,,,4,bar|bakery|restaurant,1.0,12345678,
1095,Ben Crompton,,,1,restaurant,1.0,12345678,
1096,Jonathan Luque,,,4,bar|restaurant,1.0,12345678,
1097,Lou Galdón,,,1,restaurant,1.0,12345678,
1098,Rocio Cano,,,1,bar|restaurant,,12345678,
1099,Miguel Carrillo,,,1,bar|restaurant,1.0,12345678,
1100,cristina gonzalez,,,1,bar|restaurant,1.0,12345678,
1101,MANUEL HERNANDEZ,,,1,bar|restaurant,1.0,12345678,
1102,EC,,,1,bar|restaurant,2.0,12345678,
1103,Javier Cuenca Muñoz,,,1,bar|restaurant,2.0,12345678,
1104,SkavenXXI,,,2,Bar|bar|restaurant,,12345678,
1105,Antonia vazquez,,,1,bar|restaurant,2.0,12345678,
1106,Reinaldo Pérez,,,1,restaurant,,12345678,
1107,Paco,,,4,restaurant|bar|cafe,1.67,12345678,
1108,Carlos Ruiz,,,2,bar|restaurant,1.5,12345678,
1109,jose ocaña,,,1,restaurant,1.0,12345678,
1110,Ricardo Elgarrista,,,1,restaurant,1.0,12345678,
1111,José Antonio,,,3,bakery|bar|cafe,1.0,12345678,
1112,Lucio H,,,1,bar|restaurant,,12345678,
1113,Mairena Resta Rubio,,,1,bar|restaurant,1.0,12345678,
1114,José Manuel Maestro Fajardo,,,1,bar|restaurant,1.0,12345678,
1115,Juan carlos López López,,,1,bar|restaurant,1.0,12345678,
1116,alberto cárdenas hurtado,,,1,cafe|restaurant,1.0,12345678,
1117,Beatriz Garrido,,,4,restaurant|bar|cafe,1.0,12345678,
1118,Mery GS,,,1,bakery,,12345678,
1119,Noelia Pl. Iz.,,,1,bakery,,12345678,
1120,Laura Molina,,,1,bakery,,12345678,
1121,Eliana M. Hurtado Rivera,,,1,bar|restaurant,2.0,12345678,
1122,Abel Cao,,,1,bar|restaurant,,12345678,
1123,María de la Paz Jimenez Barquero,,,1,bar|restaurant,2.0,12345678,
1124,Alex Rodriguez,,,0,,,12345678,
1125,Beatriz bueno,,,0,,,12345678,
1126,Pedro José Reyes Cámara,,,0,,,12345678,
1127,Maria M,,,0,,,12345678,
1128,Elisa de la Rosa,,,0,,,12345678,
1129,Ruben Gómez Arrebola,,,1,meal_delivery|meal_takeaway|restaurant,,12345678,
1130,Pablo GARCIA TORRES,,,1,meal_delivery|meal_takeaway|restaurant,1.0,12345678,
1131,Rudy Gonzalez,,,1,meal_delivery|meal_takeaway|restaurant,,12345678,
1132,Raul Garcia,,,1,meal_delivery|meal_takeaway|restaurant,,12345678,
1133,Jorge Ferreira,,,1,meal_delivery|meal_takeaway|restaurant,,12345678,
1134,Almudena Fuentes,,,6,bar|restaurant,1.6,12345678,
1135,Francis Serrano,,,1,bar,2.0,12345678,
1136,Juato,,,5,restaurant|bar,2.0,12345678,
1137,David Boix,,,2,bar|restaurant,2.5,12345678,
1138,César Parra Fiallo,,,1,bar|cafe|restaurant,1.0,12345678,
1139,antonio bustos garcia,,,1,bar|cafe|restaurant,1.0,12345678,
1140,Jose Parras Sanz,,,1,bar|cafe|restaurant,1.0,12345678,
1141,Susana Garrido Jimenez,,,1,bar|cafe|restaurant,1.0,12345678,
1142,Fran Ja Navas Moreno,,,1,bar|restaurant,1.0,12345678,
1143,Angel Luis Blanco Alonso,,,1,bar|restaurant,1.0,12345678,
1144,Ana Hidalgo,,,5,bar|restaurant,1.4,12345678,
1145,Celia Cortés,,,1,restaurant,1.0,12345678,
1146,Rafael Albendin,,,1,restaurant,,12345678,
1147,Arantxa JR,,,1,restaurant,1.0,12345678,
1148,ANTONIO LUIS MARTINEZ COLMENERO,,,1,restaurant,1.0,12345678,
1149,Pedro E Merino Del Castillo,,,7,restaurant|bar|Restaurante,1.75,12345678,
1150,Salvador A. L.,,,2,restaurant|bar,,12345678,
1151,Juan Montes Yebenes,,,1,bar|restaurant,,12345678,
1152,Alvaro Jiménez,,,3,bar|restaurant,1.0,12345678,
1153,Juan Antonio Carrillo,,,1,bar|restaurant,,12345678,
1154,M.Carmen Lara Agudo,,,1,restaurant,1.0,12345678,
1155,Elena Ibáñez,,,1,restaurant,,12345678,
1156,Manuel JIMÉNEZ,,,1,restaurant,1.0,12345678,
1157,Eduardo Latorre,,,1,cafe,,12345678,
1158,Antonio Galindo Martínez,,,1,cafe,,12345678,
1159,Benji GT,,,1,cafe,,12345678,
1160,Manuel Luna Pèrez,,,1,cafe,,12345678,
1161,María del Carmen Aguilera Rufián,,,1,restaurant,,12345678,
1162,Miriam Rodríguez García,,,1,restaurant,,12345678,
1163,Lydia Vilchez Arenas,,,1,restaurant,,12345678,
1164,Carmen Gomez,,,1,restaurant,,12345678,
1165,Pemoremar,,,1,restaurant,,12345678,
1166,Jonard Niño Reniva Laguerder (Jon),,,1,restaurant,1.0,12345678,
1167,Jose maria Rios,,,5,restaurant|bar|bakery,1.0,12345678,
1168,Jose María Sanchez,,,1,restaurant,1.0,12345678,
1169,David Daza Gonzalez,,,1,restaurant,1.0,12345678,
1170,Lidia Fernandez,,,1,restaurant,,12345678,
1171,Juande,,,2,restaurant,1.0,12345678,
1172,Isabel Cano Garcia,,,2,restaurant|bar|cafe,1.0,12345678,
1173,Antonio Jesús López Alarcón,,,1,restaurant,,12345678,
1174,Hector Valentin Ubeda,,,1,restaurant,1.0,12345678,
1175,alfonso bayona rodriguez,,,1,restaurant,1.0,12345678,
1176,Oliver Atom,,,4,restaurant|bar|cafe,1.0,12345678,
1177,Ana Loplor,,,14,bar|restaurant|cafe,1.7,12345678,
1178,Lfb,,,1,bar|cafe|restaurant,1.0,12345678,
1179,Luis Garcia,,,1,bar|cafe|restaurant,,12345678,
1180,M.B L.S,,,1,bar|restaurant,,12345678,
1181,Santos,,,1,bar|restaurant,,12345678,
1182,JUAN ESTRADA,,,1,bar|restaurant,,12345678,
1183,Pepa Gómez Sánchez,,,1,bar|restaurant,1.0,12345678,
1184,Diego F.R,,,1,bar|restaurant,1.0,12345678,
1185,Quique Garcia,,,1,bar|restaurant,1.0,12345678,
1186,jose ortega martinez,,,1,bar|restaurant,1.0,12345678,
1187,mayte gonzalez,,,1,bar|restaurant,1.0,12345678,
1188,Francis Lopez,,,1,bar|restaurant,1.0,12345678,
1189,German Coca,,,2,cafe|restaurant,,12345678,
1190,Tamara Fernandez Montes,,,1,cafe,,12345678,
1191,Frank Brouwer,,,1,cafe,,12345678,
1192,Sandra,,,3,restaurant|cafe,,12345678,
1193,Ana Giner,,,1,bakery,,12345678,
1194,Juan Jesus Gomez Lopez,,,1,bakery,,12345678,
1195,Luis Diaz,,,2,bakery|bar,,12345678,
1196,Jose Núñez,,,1,bakery,,12345678,
1197,José Antonio Marín Gallego,,,1,bakery,,12345678,
1198,Luis Rus,,,1,bar,,12345678,
1199,JM S,,,1,bar,,12345678,
1200,MariTopos,,,1,bar,,12345678,
1201,Monica Pardo,,,1,restaurant,,12345678,
1202,Robert Molina,,,1,restaurant,,12345678,
1203,Irene Sanchez Hernandez,,,1,restaurant,,12345678,
1204,Sweet Luzbel,,,1,restaurant,,12345678,
1205,David Pina,,,1,restaurant,,12345678,
1206,Juan Cano Pereira,,,1,bakery,,12345678,
1207,Blas Arias Sánchez,,,1,bakery,,12345678,
1208,fran cure,,,1,bar,,12345678,
1209,C,,,2,bar|restaurant,1.0,12345678,
1210,Ana Garfi Bilbo,,,1,bar,,12345678,
1211,Manuel Molina,,,2,bar|restaurant,,12345678,
1212,micaela,,,1,restaurant,,12345678,
1213,Aragón Clima,,,1,restaurant,,12345678,
1214,Samuel Ortega,,,1,restaurant,,12345678,
1215,Mario MA,,,1,restaurant,,12345678,
1216,Francisco Jose Alfaro Perez,,,1,restaurant,,12345678,
1217,Antonio Ms,,,1,bar|restaurant,1.0,12345678,
1218,Pepe Delgado,,,5,restaurant|bar|cafe,1.75,12345678,
1219,Amarillo 89,,,8,bar|restaurant|cafe,1.0,12345678,
1220,María Cordero,,,1,bar|restaurant,1.0,12345678,
1221,Modesto Elías Arteaga,,,0,,,12345678,
1222,A. D. G.,,,0,,,12345678,
1223,César Romero,,,2,bar|cafe|restaurant,1.0,12345678,
1224,Manuel Almansa,,,0,,,12345678,
1225,Edgar Caballero,,,1,restaurant,,12345678,
1226,Antonio Serrano,,,2,Restaurante|restaurant,2.0,12345678,
1227,Melissa Zabala,,,2,bar|restaurant,1.0,12345678,
1228,Urón Classic,,,1,restaurant,,12345678,
1229,Jose Angel Elena Perez,,,1,bar,,12345678,
1230,antonio luis garrido cano,,,1,bar,,12345678,
1231,Lorena Te,,,1,bar,,12345678,
1232,Pepeelisalaura Llajim,,,1,bar,,12345678,
1233,VICENTE RODRIGUEZ JIMENEZ,,,1,bar,,12345678,
1234,Noelia Polo,,,2,restaurant|bar,1.5,12345678,
1235,Matei Stoia,,,1,bar|restaurant,1.0,12345678,
1236,lorena Sanchez,,,1,bar|restaurant,1.0,12345678,
1237,MD OC,,,1,bar|restaurant,,12345678,
1238,Ra SM,,,2,bar|restaurant,1.5,12345678,
1239,Carmen Carnero Fernández,,,1,bar|restaurant,1.0,12345678,
1240,Andelacruz,,,3,bar|Restaurante|restaurant,1.0,12345678,
1241,David F.,,,1,bar|restaurant,,12345678,
1242,R2000,,,9,restaurant|bar|cafe,1.43,12345678,
1243,Eduardo de Prado,,,1,cafe,1.0,12345678,
1244,Rocío Bueno,,,1,cafe,,12345678,
1245,JORDI KORE,,,1,restaurant,,12345678,
1246,Rocío Díaz,,,1,restaurant,,12345678,
1247,Juan de Dios Santos Bueno,,,1,restaurant,,12345678,
1248,Fran Ramirez Cueva,,,2,restaurant|bar,1.0,12345678,
1249,LUIS LOPEZ MARTINEZ,,,1,bakery,1.0,12345678,
1250,Paqui Quesada Sanchez,,,2,bakery|bar,1.0,12345678,
1251,Rafael Fernandez Guzman,,,1,bakery,1.0,12345678,
1252,Andres Martinez,,,2,bakery|restaurant,1.5,12345678,
1253,Ruben Salazar Quesada,,,1,bakery,1.0,12345678,
1254,Desirée Salcedo Díaz,,,1,bakery,,12345678,
1255,José María Torres,,,1,bakery,,12345678,
1256,Jose Luis Jaraices Rivera,,,1,bakery,,12345678,
1257,Lorenzo Morillas,,,1,bar,,12345678,
1258,Jessica Arias,,,1,bar,,12345678,
1259,Juan José Martínez,,,2,bar|restaurant,,12345678,
1260,Francisco Fernández Navas,,,1,bar,,12345678,
1261,Alejandro Gutierrez Recio,,,1,bar,,12345678,
1262,Miriam Flores Garcia,,,1,bar,1.0,12345678,
1263,Eduardo Poveda,,,1,bar,1.0,12345678,
1264,Javier Perea Gallego,,,1,bar,1.0,12345678,
1265,Javier Cruzado,,,1,bar,1.0,12345678,
1266,ana reche perez,,,1,bar,1.0,12345678,
1267,Alejandro Primero De España,,,0,,,12345678,
1268,AJ CRuZ,,,0,,,12345678,
1269,Jose Cruz,,,0,,,12345678,
1270,Maite Rivera,,,0,,,12345678,
1271,Dori,,,0,,,12345678,
1272,Alejandro Cordero,,,1,bar,,12345678,
1273,ANTONIO SOARE,,,1,bar,,12345678,
1274,JOM,,,1,bar,,12345678,
1275,GEMA RUIZ DIAZ MARIBLANCA,,,1,bar,,12345678,
1276,Celia Yeguas Marroquino,,,1,bar,,12345678,
1277,JULIAN PEREZ FRANCO,,,1,bar|night_club,,12345678,
1278,Jose Luis Sanchez,,,3,bar|night_club,1.5,12345678,
1279,Pedro Fernández,,,1,bar|night_club,,12345678,
1280,José Antonio Agudo Jiménez,,,1,bar|night_club,,12345678,
1281,Angel Saeta,,,1,bar|night_club,,12345678,
1282,Antonio Robles,,,1,bar,1.0,12345678,
1283,alberperea,,,2,Bar|bar,1.0,12345678,
1284,juan,,,7,bar|restaurant,1.86,12345678,
1285,Amigo del AIRSOFT,,,1,bar,1.0,12345678,
1286,Maite Monente,,,1,bar,1.0,12345678,
1287,Antonio Bueno Lechuga,,,1,bar,,12345678,
1288,Daniel Esparza,,,1,bar,,12345678,
1289,Álvaro Saavedra Pérez,,,8,restaurant,2.33,12345678,
1290,Xtre Gongora,,,2,restaurant,1.5,12345678,
1291,Luis Alvarez,,,2,restaurant|bar,2.0,12345678,
1292,Emilio Martín Olalla,,,1,restaurant,2.0,12345678,
1293,AINHOA,,,1,restaurant,2.0,12345678,
1294,Cåriño Von Azhar,,,6,bar|restaurant,1.25,12345678,
1295,Mercedes Moreno,,,4,bar|bakery|cafe,2.0,12345678,
1296,cristina garcia,,,2,bar|restaurant,,12345678,
1297,Lonchi Campa,,,1,bar,,12345678,
1298,Alícia Catena perez,,,1,bar,,12345678,
1299,Ramón Cobo,,,1,restaurant,1.0,12345678,
1300,Miguel S.,,,2,restaurant,1.0,12345678,
1301,Yeyoutube,,,1,restaurant,1.0,12345678,
1302,Ofelia Moral Pajares,,,1,restaurant,,12345678,
1303,Adrien Di Marine,,,1,restaurant,1.0,12345678,
1304,Antonio Muriana Perez,,,0,,,12345678,
1305,Isabel Calderón,,,0,,,12345678,
1306,Javi Martinez,,,0,,,12345678,
1307,omar mamani valencia,,,1,bar|cafe,1.0,12345678,
1308,Adrian,,,2,bar|cafe|restaurant,1.5,12345678,
1309,ERTITOANTONIOJAVIER,,,2,bar|cafe|restaurant,1.5,12345678,
1310,Ivan Fernandez,,,1,bar|cafe,1.0,12345678,
1311,Gemonxa,,,2,bar|cafe|restaurant,1.0,12345678,
1312,Sonia Alsina Alcalde,,,1,bar|restaurant,1.0,12345678,
1313,Rafael Castro,,,1,bar|restaurant,1.0,12345678,
1314,Jr Romero,,,1,bar|restaurant,1.0,12345678,
1315,N S.B,,,1,bar|restaurant,,12345678,
1316,mabi Contre,,,1,bar|restaurant,1.0,12345678,
1317,mari Abolafia,,,3,bar|night_club|restaurant,2.0,12345678,
1318,Lin Lin,,,2,bar|night_club,2.0,12345678,
1319,Josefa Cobo,,,2,bar|night_club,1.0,12345678,
1320,jesus rescalvo Rodríguez,,,1,night_club,,12345678,
1321,Manuel,,,5,restaurant|bar|night_club,2.33,12345678,
1321,Manuel,,,5,restaurant|bar|night_club,2.33,12345678,
1322,Patricia Moya,,,1,restaurant,,12345678,
1323,Maria,,,4,bar|cafe|restaurant,,12345678,
1323,Maria,,,4,bar|cafe|restaurant,,12345678,
1323,Maria,,,4,bar|cafe|restaurant,,12345678,
1324,Antonio Martinez,,,2,restaurant|meal_takeaway,,12345678,
1325,Albert Escribano García,,,1,restaurant,,12345678,
1326,juan lopez serrano,,,1,restaurant,,12345678,
1327,Fernanda lopez,,,1,meal_takeaway|restaurant,,12345678,
1328,paqui ortiz,,,1,meal_takeaway|restaurant,,12345678,
1329,Jose Quesada Merino,,,1,meal_takeaway|restaurant,,12345678,
1330,Maria Montiel,,,1,meal_takeaway|restaurant,,12345678,
1331,Sonia Moreno,,,1,meal_takeaway|restaurant,,12345678,
1332,José Miguel Jiménez,,,1,bar,1.0,12345678,
1333,antonio torres,,,1,bar,1.0,12345678,
1334,Fran Jimenez,,,2,bakery|bar|cafe,1.0,12345678,
1335,Ve Horion,,,1,bar,1.0,12345678,
1336,manolo carrillo,,,3,restaurant|bar|cafe,2.5,12345678,
1337,Rafael,,,3,bar|restaurant,3.0,12345678,
1338,Manu Serrano Gutiérrez,,,3,bakery|bar|restaurant,,12345678,
1339,Jesús Alonso,,,0,,,12345678,
1340,ana belen martinez huelves,,,0,,,12345678,
1341,Vanesa Li Bu,,,0,,,12345678,
1342,Jose Manuel Caballero Jimenez,,,0,,,12345678,
1343,Maria Carreras,,,1,bakery,,12345678,
1344,Ismael Rama Escribano,,,1,bakery,,12345678,
1345,SuperEsther,,,2,bakery|bar,2.0,12345678,
1346,Jesús Trigo Parras,,,1,bakery,,12345678,
1347,Nerea Garcia Galan,,,1,bakery,,12345678,
1348,Fermin García,,,1,bar,,12345678,
1349,julanmarga,,,1,bar,,12345678,
1350,Antonio Alonso,,,1,bar,,12345678,
1351,Francisco Javier Medina Albarrán,,,1,bar,,12345678,
1352,RMB,,,3,restaurant|bar,1.0,12345678,
1353,Juan José,,,1,bar,1.0,12345678,
1354,Gabriel Villar,,,1,bar,1.0,12345678,
1355,Esperanza Liébana Ortega,,,1,bar,1.0,12345678,
1356,Axel,,,1,bar|restaurant,,12345678,
1357,Francisco Luis Vela,,,1,bar|restaurant,,12345678,
1358,Jose Gabriel,,,1,bar|restaurant,,12345678,
1359,carlos marmeg,,,1,bar|restaurant,,12345678,
1360,its_expiro,,,1,bar|restaurant,,12345678,
1361,Rosa maria Liebana real,,,1,meal_delivery,,12345678,
1362,jorge tortajada alonso,,,2,meal_delivery|restaurant,,12345678,
1363,noelia barranco moreno,,,1,meal_delivery,,12345678,
1364,Miranda Serrano Moreno,,,1,meal_delivery,,12345678,
1365,Juan Manuel Cazalla Vela,,,1,meal_delivery,,12345678,
1366,MIGUEL DAMAS GABALDON,,,1,bar,,12345678,
1367,Antonio Luis Garrido,,,1,bar,,12345678,
1368,Jose Quiňones Lopez,,,1,bar,,12345678,
1369,Erika Plaza Cánovas,,,1,bar,,12345678,
1370,Antonio Leon Perez (Nono),,,1,cafe,,12345678,
1371,Pablo Beltran,,,1,cafe,,12345678,
1372,Andres Raszam Linde,,,1,cafe,,12345678,
1373,SerGiiTo2301 PS4,,,2,bar|cafe,,12345678,
1374,José EA,,,2,Restaurante|cafe,2.0,12345678,
1375,Tomas Quesada Martos,,,1,restaurant,,12345678,
1376,Chema Beltran,,,1,restaurant,,12345678,
1377,Eloy Damas,,,1,restaurant,,12345678,
1378,Putero 69,,,1,bakery,,12345678,
1379,TazZ99,,,1,bakery,,12345678,
1380,Daniel Vela,,,2,bar|restaurant,,12345678,
1381,Javi Vela,,,1,bar,,12345678,
1382,Danzal Danzal,,,1,bar|restaurant,2.0,12345678,
1383,Jose C Martinez,,,2,restaurant|bar,2.0,12345678,
1384,Manuel Galán Muriel,,,1,bar|restaurant,2.0,12345678,
1385,LoreS,,,2,bar|cafe|restaurant,2.0,12345678,
1386,Juan Jose Garcia Morales,,,1,bar|cafe,1.0,12345678,
1387,Trigetlop crack7798,,,2,bar|cafe,1.0,12345678,
1388,Antonio Viana Funes,,,1,bar|cafe,1.0,12345678,
1389,Javier Fuentes,,,1,bar|cafe,1.0,12345678,
1390,Manuel Morales Rufián,,,1,bar|cafe,1.0,12345678,
1391,juan estepa,,,1,bar,1.0,12345678,
1392,Sergio GC,,,1,bar,1.0,12345678,
1393,Francisco Aguilera Serrano,,,1,bar,1.0,12345678,
1394,Juan Antonio Priego Mendoza,,,1,bar,1.0,12345678,
1395,Leonardo López,,,1,restaurant,2.0,12345678,
1396,Albert Tuá,,,2,restaurant,1.5,12345678,
1397,A CT,,,1,restaurant,2.0,12345678,
1398,Néstor,,,5,restaurant|bar,1.5,12345678,
1399,Javier Artacho,,,1,restaurant,2.0,12345678,
1400,Jesús Expósito,,,1,restaurant,2.0,12345678,
1401,Mara Campos Moya,,,1,restaurant,2.0,12345678,
1402,Lucía GF,,,2,restaurant|bar,2.0,12345678,
1403,Iosu Morales,,,4,restaurant|bar,1.67,12345678,
1404,Pepe Avila Espejo,,,1,restaurant,2.0,12345678,
1405,Ainara RS,,,2,restaurant,1.0,12345678,
1406,Andy,,,10,restaurant|bar|meal_delivery,2.0,12345678,
1407,Mª Trinidad Torres Garcia,,,1,restaurant,1.0,12345678,
1408,Gabriel Rodríguez,,,1,restaurant,1.0,12345678,
1409,Francisco Bejar,,,1,restaurant,1.0,12345678,
1410,Sergio CS,,,0,,,12345678,
1411,Carmen Sanson,,,0,,,12345678,
1412,GEMA MARTINEZ RODRIGUEZ,,,0,,,12345678,
1413,Paula Flores,,,0,,,12345678,
1414,Veronica De la Casa,,,0,,,12345678,
1415,María Jesús García Torres,,,7,restaurant|bar|cafe,1.83,12345678,
1416,CRS,,,1,cafe,1.0,12345678,
1417,Rafa Molina,,,1,cafe,1.0,12345678,
1418,Loredana Beatrice Teodor,,,1,cafe,1.0,12345678,
1419,ssc,,,13,bar|restaurant|bakery,1.62,12345678,
1420,Pedro Ortega Ortiz,,,8,bar|restaurant,2.2,12345678,
1421,Jose luis Gonzalez,,,1,bar,2.0,12345678,
1422,Raul Mata Campos,,,7,restaurant|bar,1.75,12345678,
1423,Angel Luis 3D,,,1,bar,2.0,12345678,
1424,Roberto BL,,,6,restaurant|bar,2.0,12345678,
1425,Haroldo,,,1,bar,2.0,12345678,
1426,Sami A. A.,,,18,restaurant|bar|cafe,2.2,12345678,
1427,MARÍA DEL MAR DE DIOS,,,6,bar|cafe|restaurant,1.75,12345678,
1428,Pc Lm,,,2,bakery|bar,2.0,12345678,
1429,Javier Moreno nieto,,,1,bar,2.0,12345678,
1430,Emilio Fernández,,,5,bar|restaurant,1.5,12345678,
1431,francisca perez,,,1,bar|restaurant,1.0,12345678,
1432,F Javier Ballesteros,,,1,bar|restaurant,1.0,12345678,
1433,Dani DPE,,,3,bar|restaurant,1.5,12345678,
1434,Irene,,,1,restaurant,,12345678,
1435,Dante Demonheart,,,1,restaurant,,12345678,
1436,Javier Alonso,,,1,restaurant,1.0,12345678,
1437,Irene Cabanes,,,1,restaurant,,12345678,
1438,jesus villar,,,1,restaurant,,12345678,
1439,Mariola Mena,,,1,bar|restaurant,,12345678,
1440,Carlos Gálvez López,,,1,bar|restaurant,,12345678,
1441,claudia ortiz,,,1,bar|restaurant,,12345678,
1442,Almudena,,,2,restaurant|bar,,12345678,
1443,Michel CH. Moura H.,,,1,restaurant,,12345678,
1444,Yeray Salvador Jurado Exposito,,,3,restaurant|bakery|cafe,1.0,12345678,
1445,Soraya Torres,,,1,restaurant,,12345678,
1446,Soufian El Arraf,,,1,restaurant,,12345678,
1447,Sergio Teba Guerrero,,,1,bar,2.0,12345678,
1448,Beatriz Medina,,,1,bar,2.0,12345678,
1449,Pedro Pablo Laso,,,1,bar,2.0,12345678,
1450,Nikaury Chavez Dominguez,,,1,bar,1.0,12345678,
1451,Gonzalo Ukem,,,7,bar|restaurant|bakery,1.0,12345678,
1452,Moisés Sanabria García,,,1,bar,1.0,12345678,
1453,carlos Hernández,,,1,bar,1.0,12345678,
1454,Juan,,,12,restaurant|bar|bakery,1.25,12345678,
1455,surfer tripinbel,,,1,restaurant,,12345678,
1456,Trini Martínez,,,6,restaurant|bar,2.0,12345678,
1457,Ángela,,,1,restaurant,,12345678,
1458,M G,,,2,bar|restaurant,2.0,12345678,
1459,Manu 2222,,,1,restaurant,,12345678,
1460,Jose Carlos Mariscal,,,2,bakery|bar|restaurant,1.0,12345678,
1461,David Córdoba Ruiz,,,2,bar|restaurant,1.5,12345678,
1462,Vanessa,,,3,restaurant|bar,1.0,12345678,
1463,Maria Jose,,,1,bar|restaurant,1.0,12345678,
1464,Rosa Exposito,,,1,cafe,,12345678,
1465,Antonio Ortega,,,3,restaurant|cafe,2.5,12345678,
1466,Doña Ali,,,2,cafe|restaurant,,12345678,
1467,Marina Jimenez Moya,,,1,cafe,,12345678,
1468,Juan Angel Jiménez Lendinez,,,1,cafe,,12345678,
1469,Antonio Alcaraz Garcia,,,1,restaurant,3.0,12345678,
1470,Manuel Cobo,,,0,,,12345678,
1471,Mari Q,,,0,,,12345678,
1472,Polyxeni Patouni,,,0,,,12345678,
1473,Julian Lara Godino,,,0,,,12345678,
1474,laura perez,,,3,bar|bakery,1.67,12345678,
1475,Víctor,,,3,restaurant|bakery,2.0,12345678,
1476,Espe HS,,,1,bakery,1.0,12345678,
1477,Dolores Cobo Serrano,,,1,bakery,1.0,12345678,
1478,paco septiembre Lopez Serrano,,,1,bakery,1.0,12345678,
1479,Deborah Grey Fernandes Duarte,,,1,restaurant,,12345678,
1480,Jose Galan,,,1,restaurant,,12345678,
1481,Fernando Gomez,,,1,restaurant,,12345678,
1482,Deborah Grey Fernandes,,,1,restaurant,,12345678,
1483,O.A.A N,,,2,bakery|restaurant,1.0,12345678,
1484,CRISTINA FERNÁNDEZ,,,1,bakery,,12345678,
1485,Montse Martinez Gómez,,,1,bakery,1.0,12345678,
1486,Carmen Rama Calero,,,1,bakery,1.0,12345678,
1487,Caracarton,,,1,restaurant,2.0,12345678,
1488,L.A.,,,9,restaurant|bar|cafe,1.25,12345678,
1489,Paloma Gomez,,,1,restaurant,2.0,12345678,
1490,Jaime Explora,,,1,restaurant,2.0,12345678,
1491,Luis Fernández Lorite,,,1,bar|restaurant,2.0,12345678,
1492,Maria Móvil,,,2,restaurant|bar,2.0,12345678,
1493,Henry Chinaski,,,2,bar|restaurant,1.5,12345678,
1494,Fran Navarro,,,1,bar|restaurant,2.0,12345678,
1495,Modesto Perez Marcos,,,1,bar|restaurant,1.0,12345678,
1496,_jp,,,10,restaurant|bar|Bar de tapas,1.75,12345678,
1497,Marta Lopez- Para,,,8,restaurant|bar|Restaurante,2.0,12345678,
1498,eduardo olmos nalda,,,1,bar|restaurant,1.0,12345678,
1499,rocio font jimenez,,,1,bar|restaurant,1.0,12345678,
1500,Vanesa,,,1,bar|restaurant,2.0,12345678,
1501,Vicente Garcia,,,1,bar|restaurant,2.0,12345678,
1502,Bar Jupiter,,,1,bar|restaurant,2.0,12345678,
1503,Maria Jesús Ortega,,,2,restaurant|bar,1.5,12345678,
1504,Carlos Ponce,,,1,restaurant,2.0,12345678,
1505,Angel Rivas,,,1,restaurant,,12345678,
1506,Juan MF,,,1,restaurant,2.0,12345678,
1507,Disfrutando Viajando,,,1,restaurant,2.0,12345678,
1508,Alejandro Ortega mesa,,,2,Bar restaurante|restaurant,2.0,12345678,
1509,Kato Art,,,1,restaurant,2.0,12345678,
1510,luis vg,,,1,bar,1.0,12345678,
1511,lorena Peragón Arias,,,2,bar,1.5,12345678,
1512,Hugo Mayo,,,1,bar,1.0,12345678,
1513,Olea,,,3,restaurant|bar,2.0,12345678,
1514,Jacqueline Aguilera Fernández,,,1,taberna,2.0,12345678,
1515,Naxo,,,1,taberna,,12345678,
1516,Francisco Delgado Liébana,,,2,restaurant|taberna,2.0,12345678,
1517,Jose Angel Monereo,,,1,restaurant,,12345678,
1518,Laura Navío,,,1,restaurant,,12345678,
1519,Mari Tere L,,,1,restaurant,,12345678,
1520,E V,,,1,bar,2.0,12345678,
1521,Cristina Salas Escuredo,,,1,bar,2.0,12345678,
1522,Jennifer,,,4,restaurant|bar,2.5,12345678,
1523,Rachel Mendoza Salcedo,,,1,bar,2.0,12345678,
1524,Antonio Cintas Ramos,,,1,bar,2.0,12345678,
1525,Sergio VM,,,1,meal_delivery|restaurant,,12345678,
1526,Silva,,,1,meal_delivery|restaurant,,12345678,
1527,SOLE IGLESIAS,,,1,meal_delivery|restaurant,,12345678,
1528,Juanma Cobo Cumbreras,,,1,meal_delivery|restaurant,,12345678,
1529,Fran Extremera,,,1,meal_delivery|restaurant,,12345678,
1530,J M,,,1,bar|restaurant,1.0,12345678,
1531,Carlos Ureña,,,1,bar|restaurant,,12345678,
1532,Alejandro Garzón,,,1,bar|restaurant,1.0,12345678,
1533,pedro antonio S.P.,,,1,bar|restaurant,1.0,12345678,
1534,"Maripaz, World is mine",,,1,cerveceria,2.0,12345678,
1535,Buquin,,,1,cerveceria,2.0,12345678,
1536,Manuel Ruiz,,,1,cerveceria,2.0,12345678,
1537,culebrawear lord,,,1,cerveceria,,12345678,
1538,Jose M Santos,,,1,cerveceria,2.0,12345678,
1539,Cristina Tellez,,,1,bar|restaurant,,12345678,
1540,Fernando Martínez,,,5,restaurant|bar,1.5,12345678,
1541,Samuel Martos,,,1,bar|restaurant,,12345678,
1542,Carlos Gutierrez,,,2,restaurant|meal_delivery|meal_takeaway,1.0,12345678,
1543,Samuel,,,1,meal_delivery|meal_takeaway|restaurant,,12345678,
1544,Katherine Vergara,,,1,meal_delivery|meal_takeaway|restaurant,,12345678,
1545,Navarro 29,,,1,meal_delivery|meal_takeaway|restaurant,,12345678,
1546,Mónica,,,4,bar,2.0,12345678,
1546,Mónica,,,4,bar,2.0,12345678,
1546,Mónica,,,4,bar,2.0,12345678,
1547,Andrea Fernandez,,,1,bar,2.0,12345678,
1548,juandajaen villar,,,1,bar,2.0,12345678,
1549,Jess Garcia,,,3,restaurant|bar,2.0,12345678,
1550,Kiersten Brown,,,1,restaurant,,12345678,
1551,Jesús Álvarez,,,1,restaurant,2.0,12345678,
1552,Manuel Fernandez,,,2,bar|restaurant,1.0,12345678,
1553,diego miguel,,,5,bar|restaurant|Bar restaurante,2.0,12345678,
1554,oZe Fer,,,1,bar,1.0,12345678,
1555,Miguel Ángel Rodríguez Gandía,,,1,bar,1.0,12345678,
1556,Javier Andreu,,,2,bar|restaurant,1.0,12345678,
1557,Criss,,,1,bar,,12345678,
1558,Juan Antonio Garrido Campos,,,2,bar|restaurant,,12345678,
1559,PEDRO DIAZ MUELA,,,1,bar|restaurant,,12345678,
1560,antonio martínez,,,1,bar|restaurant,,12345678,
1561,Marisa lopez sanz,,,1,bar|restaurant,,12345678,
1562,catalina rios peña,,,1,bar,,12345678,
1563,V DG,,,3,bar|restaurant|cafe,1.5,12345678,
1564,Ale ViBar,,,2,bar|restaurant,2.0,12345678,
1565,Eva Montoya Maluenda,,,1,restaurant,2.0,12345678,
1566,J.M. López,,,5,restaurant|bar|cafe,1.75,12345678,
1567,Mirella Guerrero Garcia,,,1,restaurant,2.0,12345678,
1568,Augusto Javier Jiménez Hurdlebring,,,1,cafe,1.0,12345678,
1569,Mayra Villaveces,,,1,cafe,1.0,12345678,
1570,Chechu AR,,,1,cafe,1.0,12345678,
1571,Maria Jose Lopez Soriano,,,1,cafe,1.0,12345678,
1572,Sergio bus,,,1,cafe,1.0,12345678,
1573,JAVIER NAVARRO,,,1,bar|meal_delivery|meal_takeaway,2.0,12345678,
1574,Elika Cat,,,1,bar|meal_delivery|meal_takeaway,2.0,12345678,
1575,Ana Li,,,1,bar|meal_delivery|meal_takeaway,,12345678,
1576,Raquel Aldarias chinchilla,,,1,meal_takeaway|restaurant,2.0,12345678,
1577,J. G.,,,1,meal_takeaway|restaurant,2.0,12345678,
1578,Youssef Sadeq,,,1,meal_takeaway|restaurant,,12345678,
1579,Paola Serrano,,,5,restaurant|meal_takeaway|bar,2.33,12345678,
1580,nuria berrios,,,1,meal_takeaway|restaurant,2.0,12345678,
1581,Dairys Vásquez Guerrero,,,3,restaurant|bar,,12345678,
1582,Aly Moreno,,,1,restaurant,,12345678,
1583,Victor Sp,,,1,restaurant,,12345678,
1584,Isabel RT,,,0,,,12345678,
1585,Guillermo Aguila Rodriguez,,,0,,,12345678,
1586,Sara Martínez Jiménez,,,0,,,12345678,
1587,Lorena CA,,,1,restaurant,,12345678,
1588,Antonio Ángel Miranda Arjonilla,,,0,,,12345678,
1589,Su Muñoz Molina,,,4,bar|restaurant|cafe,1.33,12345678,
1590,Luz,,,1,bar|restaurant,1.0,12345678,
1591,Sergio Jiménez,,,5,restaurant|bar|meal_delivery,2.25,12345678,
1591,Sergio Jiménez,,,5,restaurant|bar|meal_delivery,2.25,12345678,
1592,sunny890509,,,1,bar|restaurant,1.0,12345678,
1593,Pastisseria-Cafè-Obrador Very Dolç Figueres,,,1,bar|restaurant,1.0,12345678,
1594,Clara Carbonell Jimenez,,,1,bar|restaurant,2.0,12345678,
1595,Begoña Martinez,,,1,bar|restaurant,,12345678,
1596,Emi Moreno,,,1,bar|restaurant,2.0,12345678,
1597,Rosa Sutil,,,2,'miércoles': '7:00–15:00'|bar|restaurant,2.0,12345678,
1598,B M,,,1,bar|restaurant,,12345678,
1599,Oa oaeperez,,,1,bar|restaurant,,12345678,
1600,Jose Manuel Rueda Contreras,,,4,bar|Restaurante|restaurant,1.33,12345678,
1601,Martonio Tartesio,,,2,bar|restaurant,1.0,12345678,
1602,Telémaco Antúnez,,,1,bar|restaurant,,12345678,
1603,Alicia P A,,,1,restaurant,,12345678,
1604,Sonia Neisha,,,1,restaurant,,12345678,
1605,Paloma Macías Benítez,,,1,restaurant,,12345678,
1606,Pedro Miguel Camara Hernandez,,,1,restaurant,,12345678,
1607,Maria José Ruiz,,,1,restaurant,,12345678,
1608,Gonzalo Gabriel González Luna,,,1,restaurant,3.0,12345678,
1609,Antonio Callizo,,,1,restaurant,,12345678,
1610,ANA BLANCO CAMACHO,,,2,restaurant,3.0,12345678,
1611,Miguel Peleteiro,,,2,restaurant,,12345678,
1612,Maribel Sancho,,,1,restaurant,3.0,12345678,
1613,Hilax Gañan,,,6,bar|restaurant,1.6,12345678,
1614,Julio Garrido,,,3,bar|restaurant,1.33,12345678,
1615,Celim Chau,,,1,bar,2.0,12345678,
1616,D. G.,,,8,bar|restaurant|cafe,1.0,12345678,
1617,Ángela Sosa,,,1,restaurant,,12345678,
1618,Alba Fernández Higueras,,,1,restaurant,,12345678,
1619,Elena Caballero,,,2,restaurant,,12345678,
1620,Stefania Chimenti,,,2,bar|restaurant,1.5,12345678,
1621,Cesarino Kerr,,,1,restaurant,1.0,12345678,
1622,IL,,,2,restaurant,1.5,12345678,
1623,Fernando Rubio Galvez,,,2,bar|restaurant,1.0,12345678,
1624,LIZ Luis,,,1,bar,1.0,12345678,
1625,David Zafra Delgado,,,3,bar|restaurant,1.67,12345678,
1626,Jose EI,,,2,bar|cafe|restaurant,1.0,12345678,
1627,luis marquesdelinares,,,1,bar,1.0,12345678,
1628,pedidos clesa,,,11,restaurant|bar|cafe,1.43,12345678,
1629,Daniel Serralvo Artacho,,,1,restaurant,,12345678,
1630,Patricia Wiña,,,1,restaurant,,12345678,
1631,Jesús Fernández,,,1,restaurant,,12345678,
1632,Juan Carlos Gómez Vargas,,,1,restaurant,,12345678,
1633,endureroful,,,0,,,12345678,
1634,gertrudis ortega osuna,,,0,,,12345678,
1635,Aida,,,0,,,12345678,
1636,Jesus Angulo,,,0,,,12345678,
1637,Lourdes Jiménez,,,3,restaurant|cafe,1.5,12345678,
1638,Silvia Herrero Herrera,,,1,cafe,,12345678,
1639,VICENTA EXPOSITO GARCIA PARDO,,,1,cafe,,12345678,
1640,Victoria García Hervas,,,1,cafe,,12345678,
1641,Loli E,,,1,restaurant,,12345678,
1642,Javier Marchal Contreras,,,1,restaurant,,12345678,
1643,Shark L,,,1,bar|cafe,1.0,12345678,
1644,Francisco Cano Aguila,,,1,bar|cafe,1.0,12345678,
1645,Juandedios Liebanalopez,,,1,bar|cafe,1.0,12345678,
1646,Agustin lopez Aranda,,,1,bar|cafe,1.0,12345678,
1647,martin hornos,,,1,bar|cafe,1.0,12345678,
1648,Luis Fernández,,,1,restaurant,1.0,12345678,
1649,kkelyan.g,,,1,restaurant,1.0,12345678,
1650,snietex,,,1,restaurant,,12345678,
1651,Christian Tejedor Sarro,,,1,restaurant,1.0,12345678,
1652,Bloggerero bloggerista,,,1,restaurant,,12345678,
1653,María Cazalilla Hueso,,,2,restaurant,2.0,12345678,
1654,francisco arroyo,,,1,restaurant,,12345678,
1655,Víctor L.B.,,,1,restaurant,,12345678,
1656,Inma Hermoso Valcarcel,,,1,restaurant,,12345678,
1657,Lingli Lilian Jonas,,,1,restaurant,,12345678,
1658,Manuel Expo Ber,,,1,bar,1.0,12345678,
1659,Manu Rodríguez,,,1,bar,,12345678,
1660,Kioskero75@gmail.com Escobedo,,,1,bar,1.0,12345678,
1661,Pilar,,,3,restaurant|bar,1.5,12345678,
1662,Elena Trigo Parras,,,1,bar,1.0,12345678,
1663,Virginia Gonzalez,,,1,restaurant,,12345678,
1664,Marisol. Fotos,,,1,restaurant,,12345678,
1665,Eva BH,,,1,restaurant,,12345678,
1666,Maria Jose CB,,,1,restaurant,,12345678,
1667,Manuel Jesús Bueno,,,1,restaurant,,12345678,
1668,Manuel Ureña,,,1,restaurant,,12345678,
1669,Francisco Avila,,,2,restaurant|bar,1.0,12345678,
1670,Laura Casas,,,1,cafe,,12345678,
1671,Guillermo Villegas,,,1,cafe,,12345678,
1672,Juan González,,,2,cafe,,12345678,
1673,Cristina Begara,,,1,cafe,,12345678,
1674,silvia ramirez lorenzo,,,1,cafe,,12345678,
1675,Adrian Kurt,,,1,restaurant,,12345678,
1676,María José Luque Ramos,,,1,restaurant,,12345678,
1677,Edu,,,1,restaurant,,12345678,
1678,Clara Perales,,,1,restaurant,,12345678,
1679,Alexandru Diaconu,,,1,restaurant,,12345678,
1680,John Connor,,,1,bar|cafe|meal_delivery,,12345678,
1681,Sergio Diaz,,,1,bar|cafe|meal_delivery,,12345678,
1682,Angeles Martos,,,1,bar|cafe|meal_delivery,,12345678,
1683,Montse Espinosa,,,0,,,12345678,
1684,Manoli Alcantara,,,0,,,12345678,
1685,Antonio Antónido,,,1,meal_takeaway|restaurant,1.0,12345678,
1686,mario calle,,,0,,,12345678,
1687,Javier Espinosa,,,0,,,12345678,
1688,M GM,,,1,restaurant,,12345678,
1689,Lourdes Sáez,,,1,restaurant,,12345678,
1690,Fernando Chica Rodriguez,,,1,restaurant,,12345678,
1691,Antonio Angel Trigo Bueno,,,1,restaurant,,12345678,
1692,Francisco J Contreras,,,3,restaurant|bar|cafe,2.0,12345678,
1693,Ana M,,,1,meal_takeaway|restaurant,1.0,12345678,
1694,Juan Manuel Serrano Checa,,,1,meal_takeaway|restaurant,1.0,12345678,
1695,Angel Medina,,,1,meal_takeaway|restaurant,1.0,12345678,
1696,Alberto B.R.,,,8,bar|restaurant,2.2,12345678,
1697,Jesús Rodríguez,,,5,restaurant|bar,2.0,12345678,
1698,Rafael Chica Lopez,,,1,bar|restaurant,,12345678,
1699,Juan Liébana,,,2,bar|restaurant,2.0,12345678,
1700,Carlos García Linares,,,1,bar|restaurant,,12345678,
1701,Álvaro,,,6,restaurant|bar|bakery,1.0,12345678,
1702,Javier Martos Gómez,,,1,bar|restaurant,,12345678,
1703,Manuel Jesús Ortega M.,,,1,bar|restaurant,,12345678,
1704,Luisa Maria V. F.,,,1,bar|restaurant,,12345678,
1705,Rocío Armenteros Fernández,,,1,restaurant,1.0,12345678,
1706,Aliena Arguello,,,1,restaurant,1.0,12345678,
1707,María Asunción Sánchez Sánchez,,,1,restaurant,,12345678,
1708,J P,,,2,restaurant|meal_takeaway,1.0,12345678,
1709,Miguel Juan Arjonilla Bueno,,,1,restaurant,1.0,12345678,
1710,Marian LEON VALLINA,,,1,bar,,12345678,
1711,Bernabe Moreno palomares,,,1,bar,,12345678,
1712,JL C (Magician),,,1,bar,1.0,12345678,
1713,Mar XM,,,1,bar,1.0,12345678,
1714,Samuel Sagna,,,1,bar,1.0,12345678,
1715,Jesus Martin,,,1,bar,1.0,12345678,
1716,Carmen Risquez,,,1,bar,1.0,12345678,
1717,Antonio Castro Tarraga,,,1,bar,,12345678,
1718,Marthe Perals,,,1,restaurant,3.0,12345678,
1719,YONG DU,,,2,restaurant,2.5,12345678,
1720,Marina Ballesteros,,,2,bar|restaurant,3.0,12345678,
1721,alicia maria cardenas ortiz,,,0,,,12345678,
1722,FELIPE Perez Blanca,,,0,,,12345678,
1723,María José Jimeno,,,0,,,12345678,
1724,LUIS RODRIGUEZ PERALES,,,0,,,12345678,
1725,Macarena Soto,,,1,bar,,12345678,
1726,Lourdes Uzkiano,,,1,bar,,12345678,
1727,Juan López Vela,,,1,bar,,12345678,
1728,Francisco Nolasco,,,1,bar,,12345678,
1729,María Espinosa,,,4,restaurant,2.5,12345678,
1730,Jaime Millán Ramírez,,,1,restaurant,,12345678,
1731,Natalia Aguilar Méndez,,,1,restaurant,,12345678,
1732,Ana Isabel Cruz Molina,,,1,restaurant,,12345678,
1733,Sergio Armenteros,,,1,restaurant,,12345678,
1734,Happy Flower,,,6,bar|restaurant,1.75,12345678,
1735,Maribel Miranda,,,1,bar,2.0,12345678,
1736,nico lillin,,,1,bar,2.0,12345678,
1737,Marta FG,,,2,bar|restaurant,2.0,12345678,
1738,Míriam Mena Garrido,,,1,bar,2.0,12345678,
1739,Gonzalo Gomez,,,1,cafe,1.0,12345678,
1740,Marinuski,,,1,cafe,1.0,12345678,
1741,Jenifer CS,,,1,cafe,1.0,12345678,
1742,Cristina Muñoz de la Flor,,,1,cafe,1.0,12345678,
1743,Mari Egea,,,1,cafe,1.0,12345678,
1744,Marcos Hernández Muñoz,,,1,restaurant,1.0,12345678,
1745,Judith,,,2,cafe|restaurant,1.0,12345678,
1746,Isabel Maria Moreno Rico,,,2,bar|restaurant,1.0,12345678,
1747,FJBE,,,1,restaurant,1.0,12345678,
1748,pepbruce roura,,,1,restaurant,1.0,12345678,
1749,Paco MARTINEZ GONZALEZ,,,1,bar|restaurant,1.0,12345678,
1750,Jose Antonio Roldan Pastor,,,1,bar|restaurant,,12345678,
1751,M. Carmen Muela Moreno,,,1,bar|restaurant,1.0,12345678,
1752,Mariajo Garcia Del Rio,,,1,bar|restaurant,1.0,12345678,
1753,Carmen Caballero Sanchez,,,1,bar|restaurant,1.0,12345678,
1754,Elena,,,3,restaurant|bar,1.67,12345678,
1755,Julia Mallol,,,1,bar,1.0,12345678,
1756,Mirador del Carpintero,,,1,bar,1.0,12345678,
1757,Alfredo Otero,,,1,bar,1.0,12345678,
1758,Francisco Javier Ortega Navarrete,,,1,restaurant,,12345678,
1759,Kiko Padilla,,,2,restaurant|bakery,,12345678,
1760,LUCIA SANCHEZ,,,2,restaurant|bakery,,12345678,
1761,S Top,,,1,restaurant,,12345678,
1762,Raul Gomez,,,1,restaurant,,12345678,
1763,Ramón Carrasco,,,7,bakery|bar|cafe,1.0,12345678,
1764,Alejandro Navarrete,,,4,bakery|bar|restaurant,1.33,12345678,
1765,Rubén Irles Navarrete,,,1,bakery,,12345678,
1766,María Dolores Lara Martín,,,1,bakery,,12345678,
1767,David Marin,,,2,bakery|bar,2.0,12345678,
1768,Fernando Bravo Miralles,,,2,bakery|bar|restaurant,,12345678,
1769,Jose Martin,,,2,restaurant|bakery,1.0,12345678,
1770,Ana Jordán,,,1,restaurant,,12345678,
1771,Maria Sabina Marin Molina,,,1,restaurant,,12345678,
1772,Rosa Alonso,,,1,bakery,,12345678,
1773,Pedro Romero,,,1,bakery,,12345678,
1774,Celia Morales Gutierrez,,,1,bakery,,12345678,
1775,Laura Alcala Molina,,,1,bakery,,12345678,
1776,Jose Miras,,,3,bar|bakery,,12345678,
1777,Juan Ramón Lopez,,,3,cafe|bar,1.0,12345678,
1778,Javier Guerrero Coronado,,,1,cafe,,12345678,
1779,jesús Lopez narvaez,,,1,cafe,,12345678,
1780,Carmen MUELA NAVARRO,,,1,cafe,,12345678,
1781,pinche94 moli bay,,,1,cafe,,12345678,
1782,Txutxi Txutxi,,,1,night_club,,12345678,
1783,marta lopez,,,1,night_club,,12345678,
1784,girardin antony,,,1,night_club,,12345678,
1785,Toñi Diaz,,,1,bakery,,12345678,
1786,Claudia López De Atalaya Cerezo,,,1,bakery,,12345678,
1787,Mar Segura Hidalgo,,,1,bakery,,12345678,
1788,Manolo Leiva Lopez,,,1,bakery,,12345678,
1789,santy mozos,,,1,bakery,,12345678,
1790,Lucia Garcia,,,1,bar,,12345678,
1791,José San Sebastián,,,1,restaurant,,12345678,
1792,Maria Jose Garzón,,,1,night_club,,12345678,
1793,Cristian Antonio Valdovinos Chavez,,,2,bar|night_club,1.5,12345678,
1794,kain,,,1,night_club,,12345678,
1795,JUAN Montoro Vílchez,,,1,night_club,,12345678,
1796,tomas alvarado,,,1,night_club,,12345678,
1797,Eva Milà,,,1,bar|restaurant,,12345678,
1798,Pablo San Martín,,,1,bar|restaurant,1.0,12345678,
1799,Cristhian Solano,,,2,restaurant|bar,1.0,12345678,
1800,elia espinosa,,,1,bar|restaurant,1.0,12345678,
1801,Monica Martinez,,,3,restaurant,1.5,12345678,
1802,Jose Vizcaino,,,3,restaurant|bar,2.0,12345678,
1803,Matías Casas,,,2,restaurant,2.0,12345678,
1804,Alicia Medina,,,2,restaurant,,12345678,
1805,mike1898 t,,,2,restaurant,,12345678,
1806,Francis Gonzalez,,,1,restaurant,3.0,12345678,
1807,Carlos AG,,,2,restaurant,3.0,12345678,
1808,ALICIA,,,2,restaurant|taberna,2.5,12345678,
1808,ALICIA,,,2,restaurant|taberna,2.5,12345678,
1809,Mileny Coromoto Franco Rodríguez,,,0,,,12345678,
1810,Ana Quesada,,,0,,,12345678,
1811,Dani Gallardo,,,0,,,12345678,
1812,Carmen Teresa Rius,,,0,,,12345678,
1813,Sara,,,5,bar|cafe|restaurant,,12345678,
1813,Sara,,,5,bar|cafe|restaurant,,12345678,
1813,Sara,,,5,bar|cafe|restaurant,,12345678,
1814,Javier Pegalajar,,,1,restaurant,,12345678,
1815,Tino Cruz,,,1,restaurant,,12345678,
1816,TtW,,,8,restaurant|bar|cafe,1.6,12345678,
1817,Bastián Chapman,,,1,restaurant,,12345678,
1818,ARITZ Goazen,,,1,bar,2.0,12345678,
1819,mercedes flores sánchez,,,1,bar,,12345678,
1820,Pablo Álvarez,,,1,bar,2.0,12345678,
1821,Fernando Vergara,,,2,bar,2.0,12345678,
1822,Reseñeando,,,4,restaurant,1.0,12345678,
1823,Nerea Garcia Escribano,,,1,restaurant,,12345678,
1824,María López,,,5,restaurant|bar|meal_takeaway,2.0,12345678,
1825,Gema C,,,1,restaurant,,12345678,
1826,Marisa Martin,,,7,restaurant|bar,1.25,12345678,
1827,CubanitoDios,,,1,restaurant,,12345678,
1828,Lydia Rojas,,,1,restaurant,,12345678,
1829,Maria Belen Ojeda Schuldt,,,2,restaurant,2.0,12345678,
1830,Fabio Dalmonte,,,2,restaurant,2.0,12345678,
1831,Andrea Mena Pascual,,,1,restaurant,,12345678,
1832,Marina MaS,,,1,restaurant,,12345678,
1833,Nina de los Ángeles Ortega Ramírez,,,1,restaurant,2.0,12345678,
1834,sergio ms,,,1,restaurant,,12345678,
1835,Nuria 0016,,,1,restaurant,2.0,12345678,
1836,Virginia Ortega,,,1,bar,,12345678,
1837,Steph C.L.,,,1,bar,2.0,12345678,
1838,David More,,,3,restaurant|bar,1.5,12345678,
1839,alberto carlos contreras quero,,,2,restaurant,2.0,12345678,
1840,Francisco Orihuela,,,1,restaurant,2.0,12345678,
1841,Blue,,,1,restaurant,2.0,12345678,
1842,Alvaro Cañadas,,,8,restaurant|bar,2.0,12345678,
1843,belen “yuffi” lucas,,,1,bar,,12345678,
1844,David Herreros,,,2,restaurant|cafe,2.0,12345678,
1845,David Giler,,,2,restaurant,2.0,12345678,
1846,Garcia Pulido,,,7,restaurant|bar|cafe,2.4,12345678,
1847,Mercedes Delgado,,,2,bar|restaurant,2.5,12345678,
1848,Jose M G,,,2,restaurant|bar,1.0,12345678,
1849,María Jesús Diaz-Meco,,,1,restaurant,,12345678,
1850,Lidia Hernandez,,,1,restaurant,,12345678,
1851,Kng Kng,,,1,restaurant,,12345678,
1852,Elena Jiménez,,,2,bar|restaurant,2.0,12345678,
1853,Antonio Martos Moreno,,,1,restaurant,,12345678,
1854,Alex,,,5,restaurant|bar|cafe,1.0,12345678,
1855,Marcos Herguedas,,,2,restaurant|bar,1.5,12345678,
1856,SimaGol 9,,,1,restaurant,1.0,12345678,
1857,Cinthia Fuentes Real,,,1,restaurant,,12345678,
1858,Josefa María Torres Merino,,,3,restaurant|bar,1.67,12345678,
1859,Javielzar,,,2,restaurant|bar,2.0,12345678,
1860,Jenny Cuesta Talaero,,,1,restaurant,2.0,12345678,
1861,Basilio Fernández,,,2,restaurant,2.5,12345678,
1862,Ana Belén Palomino Guillén,,,1,restaurant,2.0,12345678,
1863,Aldebaran,,,4,cafe|Bar|Restaurante,1.5,12345678,
1864,Miguel Angel Sanchez,,,2,cafe|bar|restaurant,1.0,12345678,
1865,Sindy Lopez,,,1,cafe,1.0,12345678,
1866,Belén Gutiérrez Sánchez,,,1,cafe,1.0,12345678,
1867,merche molina,,,1,cafe,1.0,12345678,
1868,Miguel Ángel Bermúdez García,,,1,restaurant,,12345678,
1869,Grego,,,1,restaurant,,12345678,
1870,siixtoo_slb,,,1,bakery,,12345678,
1871,Manuel Garcia Vico,,,1,bakery,,12345678,
1872,Manuel De Torres,,,1,bakery,,12345678,
1873,Inciensos Pasión Por Jaén Inciensos Pasión Por Jaén,,,2,bakery|bar,1.0,12345678,
1874,Manuel Cuesta Gil,,,3,cafe|restaurant|bakery,1.0,12345678,
1875,Alvaro Sanchez Martinez,,,1,bakery,,12345678,
1876,Almudena Serrano Montiel,,,1,bakery,,12345678,
1877,José Luis López,,,1,restaurant,,12345678,
1878,Álvaro Torres Pascual,,,1,restaurant,,12345678,
1879,Marina Sesé,,,5,restaurant|bar,2.0,12345678,
1880,Maria Ines Aranzaens,,,1,restaurant,,12345678,
1881,conchadeviaje “conchadeviaje” gonzalez,,,1,restaurant,3.0,12345678,
1882,Lon Lon,,,2,restaurant,,12345678,
1883,Chelo,,,1,restaurant,,12345678,
1884,MCSL,,,1,restaurant,3.0,12345678,
1885,Ana Conde cabrera,,,1,cafe,,12345678,
1886,Santi Aguirre,,,1,cafe,,12345678,
1887,Julian u,,,1,cafe,,12345678,
1888,Alvaro Carrillo,,,2,bar|cafe,2.0,12345678,
1889,Pedro jesus Carrillo Sánchez,,,1,cafe,,12345678,
1890,xose Antonio Quintas,,,1,restaurant,,12345678,
1891,Rosa María Sutil Fernández,,,1,restaurant,1.0,12345678,
1892,CJM,,,2,bakery|restaurant,1.0,12345678,
1893,Paula ZM,,,6,bar|restaurant|Bar,1.5,12345678,
1894,Fran Gordillo,,,1,restaurant,1.0,12345678,
1895,Gabriela Gonzalez,,,1,meal_takeaway|restaurant,1.0,12345678,
1896,Marina Monzón Vázquez,,,1,meal_takeaway|restaurant,,12345678,
1897,Francis,,,2,meal_takeaway|restaurant|meal_delivery,,12345678,
1898,Edwin Nieto,,,2,restaurant|meal_takeaway,1.0,12345678,
1899,CASA DE LA ALEGRIA VIVIENDA RURAL DE BARBULA 2,,,1,meal_takeaway|restaurant,1.0,12345678,
1900,angel alarcon rubio,,,3,restaurant|bar|cafe,1.5,12345678,
1901,M.G.G.,,,1,restaurant,,12345678,
1902,Carlos Fernandez,,,2,restaurant,1.0,12345678,
1903,Marc Lopez,,,1,restaurant,,12345678,
1904,Miguel Ángel,,,11,restaurant|bar|'miércoles': '7:00–15:00',1.57,12345678,
1904,Miguel Ángel,,,11,restaurant|bar|'miércoles': '7:00–15:00',1.57,12345678,
1904,Miguel Ángel,,,11,restaurant|bar|'miércoles': '7:00–15:00',1.57,12345678,
1905,Oesis Nayelis Alfonso Montero,,,1,restaurant,3.0,12345678,
1906,Cayo Mario,,,1,restaurant,3.0,12345678,
1907,Aitor Inurrieta,,,1,restaurant,3.0,12345678,
1908,Marina M,,,1,restaurant,3.0,12345678,
1909,Vanesa Sanes,,,1,restaurant,3.0,12345678,
1910,Alfonso Prieto Echebarria,,,0,,,12345678,
1911,Rosa Rojas,,,0,,,12345678,
1912,Marisa Lorenzo,,,0,,,12345678,
1913,Veronica Parras Villar,,,0,,,12345678,
1914,Manuel Atienza Vizarro,,,1,bar|restaurant,1.0,12345678,
1915,jose ureña,,,2,bar|restaurant,1.0,12345678,
1916,Tejerito94,,,2,bar|cafe|restaurant,1.0,12345678,
1917,EMSM -,,,1,bar|restaurant,1.0,12345678,
1918,Miguel Angel C,,,1,bar|restaurant,1.0,12345678,
1919,Iván Guerrero Suarez,,,0,,,12345678,
1920,Justi Moreno Gallego,,,0,,,12345678,
1921,Manuel Bento,,,0,,,12345678,
1922,Migu,,,2,cafe|restaurant,1.0,12345678,
1923,Antonio Molina Rodriguez,,,0,,,12345678,
1924,Aurora Polo Rodríguez,,,7,bar|restaurant|cafe,2.0,12345678,
1925,Taha B.B.,,,0,,,12345678,
1926,Manuel Daniel Castaño Castaño Rivero,,,1,bar|restaurant,1.0,12345678,
1927,Mónica Zafra Moral,,,1,bar|restaurant,1.0,12345678,
1928,Jesus Llopis,,,9,restaurant|bar,1.57,12345678,
1929,Isa Navarro,,,1,cafe,1.0,12345678,
1930,Benito Moral Zafra,,,2,bar|cafe,1.0,12345678,
1931,Victor Medina,,,2,bar|cafe,1.5,12345678,
1932,Marta Ortega,,,1,cafe,1.0,12345678,
1933,Javier,,,13,restaurant|bar|cafe,1.25,12345678,
1933,Javier,,,13,restaurant|bar|cafe,1.25,12345678,
1934,Victor Lopez,,,1,meal_delivery|meal_takeaway|restaurant,,12345678,
1935,martoja,,,1,meal_delivery|meal_takeaway|restaurant,,12345678,
1936,Jose Marquez,,,1,meal_delivery|meal_takeaway|restaurant,,12345678,
1937,Chris,,,2,meal_delivery|meal_takeaway|night_club,,12345678,
1938,pedro jimenez barrera,,,1,bakery,1.0,12345678,
1939,Pedro J. Chacón y Rocío Rentero,,,1,bakery,1.0,12345678,
1940,Julio Cortes perez,,,1,bakery,1.0,12345678,
1941,Nexion Lupus,,,1,bakery,,12345678,
1942,Maria Jesús CORTECERO PEREZ,,,0,,,12345678,
1943,Marta Gallego rodriguez,,,0,,,12345678,
1944,Maria Jesus Sanchez,,,0,,,12345678,
1945,Ana Belén Jiménez Vilchez,,,0,,,12345678,
1946,Juani Cruz Alcázar,,,0,,,12345678,
1947,Daniel Garcia,,,3,restaurant|bar,1.0,12345678,
1948,marychiclana@gmail.com Pulido Carrillo,,,1,restaurant,,12345678,
1949,jose maria,,,3,bar|restaurant|cafe,1.0,12345678,
1950,Manuela Pulido Guerrero,,,1,restaurant,,12345678,
1951,Jorusan,,,1,bar|restaurant,,12345678,
1952,Ivonne Balcazar,,,2,bar|restaurant,2.0,12345678,
1953,carlos mengual,,,1,bar|restaurant,2.0,12345678,
1954,raquel gallardo castillo,,,1,bar|restaurant,,12345678,
1955,César,,,2,Bar restaurante|bar|restaurant,2.0,12345678,
1956,Cre_Arte,,,1,bar|night_club,,12345678,
1957,Pablo Ruiz,,,3,bar|night_club|restaurant,2.0,12345678,
1958,Jose Antonio Álvarez Lorente,,,1,bar|night_club,1.0,12345678,
1959,Miguel Ruiz Durán,,,2,bar|restaurant,1.0,12345678,
1960,MANUEL MIRÓ,,,5,bar|restaurant|night_club,1.5,12345678,
1961,Sergio Glez Mtnez,,,2,bar|restaurant,,12345678,
1962,Berto,,,1,bar,1.0,12345678,
1963,Alex Moral rama,,,1,bar,1.0,12345678,
1964,Jesus Carpio Illana,,,1,bar,1.0,12345678,
1965,Alex V,,,1,bar,1.0,12345678,
1966,Evita dsr,,,1,cafe,,12345678,
1967,Emilio Miguel Guerrero Cruz,,,1,cafe,,12345678,
1968,Raúl Moreno,,,1,cafe,,12345678,
1969,Ismael Ávila Arrabal,,,1,cafe,,12345678,
1970,Juan Martinez,,,1,cafe,,12345678,
1971,Ro G.,,,1,cafe,1.0,12345678,
1972,Juan Carlos Rodríguez Jiménez,,,1,cafe,1.0,12345678,
1973,Laura Rubio Parras,,,2,bakery|restaurant,1.0,12345678,
1974,Marina Sánchez Ortega,,,1,restaurant,1.0,12345678,
1975,Elisa Cintas Medina,,,6,restaurant,1.5,12345678,
1976,JUAN Ramón,,,1,restaurant,1.0,12345678,
1977,Rebeca Montes,,,1,restaurant,1.0,12345678,
1978,Jacinto Ramos Gonzalez,,,1,restaurant,1.0,12345678,
1979,Begonya Herrero,,,1,restaurant,1.0,12345678,
1980,M.a Rj,,,1,restaurant,1.0,12345678,
1981,Mg23,,,2,bar|cafe|restaurant,2.0,12345678,
1982,Andrea,,,3,restaurant|cafe,,12345678,
1983,Manuel Alvarez,,,1,cafe,,12345678,
1984,Yessika Mokina Martos,,,1,cafe,,12345678,
1985,Juanjo Gl,,,2,bar|restaurant,1.0,12345678,
1986,Danna Gomez Gallardo,,,1,bar|restaurant,,12345678,
1987,monica de la rosa,,,1,bar|restaurant,,12345678,
1988,John Zuazua Ruiz,,,2,restaurant,2.0,12345678,
1989,Andrés Rodríguez,,,2,bar|restaurant,2.0,12345678,
1990,Inma Lopez,,,4,restaurant|bar,2.0,12345678,
1991,Pilar Moreno,,,1,restaurant,2.0,12345678,
1992,PéRiC,,,1,restaurant,2.0,12345678,
1993,Javi García,,,6,bar|restaurant|Bar de tapas,2.0,12345678,
1994,José Escabias Ortega,,,4,restaurant|meal_takeaway|meal_delivery,1.0,12345678,
1995,Javier Guerrero,,,1,meal_delivery|meal_takeaway|restaurant,1.0,12345678,
1996,Lucía Domínguez Garvín,,,1,meal_delivery|meal_takeaway|restaurant,,12345678,
1997,M. Belen,,,1,meal_delivery|meal_takeaway|restaurant,,12345678,
1998,Manuel Chica Anguita,,,1,meal_delivery|meal_takeaway|restaurant,1.0,12345678,
1999,Nerea Marín Muñoz,,,1,restaurant,,12345678,
2000,Francisco Javier Hurtado Serrano,,,1,restaurant,,12345678,
2001,Martin fernando Solis Romero,,,1,restaurant,,12345678,
2002,RJ SP,,,1,restaurant,,12345678,
2003,Laura ZS,,,2,restaurant,2.5,12345678,
2004,Natalia Ruiz García,,,3,restaurant,2.0,12345678,
2005,Gema Góngora,,,1,restaurant,3.0,12345678,
2006,Pepi Guillen,,,1,restaurant,3.0,12345678,
2007,Los Charletas Youtube (LCH),,,2,restaurant,,12345678,
2008,Angel Gonzalez,,,1,restaurant,,12345678,
2009,David Cobos,,,1,restaurant,,12345678,
2010,José Angel Jaén,,,2,bar|restaurant,2.0,12345678,
2011,Alberto R.T.,,,1,restaurant,,12345678,
2012,M José galian,,,0,,,12345678,
2013,Braulio Alcántara,,,0,,,12345678,
2014,Lourdes Ortega,,,0,,,12345678,
2015,Antonio Cárdenas,,,0,,,12345678,
2016,Blas Montes,,,3,bar|cafe|restaurant,2.0,12345678,
2017,Marian Druga,,,1,restaurant,,12345678,
2018,el chomby,,,1,restaurant,,12345678,
2019,Paco Hidalgo Serrano,,,1,restaurant,,12345678,
2020,Marco Correia,,,2,cafe|bar|restaurant,1.0,12345678,
2021,David Olmedo Hernández,,,5,bar|restaurant|cafe,2.5,12345678,
2022,pedro antonio arance alvarez,,,1,cafe,,12345678,
2023,Emiliano Lirio Garcia,,,2,Bar de tapas|cafe,2.0,12345678,
2024,Antonio Encabo,,,1,pub|restaurant,2.0,12345678,
2025,Marcos Valiente C.,,,5,bar|pub|restaurant,1.6,12345678,
2026,Vianor Romero,,,1,pub|restaurant,2.0,12345678,
2027,Antonio J. Calero,,,1,pub|restaurant,2.0,12345678,
2028,José Jiménez,,,0,,,12345678,
2029,Michel Rodríguez Fariñas,,,0,,,12345678,
2030,Alexandra VG,,,0,,,12345678,
2031,CARMEN PEREZ MESA,,,0,,,12345678,
2032,Maribel Martinez Rodriguez,,,0,,,12345678,
2033,Victor Anton,,,10,restaurant|bar|cafe,1.75,12345678,
2034,Gonzalo Castro,,,1,restaurant,,12345678,
2035,Melania González Guerra,,,1,restaurant,,12345678,
2036,JFK,,,1,restaurant,,12345678,
2037,Lara Ll,,,1,restaurant,3.0,12345678,
2038,Jaime Morente,,,1,cafe,1.0,12345678,
2039,Ebrahim Mohamed,,,1,cafe,1.0,12345678,
2040,Flah Wasym,,,1,cafe,1.0,12345678,
2041,Lupe León Sánchez,,,1,cafe,1.0,12345678,
2042,Maria Aguado Arellano,,,1,cafe,1.0,12345678,
2043,Stranger Thing,,,0,,,12345678,
2044,Jessy Gomez,,,0,,,12345678,
2045,Solo Cristina,,,0,,,12345678,
2046,Rocío Gg,,,0,,,12345678,
2047,Aurelia Maria Garcia Martos,,,0,,,12345678,
2048,PEDRO VALCARCEL,,,6,restaurant|bar|meal_takeaway,2.0,12345678,
2049,Desirée Chando,,,1,restaurant,,12345678,
2050,Patricia jimgar,,,1,restaurant,,12345678,
2051,R. Moral,,,20,restaurant|bar|cafe,1.29,12345678,
2052,Sonia Talero leyva,,,1,pub,2.0,12345678,
2053,Jose Ortega,,,1,pub,2.0,12345678,
2054,Sara Marian Alji,,,1,pub,2.0,12345678,
2055,Diana solque,,,2,bakery|cafe|restaurant,1.0,12345678,
2056,fco torres,,,2,restaurant,1.0,12345678,
2057,Don Quijote XXI,,,1,restaurant,1.0,12345678,
2058,Thais Vilchez,,,2,bar|restaurant,1.5,12345678,
2059,Motonkey Youtube,,,11,bar|restaurant|cafe,1.6,12345678,
2060,alex arias,,,3,bar|restaurant,2.0,12345678,
2061,Marta,,,2,cafe|restaurant,,12345678,
2062,Mc Degustador,,,1,bar,2.0,12345678,
2063,Tony Er Tornado,,,0,,,12345678,
2064,Giangaspare Spataro,,,1,bar,,12345678,
2065,Alberto Jimenez Garcia,,,1,bar,,12345678,
2066,tonini magia,,,3,Bar restaurante|bar|restaurant,1.33,12345678,
2067,Albuga 74,,,1,restaurant,,12345678,
2068,Conchi H,,,1,restaurant,,12345678,
2069,Laura EM,,,3,restaurant|bar,1.0,12345678,
2070,Manuel Fdez,,,1,restaurant,,12345678,
2071,Michael Scott,,,1,meal_delivery|meal_takeaway|restaurant,,12345678,
2072,lovke 12,,,1,meal_delivery|meal_takeaway|restaurant,,12345678,
2073,Dinah,,,1,meal_delivery|meal_takeaway|restaurant,,12345678,
2074,Maria Jose Sanchez,,,2,bar|meal_delivery|meal_takeaway,,12345678,
2075,Marcos Cano,,,1,meal_delivery|meal_takeaway|restaurant,,12345678,
2076,Gabriela Minoldo,,,0,,,12345678,
2077,manel velasco sagues,,,2,Bar de tapas|restaurant,2.5,12345678,
2078,Victor quesada gomez,,,3,bar,2.0,12345678,
2079,Gloglito Yahoo Yahoo,,,0,,,12345678,
2080,Marta Herreros,,,1,restaurant,,12345678,
2081,Jesús,,,6,restaurant|Restaurante|cafe,2.0,12345678,
2081,Jesús,,,6,restaurant|Restaurante|cafe,2.0,12345678,
2082,Marta Piedra Lopez,,,1,restaurant,,12345678,
2083,guille rojas martinez,,,1,restaurant,,12345678,
2084,Julio Navarro anguita,,,1,bar,2.0,12345678,
2085,LOBO ROJO,,,3,bar|restaurant,2.0,12345678,
2086,Eva García,,,1,bar,2.0,12345678,
2087,Ruben Arteaga Martinez,,,1,bar,2.0,12345678,
2088,Yazmina Estévez,,,1,restaurant,2.0,12345678,
2089,Carmen Mateas,,,1,restaurant,,12345678,
2090,IRENE García Muriel,,,1,cafe,1.0,12345678,
2091,AR Cortes,,,5,bar|cafe|restaurant,1.0,12345678,
2092,Rocio TM,,,1,cafe,,12345678,
2093,Isabel Romero,,,2,bar|cafe,1.0,12345678,
2094,Carlos Ceuta,,,1,pub|restaurant,,12345678,
2095,Oscar García Busquet,,,1,pub|restaurant,,12345678,
2096,Amador,,,3,restaurant|bar|pub,1.5,12345678,
2097,Rosa.gc@gmail.com 130975rosa,,,1,pub|restaurant,,12345678,
2098,Tomas Juarez Santiago,,,1,night_club,,12345678,
2099,Alba Fernández,,,1,night_club,2.0,12345678,
2100,Manuela Sola Cuesta,,,1,night_club,,12345678,
2101,Y1500,,,1,night_club,,12345678,
2102,Alejandro Sanchez Peinado (Alex),,,1,night_club,,12345678,
2103,Javier Molinero Hidalgo,,,1,restaurant,1.0,12345678,
2104,María Zabala,,,1,restaurant,,12345678,
2105,FARONI,,,1,restaurant,,12345678,
2106,Angie X,,,5,bar|restaurant|Bar restaurante,1.5,12345678,
2107,Maria Jose Ortiz,,,1,restaurant,,12345678,
2108,agustin benitez,,,1,restaurant,,12345678,
2109,Julia,,,2,bar|meal_takeaway|restaurant,,12345678,
2110,Cristina Gutierrez Perez,,,1,meal_takeaway|restaurant,,12345678,
2111,Carmen,,,6,restaurant|bar|Bar,1.6,12345678,
2111,Carmen,,,6,restaurant|bar|Bar,1.6,12345678,
2112,Cristian Furones Guerrero,,,1,meal_takeaway|restaurant,1.0,12345678,
2113,Ana Extremera,,,1,bakery,,12345678,
2114,Ignacio Serrano,,,1,bakery,,12345678,
2115,Rocio Aguilar,,,1,bakery,,12345678,
2116,Macarena Menor Castillo,,,1,bakery,,12345678,
2117,Manuel Gutiérrez (Manüguty),,,1,restaurant,,12345678,
2118,Chevy Lozano,,,2,bar|restaurant,2.0,12345678,
2119,Paqui Cano,,,1,restaurant,,12345678,
2120,Alberto,,,7,restaurant|bar|cafe,1.75,12345678,
2120,Alberto,,,7,restaurant|bar|cafe,1.75,12345678,
2120,Alberto,,,7,restaurant|bar|cafe,1.75,12345678,
2121,Stilos Barberia,,,1,bar,2.0,12345678,
2122,Pablo Vera,,,2,bar|cafe,1.5,12345678,
2123,Francis Mena,,,1,bar,2.0,12345678,
2124,Carlos González Pérez,,,1,restaurant,1.0,12345678,
2125,Sam Tu Robloxiano,,,1,restaurant,1.0,12345678,
2126,sofia diez monsalve,,,1,restaurant,1.0,12345678,
2127,Fran Cordon Llera,,,1,restaurant,,12345678,
2128,Fran Moreno,,,2,restaurant,,12345678,
2129,EVa Maria,,,1,bar,,12345678,
2130,Marilo Romero,,,0,,,12345678,
2131,A. I.,,,0,,,12345678,
2132,Ascension Salazar Ruiz,,,0,,,12345678,
2133,JOSE ANTONIO MARTINEZ,,,0,,,12345678,
2134,Ana Belen Olmo,,,2,bar|restaurant,2.0,12345678,
2135,Anna m,,,1,restaurant,,12345678,
2136,Araceli Jimenez Alcala,,,1,restaurant,,12345678,
2137,Nati Ibañez Serrano,,,1,restaurant,2.0,12345678,
2138,Mar Jiménez,,,2,restaurant,2.0,12345678,
2139,Juan Ángel Hernández,,,3,bar|restaurant,1.5,12345678,
2140,Jacinto Cabrera Rodríguez,,,1,bar|restaurant,,12345678,
2141,ANTONIO B. VEGA VARGAS,,,3,bar|restaurant,2.0,12345678,
2142,Jorge Talens,,,1,bar|restaurant,1.0,12345678,
2143,JosMan,,,2,restaurant|meal_takeaway,1.0,12345678,
2144,Antonio Romero,,,1,meal_takeaway|restaurant,1.0,12345678,
2145,Xoxitle,,,1,meal_takeaway|restaurant,,12345678,
2146,Pi436,,,1,meal_takeaway|restaurant,1.0,12345678,
2147,Rocío Jl,,,1,meal_takeaway|restaurant,,12345678,
2148,A Y,,,1,cafe,,12345678,
2149,Juandi,,,1,cafe,,12345678,
2150,L .M.C.,,,1,cafe,,12345678,
2151,Pilar Munera Expósito,,,2,cafe,,12345678,
2152,Lizz Escobar,,,1,bar|cafe,2.0,12345678,
2153,Ma Lop,,,2,bar|cafe,2.5,12345678,
2154,Kriz Maya,,,1,bar|cafe,2.0,12345678,
2155,Sandra Franco Torres,,,1,bar|cafe,2.0,12345678,
2156,Laura Araque López,,,2,restaurant,,12345678,
2157,manuel estrella,,,2,restaurant|bar,1.0,12345678,
2158,Angeles Sáez Ventura,,,1,restaurant,,12345678,
2159,sebastian,,,2,restaurant,,12345678,
2160,Jorge Martín Lopes,,,1,restaurant,,12345678,
2161,Francisco Jesús Checa Hernando,,,1,restaurant,1.0,12345678,
2162,Chema Rr,,,1,restaurant,1.0,12345678,
2163,JC Font,,,1,restaurant,1.0,12345678,
2164,Antonio Manuel Castellano Lopez,,,1,bar|restaurant,,12345678,
2165,Iván Marchal Urbano,,,1,bar|restaurant,,12345678,
2166,Damian Leon,,,1,bar|restaurant,,12345678,
2167,Frank Ibañez,,,7,bar|restaurant|night_club,1.67,12345678,
2168,Maria Belen Almazan Zambrana,,,3,bar|restaurant,1.0,12345678,
2169,Alvaro Komodoro,,,2,restaurant|meal_delivery,1.0,12345678,
2170,Guille Peñalver,,,2,restaurant|bar,1.0,12345678,
2171,Elisabeth Armenteros,,,1,restaurant,,12345678,
2172,Cortes,,,1,restaurant,1.0,12345678,
2173,Jesús Romero Aranda,,,1,bar|cafe|restaurant,,12345678,
2174,Pon Pim Pam Pum,,,1,bar|cafe|restaurant,,12345678,
2175,Jesus,,,2,restaurant|bar|cafe,,12345678,
2176,Joaquín Serrano mesa,,,1,bar|cafe|restaurant,,12345678,
2177,Raquel De Dios Espinosa,,,2,cafe|restaurant,,12345678,
2178,Carmen Hl,,,1,restaurant,,12345678,
2179,Vanessa Lorite,,,1,restaurant,1.0,12345678,
2180,Antonio Gámez,,,1,restaurant,1.0,12345678,
2181,JUAN MANUEL BUENO GALLEGO,,,1,restaurant,1.0,12345678,
2182,Antonio LC,,,1,bar|restaurant,,12345678,
2183,Andrés,,,3,restaurant|bar|cafe,,12345678,
2184,Jose Luis Bonal,,,1,bar|restaurant,,12345678,
2185,M MOLI,,,1,bar|restaurant,,12345678,
2186,Rastasari,,,1,bar|restaurant,,12345678,
2187,Josemi,,,1,bar|restaurant,1.0,12345678,
2188,antonio navarro,,,0,,,12345678,
2189,Cholo 2021,,,0,,,12345678,
2190,Kodi Tv,,,0,,,12345678,
2191,Yunier Duarte Cruz,,,1,restaurant,2.0,12345678,
2192,Fran CR,,,1,restaurant,2.0,12345678,
2193,V VR,,,2,Bar restaurante|restaurant,2.0,12345678,
2194,raul rambiyo ruiz xd,,,1,restaurant,,12345678,
2195,Ariel Fuentes Gómez,,,1,restaurant,,12345678,
2196,AGL “Cocinandojuntos”,,,1,bar|restaurant,1.0,12345678,
2197,Ismael Dayane,,,1,bar|restaurant,,12345678,
2198,Raúl,,,2,bar|restaurant,1.0,12345678,
2199,Markus López Weikl,,,2,bar|restaurant,1.5,12345678,
2200,Lina Romero Cañada,,,1,bar|cafe|restaurant,1.0,12345678,
2201,Antonio Urtiaga,,,1,bar|cafe|restaurant,1.0,12345678,
2202,Sebastian Afan Torres,,,1,bar|cafe|restaurant,,12345678,
2203,Cris A.A,,,1,bar|restaurant,2.0,12345678,
2204,Marisa Espinilla Gallardo,,,2,Restaurante|bar|restaurant,2.0,12345678,
2205,Alicia Mercal,,,1,bar|restaurant,2.0,12345678,
2206,Antonio Jimenez,,,4,bar|restaurant,1.5,12345678,
2207,Andre,,,1,restaurant,,12345678,
2208,Pedro Muñoz Espino,,,1,restaurant,2.0,12345678,
2209,javier alvarez,,,2,restaurant,2.0,12345678,
2210,Ana Martínez,,,5,bar|restaurant,2.0,12345678,
2211,Luis Geniz,,,1,restaurant,2.0,12345678,
2212,Julia Paz,,,1,bar|restaurant,,12345678,
2213,Casto Garcia,,,1,bar|restaurant,1.0,12345678,
2214,Antonio Carrero,,,1,bar|restaurant,,12345678,
2215,MARUXI LB,,,4,restaurant|bar,2.67,12345678,
2216,Cristina Aguilera,,,1,restaurant,,12345678,
2217,Amalia Ortega Reyes,,,5,restaurant|bar,2.5,12345678,
2218,Manuel Liebanas,,,2,restaurant|bar,1.0,12345678,
2219,Jesus Jimenez,,,4,restaurant|bar,1.0,12345678,
2220,Randa Morena,,,1,restaurant,1.0,12345678,
2221,lachinita armenteros,,,1,bar,3.0,12345678,
2222,Paulina Klaudia Woźniak,,,1,bar,,12345678,
2223,Arqueólogo culinario,,,1,bar,1.0,12345678,
2224,Eduardo Rodríguez,,,1,bar,1.0,12345678,
2225,Miguel Exposito,,,1,bar,1.0,12345678,
2226,Vicente Gasulla,,,1,bar,1.0,12345678,
2227,sergio cortés mir,,,1,bar|cafe|restaurant,1.0,12345678,
2228,Elisa Mendoza,,,1,bar|cafe|restaurant,1.0,12345678,
2229,Marcos Vallejo Vargas,,,1,bar|cafe|restaurant,1.0,12345678,
2230,Abel González Lozano,,,1,bar|cafe|restaurant,1.0,12345678,
2231,Jessica Navarro,,,2,restaurant|bar|cafe,1.0,12345678,
2232,Juan Carlos LS,,,1,bar|restaurant,1.0,12345678,
2233,Jaime Fernández,,,3,restaurant|bar,1.5,12345678,
2234,Miguel Festivo,,,2,restaurant|bar,1.5,12345678,
2235,VivalaRo,,,1,bar|restaurant,1.0,12345678,
2236,Manuel Lolo,,,1,bar|restaurant,1.0,12345678,
2237,sabina de la torre,,,1,restaurant,2.0,12345678,
2238,jose maria quiroga ruiz,,,1,restaurant,2.0,12345678,
2239,Julia Martinez,,,1,bar|restaurant,,12345678,
2240,Mikel Osa,,,1,bar|restaurant,,12345678,
2241,Amparo Rodríguez,,,2,bar|restaurant,1.0,12345678,
2242,María Navarro Jiménez,,,1,bar|restaurant,,12345678,
2243,Maria Caballero Teruel,,,10,restaurant|bar|cafe,1.25,12345678,
2244,Cynthia,,,1,bar|restaurant,,12345678,
2245,Monica Escudero Pastor,,,1,bar|restaurant,,12345678,
2246,Javier Fernandez,,,3,restaurant|bar|cafe,,12345678,
2247,Sima Barzegar,,,1,bar,,12345678,
2248,Vlad-M,,,1,bar,,12345678,
2249,Manuel Beltran Lopez,,,3,bar|Restaurante,2.0,12345678,
2250,Salvador Enrique Carrasco Gomez,,,1,bar,2.0,12345678,
2251,Antonio Blasco López,,,2,bar,2.0,12345678,
2252,Caballero Hesketh,,,1,restaurant,3.0,12345678,
2253,Antonio Mata Alarcón,,,1,restaurant,3.0,12345678,
2254,Gemma Sanchez Narvaez,,,1,restaurant,3.0,12345678,
2255,Pepal,,,1,restaurant,3.0,12345678,
2256,Tamara Gila Cardenas,,,1,cafe,,12345678,
2257,Daniel RG,,,1,cafe,,12345678,
2258,Jose Luís Martínez López,,,1,cerveceria,2.0,12345678,
2259,Ana Belén Fuentes Martinez,,,2,cerveceria|meal_takeaway|restaurant,2.0,12345678,
2260,Miguel Angel De Ana,,,1,cerveceria,2.0,12345678,
2261,Karonte,,,1,cafe,,12345678,
2262,juanlcj3394,,,2,bar|cafe|restaurant,1.0,12345678,
2263,Alika Arishchenko,,,1,cafe,,12345678,
2264,Pedro San Bruno,,,1,restaurant,,12345678,
2265,Antonio J.,,,1,restaurant,,12345678,
2266,Desii,,,1,restaurant,,12345678,
2267,J. Esteban,,,2,bar|restaurant,,12345678,
2268,Jaime Torres,,,1,restaurant,2.0,12345678,
2269,YUREMA,,,1,restaurant,2.0,12345678,
2270,Yolanda Sánchez Duque,,,1,restaurant,1.0,12345678,
2271,Antonio Hidalgo Higueras,,,1,restaurant,1.0,12345678,
2272,María Perez,,,1,restaurant,,12345678,
2273,Oana Iacob,,,2,restaurant|bar,1.0,12345678,
2274,Raúl Fernández Carmona,,,1,restaurant,,12345678,
2275,Maria P.,,,1,restaurant,2.0,12345678,
2276,Encarni C.,,,1,restaurant,,12345678,
2277,Maribel Villar,,,1,restaurant,2.0,12345678,
2278,Andrea Iruela,,,1,restaurant,2.0,12345678,
2279,Lucia Perez Vilanova,,,1,restaurant,2.0,12345678,
2280,María Francés,,,4,restaurant|bakery|cafe,2.0,12345678,
2281,Katherine Peña Sánchez,,,1,bakery|cafe,,12345678,
2282,Ana Ortega,,,2,bakery|cafe|restaurant,3.0,12345678,
2283,Alejandra Molina,,,1,bakery|cafe,,12345678,
2284,antonio santos,,,0,,,12345678,
2285,Alba,,,4,restaurant|bar|cafe,1.0,12345678,
2286,jubapirt,,,1,restaurant,,12345678,
2287,Manuel Calvo,,,0,,,12345678,
2288,Halomar,,,1,bar|restaurant,2.0,12345678,
2289,juan lozano Colón,,,4,bar|restaurant|cafe,1.5,12345678,
2290,Al zuma,,,1,bar|restaurant,2.0,12345678,
2291,Mery,,,3,restaurant|bar|meal_takeaway,2.5,12345678,
2292,Manolo G.C.,,,2,restaurant|cafe|meal_takeaway,2.0,12345678,
2293,Isabel Milla Aranda,,,1,meal_takeaway|restaurant,,12345678,
2294,Biguoter,,,1,meal_takeaway|restaurant,,12345678,
2295,Sofía Palomo,,,1,restaurant,,12345678,
2296,Miguel Luque,,,1,restaurant,,12345678,
2297,Alejandro Lizana,,,1,restaurant,,12345678,
2298,RAD 7,,,2,restaurant,,12345678,
2299,Naomi Ordóñez,,,1,bar|restaurant,,12345678,
2300,Antonio Cobo Cuevas,,,3,bar|night_club|restaurant,1.0,12345678,
2301,Guillermo C.P.,,,1,bar|restaurant,,12345678,
2302,Carlos Lopez Lopez,,,1,bar|restaurant,,12345678,
2303,Josefina Marimón,,,1,restaurant,1.0,12345678,
2304,Juan Carlos “GoryTOP” León,,,1,restaurant,1.0,12345678,
2305,Mario S.,,,1,restaurant,1.0,12345678,
2306,Maria Palomino,,,3,bar|restaurant,,12345678,
2307,Jose Romel,,,1,bar,,12345678,
2308,Mario Izquierdo Baldoy,,,1,bar,,12345678,
2309,Trabajo Trabajo,,,1,bar,,12345678,
2310,Jcami,,,1,bar,,12345678,
2311,Jadys Rodriguez,,,0,,,12345678,
2312,Diana Baena Rama,,,1,bar,3.0,12345678,
2313,Rocio Casas Molina,,,0,,,12345678,
2314,C.S.Peinado,,,2,bar|cafe|restaurant,1.0,12345678,
2315,Tony Chicas Rosa,,,1,restaurant,,12345678,
2316,Pedro Luis Gutierrez Navarro,,,2,restaurant|bar,1.0,12345678,
2317,Cristobal Díaz-Peñalver Carrión,,,2,bar|restaurant,1.0,12345678,
2318,Almudena Andrades Goya,,,1,restaurant,,12345678,
2319,Juan Jose Sanchez Lopez,,,2,cafe|restaurant|bar,1.0,12345678,
2320,Estiven Arredondo,,,1,bar|cafe|restaurant,1.0,12345678,
2321,lazaro sanchez,,,1,bar|cafe|restaurant,1.0,12345678,
2322,francis garcia,,,1,bar|cafe|restaurant,1.0,12345678,
2323,Francisco J. Gonzalez Mercado (Kiko),,,1,restaurant,,12345678,
2324,Raul Sanchez,,,2,bar|restaurant,,12345678,
2325,Rubén Diana Martín,,,1,restaurant,,12345678,
2326,Soraya Illera Martínez,,,1,restaurant,,12345678,
2327,ra r,,,1,cafe,1.0,12345678,
2328,Bea Meilán Acebedo,,,1,cafe,1.0,12345678,
2329,Sara Carrascosa Fuentes,,,1,cafe,1.0,12345678,
2330,Yauma,,,1,cafe,1.0,12345678,
2331,Fernando G. B. (Ferchuss Rock),,,1,cafe,1.0,12345678,
2332,Alba María Vílchez Gutiérrez,,,1,bar|restaurant,1.0,12345678,
2333,Aurelio Fernandez,,,1,bar|restaurant,1.0,12345678,
2334,María José García Serrano,,,4,bar|restaurant|meal_delivery,1.0,12345678,
2335,nicodeine,,,1,bar|restaurant,1.0,12345678,
2336,Diego S.S,,,3,restaurant|bar|meal_takeaway,,12345678,
2337,Daniel Díaz,,,2,bar|restaurant,2.0,12345678,
2338,José Jesús Domínguez Palma,,,2,restaurant|bar,2.0,12345678,
2339,Beatriz Ruiz Muñoz,,,3,restaurant|bar|cafe,2.0,12345678,
2340,Raúl Morales del Piñal,,,1,bar|restaurant,2.0,12345678,
2341,Inma Torres Higueras,,,3,restaurant|Bar restaurante|bar,1.5,12345678,
2342,A. G.P.,,,2,cafe|restaurant,1.0,12345678,
2343,María Isabel Fernández,,,0,,,12345678,
2344,Cuenta de Gmail,,,0,,,12345678,
2345,Tussy Hookah,,,0,,,12345678,
2346,Juan Martínez,,,0,,,12345678,
2347,Maria CoboT,,,1,bakery,,12345678,
2348,Rocío,,,5,restaurant|bakery|cafe,1.75,12345678,
2349,Mari Carmen Valdivia de la Casa,,,1,bakery,,12345678,
2350,ter FONTECHA SANCHEZ,,,1,bakery,,12345678,
2351,Borja,,,2,bar|cafe,,12345678,
2352,Pedro Sánchez,,,4,restaurant|bakery|cafe,2.0,12345678,
2353,Nicolás Carrascosa,,,1,cafe,1.0,12345678,
2354,Paqui Domínguez Fernández,,,1,restaurant,1.0,12345678,
2355,Alba Serrano,,,1,restaurant,1.0,12345678,
2356,Ccv,,,1,restaurant,,12345678,
2357,Mari Criado,,,1,restaurant,1.0,12345678,
2358,Conchi Morales Cantos,,,1,restaurant,1.0,12345678,
2359,Antonio Pulido Casas,,,2,restaurant,,12345678,
2360,Familia Rama,,,2,cafe|restaurant,,12345678,
2361,Jose Molina,,,3,bar|restaurant,2.0,12345678,
2362,Diego Morillas soy,,,1,restaurant,,12345678,
2363,David Valderrama pancorbo,,,1,restaurant,,12345678,
2364,JMGT,,,1,bar|restaurant,,12345678,
2365,Eduardo Capareli,,,1,bar|restaurant,,12345678,
2366,suziel,,,1,bar,,12345678,
2367,JOSÉ JAVIER SÁNCHEZ GARCÍA,,,1,bar,,12345678,
2368,Miguel Naranjo,,,1,bar,1.0,12345678,
2369,jose garcia baño,,,1,bar,1.0,12345678,
2370,Eva Mata Arias,,,3,bar,1.0,12345678,
2371,José Andrés R,,,5,restaurant|bar,2.0,12345678,
2372,N M,,,1,restaurant,2.0,12345678,
2373,Pdtor chimchampum,,,1,restaurant,,12345678,
2374,Jesús Pérez,,,1,restaurant,2.0,12345678,
2375,Adrian Parraga Garcia,,,1,restaurant,,12345678,
2376,Tomollo Weyland,,,1,restaurant,,12345678,
2377,USMAN MUHAMMAD,,,1,restaurant,,12345678,
2378,Subtain Munir,,,1,restaurant,,12345678,
2379,JUAN ANTONIO RUIZ,,,1,bar|cafe,,12345678,
2380,Alfredo,,,5,cafe|bar|restaurant,1.5,12345678,
2381,Yohana Lopera Ordoñez,,,1,bar|cafe,,12345678,
2382,pedro montesinos montoro,,,1,bakery,1.0,12345678,
2383,Lola Recadera,,,1,bakery,1.0,12345678,
2384,Mariajose Leon,,,1,bakery,1.0,12345678,
2385,Luis RG,,,5,restaurant|bakery|bar,1.75,12345678,
2386,Maribel TP,,,3,restaurant|bar|cafe,1.0,12345678,
2387,Marta Guerrero,,,1,cafe|restaurant,1.0,12345678,
2388,Juan Hidalgo Moreno,,,1,cafe|restaurant,1.0,12345678,
2389,Paula Cruz Pulido,,,2,restaurant,2.0,12345678,
2390,CAROLINA SANTIAGO,,,1,restaurant,2.0,12345678,
2391,Antonio David Baena,,,1,restaurant,2.0,12345678,
2392,Inma Prieto,,,1,restaurant,2.0,12345678,
2393,Angel palacios,,,1,restaurant,2.0,12345678,
2394,Andrés Ha Párraga Ruiz,,,1,bar|restaurant,,12345678,
2395,María,,,8,restaurant|bar|cafe,2.0,12345678,
2396,Juan Luis,,,1,bar|restaurant,,12345678,
2397,Gonzalo Pulido Rentero,,,1,bar,,12345678,
2398,Puri Moreno López,,,1,bar,,12345678,
2399,Cristina Venegas,,,3,bar|cafe|restaurant,,12345678,
2400,Blas Romero,,,1,bar,,12345678,
2401,Jaimepercu2411,,,1,bar,,12345678,
2402,Francisco J. Torres Gutierrez,,,2,bar|meal_takeaway|restaurant,,12345678,
2403,Rosario Ramiro,,,1,bar,,12345678,
2404,Lidia Viedma,,,1,bar,,12345678,
2405,Maria José Mora Santos,,,1,bar,,12345678,
2406,Agustín González Perea,,,1,meal_takeaway|restaurant,,12345678,
2407,Pedro Egea,,,1,meal_takeaway|restaurant,,12345678,
2408,Marta Norgaard,,,1,meal_takeaway|restaurant,,12345678,
2409,Angustias Estepa,,,1,meal_takeaway|restaurant,,12345678,
2410,Maria Garcia,,,2,bar|restaurant,2.0,12345678,
2411,David Aranda,,,2,bar|meal_takeaway|restaurant,1.0,12345678,
2412,David Ramírez Castillo,,,1,bar,,12345678,
2413,Toni Moya,,,1,bar,,12345678,
2414,Ana Sánchez,,,1,bar|restaurant,,12345678,
2415,Victor Carrillo campos,,,1,bar|restaurant,,12345678,
2416,Julian Lopez,,,1,bar|restaurant,,12345678,
2417,Mercedes Segura,,,1,restaurant,,12345678,
2418,Diego García Losada,,,2,restaurant|bar,,12345678,
2419,Bordadosmarcos Carrefour,,,2,restaurant,,12345678,
2420,Alberto Llaveria,,,3,bar|restaurant,,12345678,
2421,elena rodriguez,,,1,bar,,12345678,
2422,Eva Gómez,,,1,bar,,12345678,
2423,Samuel Naranjo,,,2,bar|restaurant,1.0,12345678,
2424,Silvia Serrano,,,2,bar|meal_delivery|meal_takeaway,,12345678,
2425,Carmen Garcia,,,3,restaurant|cafe,2.0,12345678,
2426,rosa pol del rio,,,0,,,12345678,
2427,Teresa MUÑOZ SANJUAN,,,1,bar,1.0,12345678,
2428,Fernando Cornet,,,0,,,12345678,
2429,Andre W. Klein,,,1,bakery,,12345678,
2430,Anabel Expósito Navas,,,1,bakery,,12345678,
2431,Irene Pérez Delgado,,,1,bakery,,12345678,
2432,Ana Maria Moreno,,,1,bakery,,12345678,
2433,Esther Maria Gomez,,,1,bakery,,12345678,
2434,Juan Carlos Martínez,,,1,bar,1.0,12345678,
2435,Ana López,,,3,bar|restaurant,1.0,12345678,
2436,Pollo haro,,,1,bar,1.0,12345678,
2437,Eva Cervera,,,1,bar,1.0,12345678,
2438,Carlos Alonso,,,1,bar,1.0,12345678,
2439,María de los Ángeles almonacid torres,,,1,bar,1.0,12345678,
2440,rafael cardenas lopez,,,1,bar,1.0,12345678,
2441,Víctor Manuel Pérez Muñoz,,,1,bar,1.0,12345678,
2442,Paco Morales,,,3,bar|restaurant,1.33,12345678,
2443,María García Jiménez,,,1,bar,,12345678,
2444,Pablo Morales,,,1,bar,,12345678,
2445,Miguel Ángel Peñas Valdivia,,,1,bar,,12345678,
2446,José Juan Rodríguez Sanjuán,,,1,bar,,12345678,
2447,Juan Carlos Martinez Catena,,,1,bar,,12345678,
2448,Juanjo delgado segura,,,1,bar,1.0,12345678,
2449,Manolo Cobo Ortega,,,1,bar,1.0,12345678,
2450,Josepha Cobo Montesinos,,,1,bar,1.0,12345678,
2451,Antonio Moral Robles,,,1,bar,1.0,12345678,
2452,Ger,,,1,restaurant,,12345678,
2453,Jose Burgos,,,1,restaurant,,12345678,
2454,María Jesús Burgos ventura,,,1,restaurant,,12345678,
2455,El Ñito,,,1,restaurant,,12345678,
2456,Susana Gonzalez,,,1,restaurant,,12345678,
2457,Carmen MA,,,1,meal_takeaway|restaurant,,12345678,
2458,Maria Martos Gouissem,,,1,meal_takeaway|restaurant,,12345678,
2459,Gustavo Quiroga,,,1,meal_takeaway|restaurant,,12345678,
2460,Hissa _28,,,1,meal_takeaway|restaurant,,12345678,
2461,Poncheta Cs,,,1,meal_takeaway|restaurant,1.0,12345678,
2462,Marco Gavilán,,,1,meal_takeaway|restaurant,,12345678,
2463,Jose Antonio Aparicio Gonzalez,,,1,meal_takeaway|restaurant,1.0,12345678,
2464,Roma Bout,,,1,restaurant,1.0,12345678,
2465,Cristina Cortes Peragon,,,3,restaurant|bar|meal_takeaway,2.0,12345678,
2466,Alicia Montoro Martinez,,,1,restaurant,,12345678,
2467,OSCAR elmohicano,,,1,restaurant,,12345678,
2468,Sas Sa,,,1,restaurant,,12345678,
2469,julio ubeda quesada,,,1,restaurant,,12345678,
2470,Luisa Menlo,,,1,restaurant,,12345678,
2471,Rocio Gr,,,1,meal_delivery|meal_takeaway|restaurant,,12345678,
2472,Laura Isabela,,,1,meal_delivery|meal_takeaway|restaurant,,12345678,
2473,Alfonso Prieto95,,,1,meal_delivery|meal_takeaway|restaurant,,12345678,
2474,REYES ESTRADA,,,6,restaurant|bar,1.75,12345678,
2475,deathbyangels,,,1,restaurant,2.0,12345678,
2476,eusebio gomez,,,5,restaurant|bar,1.25,12345678,
2477,JaimeLNArch,,,1,restaurant,,12345678,
2478,Marlu ARMY,,,1,restaurant,,12345678,
2479,David Fernández Quesada,,,1,restaurant,,12345678,
2480,Alex Morillas,,,1,restaurant,,12345678,
2481,Azahara Escribano,,,1,restaurant,,12345678,
2482,Maria Dolores Caruda Muñoz,,,1,restaurant,2.0,12345678,
2483,Manuel Ramos Zamora,,,0,,,12345678,
2484,Ainhoa González,,,1,Bar de tapas,2.0,12345678,
2485,Aylén Bodeman Ortega,,,1,restaurant,2.0,12345678,
2486,Juan Ortega,,,1,restaurant,,12345678,
2487,David C,,,2,restaurant|bar,,12345678,
2488,Tomás Muñoz,,,2,bar|cafe|restaurant,1.0,12345678,
2489,Ja. JiC,,,1,cafe|restaurant,1.0,12345678,
2490,Kathmoor,,,1,cafe|restaurant,1.0,12345678,
2491,Isaac,,,1,restaurant,1.0,12345678,
2492,christina Luq,,,1,restaurant,1.0,12345678,
2493,Martin Barrero Montávez,,,1,restaurant,1.0,12345678,
2494,Juan Carlos Galdon,,,1,bar,1.0,12345678,
2495,JCCG,,,1,bar,1.0,12345678,
2496,morenoypelirrojo pa que aprendas,,,1,bar,,12345678,
2497,Lorena GC,,,1,bar,1.0,12345678,
2498,Javier R. A.,,,1,bar|cafe|restaurant,1.0,12345678,
2499,Annette Pujol,,,1,bar|cafe|restaurant,1.0,12345678,
2500,Marina López Cárdenas,,,3,restaurant|bar|cafe,2.0,12345678,
2501,jesus FERNANDEZ DOMINGUEZ,,,5,restaurant|bar|cafe,2.0,12345678,
2502,Inma Ruiz,,,3,restaurant|bar|cafe,1.5,12345678,
2503,Johanna CR,,,1,meal_takeaway|restaurant,2.0,12345678,
2504,natalia alcázar margarito,,,1,meal_takeaway|restaurant,,12345678,
2505,Angela Rivas mena,,,1,meal_takeaway|restaurant,,12345678,
2506,Sara sanchez requena,,,1,meal_delivery|meal_takeaway|restaurant,,12345678,
2507,monica rodriguez campaña,,,1,meal_delivery|meal_takeaway|restaurant,,12345678,
2508,Tonia,,,1,meal_delivery|meal_takeaway|restaurant,,12345678,
2509,Alejandra MC,,,1,meal_delivery|meal_takeaway|restaurant,,12345678,
2510,Reikzak,,,1,meal_delivery|meal_takeaway|restaurant,1.0,12345678,
2511,Salome Sanchez,,,1,meal_takeaway|restaurant,1.0,12345678,
2512,Carolina Urtiaga (Foto - Video - Diseño),,,2,bar|meal_takeaway|restaurant,1.0,12345678,
2513,Virginia Medina Sánchez,,,1,meal_takeaway|restaurant,,12345678,
2514,Raúl Cumbreras Ramírez,,,1,meal_takeaway|restaurant,1.0,12345678,
2515,AA GAC,,,1,meal_takeaway|restaurant,,12345678,
2516,bienvenidosabordo,,,1,cafe,,12345678,
2517,Andrea Torres,,,1,cafe,,12345678,
2518,Maria Dolores Cabrera Higueras,,,1,cafe,,12345678,
2519,Javier Gil,,,1,cafe,,12345678,
2520,Lucía Heredia Cejudo,,,2,cafe,,12345678,
2521,Charo PM,,,2,cafe,,12345678,
2522,Fátima Espinosa López,,,1,cafe,,12345678,
2523,Juan Villarejo Urrea,,,1,cafe,,12345678,
2524,DAYDA ORTEGA PAREDES,,,1,cafe,,12345678,
2525,blas tiscar cano,,,0,,,12345678,
2526,Santiago Diaz,,,0,,,12345678,
2527,David Daniel Ruiz Garzon,,,0,,,12345678,
2528,Zento Gijón,,,0,,,12345678,
2529,X_titan,,,0,,,12345678,
2530,Antonio J. Torres,,,0,,,12345678,
2531,Yenifer Esplugas,,,0,,,12345678,
2532,merlí,,,0,,,12345678,
2533,Manuel Barberan Ruiz,,,1,bar|restaurant,1.0,12345678,
2534,Virginia Medina Gómez,,,1,bar|restaurant,1.0,12345678,
2535,Zahid Melesio,,,2,bar|restaurant,,12345678,
2536,Eduardo Nuñez,,,1,bar|restaurant,,12345678,
2537,Daniela Alarcón,,,1,restaurant,,12345678,
2538,Sarai Lopez,,,1,restaurant,,12345678,
2539,Manuel Molina Martínez,,,1,restaurant,,12345678,
2540,Maria Jesus Cubillo Guerrero,,,1,restaurant,,12345678,
2541,santiago aguilera,,,1,bar,1.0,12345678,
2542,Adelaida Martinez Yubero,,,1,bar,,12345678,
2543,Martin Ruiz,,,1,bar,1.0,12345678,
2544,Rafi Muñoz castilla,,,1,bar,1.0,12345678,
2545,Juan Antonio Vázquez López,,,1,restaurant,,12345678,
2546,Pepi Gutiérrez Gallego,,,4,bar|restaurant,1.0,12345678,
2547,Paqui Jurado,,,2,cafe|restaurant,2.0,12345678,
2548,David Garcia,,,3,bar|cafe|restaurant,2.0,12345678,
2549,Maria Jose Maldonado Paez,,,1,bar|restaurant,,12345678,
2550,Jose Luis Bolivar,,,1,bar|restaurant,,12345678,
2551,Lolo JFR,,,1,bar|restaurant,,12345678,
2552,Antonio Comino Cañadas,,,2,bar|restaurant,,12345678,
2553,Ana Maria Velasco,,,1,bar,1.0,12345678,
2554,Jose María Cubillo Sanchez-Puerta,,,1,bar,1.0,12345678,
2555,Paki Gomez Fernandez,,,1,bar,1.0,12345678,
2556,Verónica Molina Ortega,,,1,cafe,1.0,12345678,
2557,Raquel Delgado,,,1,cafe,1.0,12345678,
2558,andrea p,,,2,restaurant,2.0,12345678,
2559,MERCHE,,,2,restaurant|cafe,,12345678,
2560,Irene Gavilán Díaz,,,1,restaurant,,12345678,
2561,Loli Martos,,,1,restaurant,,12345678,
2562,Luis Gamarra Jimenez,,,1,restaurant,,12345678,
2563,ROBERTO SÁNCHEZ-BEATO FERNÁNDEZ,,,1,restaurant,,12345678,
2564,Andres Picon,,,1,restaurant,,12345678,
2565,Antonio Gomez morales,,,1,restaurant,,12345678,
2566,Deborah,,,1,bar|restaurant,1.0,12345678,
2567,Daniel Merlos Garcia,,,1,bar|restaurant,1.0,12345678,
2568,Gonzalo González,,,2,bar|restaurant,1.5,12345678,
2569,Maria Camino,,,1,bar|restaurant,1.0,12345678,
2570,Jose Manuel Rosales Olmo,,,1,bar|restaurant,1.0,12345678,
2571,Zim Invader,,,1,bar|restaurant,1.0,12345678,
2572,Quique Hernandez,,,1,bar|restaurant,1.0,12345678,
2573,natalia gutierrez lopez,,,1,restaurant,,12345678,
2574,laura hurtado,,,1,restaurant,,12345678,
2575,Pedro Manuel Martín Cañada,,,1,restaurant,,12345678,
2576,Dess,,,1,restaurant,,12345678,
2577,AntsESP mundo hormiga en español,,,1,restaurant,,12345678,
2578,Vicente Llopis soto,,,1,cafe|restaurant,2.0,12345678,
2579,facundo Guevara,,,1,cafe|restaurant,2.0,12345678,
2580,Maryjesub,,,1,cafe|restaurant,1.0,12345678,
2581,Miguel Angel Tijeras Velasco,,,1,cafe|restaurant,1.0,12345678,
2582,Alejandro Torres Tabernero,,,1,cafe|restaurant,,12345678,
2583,Alejandro Torres (Alejj_Torres),,,1,cafe|restaurant,,12345678,
2584,Mar B,,,1,cafe|restaurant,1.0,12345678,
2585,ALBERTO PUERTA GUTIÉRREZ,,,2,bar|restaurant,1.0,12345678,
2586,margalida sastre muñoz,,,1,bar|restaurant,1.0,12345678,
2587,Miguel Bellido,,,1,restaurant,2.0,12345678,
2588,Raquel González,,,1,restaurant,2.0,12345678,
2589,Victor Alonso Berdasco,,,2,bakery|restaurant,2.0,12345678,
2590,Sarita Pipa,,,1,restaurant,2.0,12345678,
2591,Esther corral,,,1,bakery,,12345678,
2592,Paco Armenteros,,,1,bakery,,12345678,
2593,A A A,,,1,bakery,,12345678,
2594,Manuel Martínez,,,3,bar|bakery|restaurant,2.0,12345678,
2595,Lucía Cano,,,1,bar,,12345678,
2596,Alicia Menchon Lopez,,,1,bar,,12345678,
2597,Maria del Carme Bladé Vidal,,,1,bar,,12345678,
2598,Rocio Chinchilla,,,1,bar,,12345678,
2599,J C,,,1,bar,,12345678,
2600,Alicia Gimenez garcia,,,1,bar,,12345678,
2601,Reseñando García Díaz,,,1,bar,,12345678,
2602,juan angel amezcua lanzas,,,1,bar,,12345678,
2603,Andres Gomez,,,1,bar,,12345678,
2604,Xiko Morales,,,1,bar,,12345678,
2605,Montserrat Ortega Sánchez,,,1,bar,,12345678,
2606,Luis Cortes,,,1,bar,,12345678,
2607,vanesa “brujita” perez alguacil,,,4,restaurant|bakery|bar,,12345678,
2608,Alcivar Chamba,,,1,bar,,12345678,
2609,Antonio de la Torre Lopez,,,1,bar,,12345678,
2610,manu jimenez,,,1,bar,,12345678,
2611,erizooo,,,1,bar,,12345678,
2612,Danielle Gardner,,,1,bar,,12345678,
2613,José María García González,,,1,bar,,12345678,
2614,Mónica González,,,1,bar,,12345678,
2615,vicram210,,,1,bar,,12345678,
2616,María José,,,1,restaurant,,12345678,
2617,Agu Portillo,,,1,restaurant,,12345678,
2618,Encarni Belt,,,7,restaurant|bar,1.0,12345678,
2619,María Eugenia Vilchez Villatoro,,,1,bar|restaurant,1.0,12345678,
2620,Javier Espin,,,7,cafe|restaurant,1.75,12345678,
2621,Juan RN,,,1,cafe|restaurant,1.0,12345678,
2622,Maria Berdun,,,1,bar|restaurant,1.0,12345678,
2623,Raúl Pans,,,1,bar|restaurant,1.0,12345678,
2624,Juan F.A,,,1,bar|restaurant,1.0,12345678,
2625,José López Mateos,,,1,bar|restaurant,1.0,12345678,
2626,Yolanda Ramos,,,1,bar|cafe|restaurant,,12345678,
2627,Adri Para ti,,,1,bar|cafe|restaurant,,12345678,
2628,Daniel Arroyo,,,1,bar|restaurant,1.0,12345678,
2629,David Ranea,,,3,restaurant|bar,1.0,12345678,
2630,Antonio Moreno Rodríguez,,,1,bar|restaurant,1.0,12345678,
2631,Miriam Bermúdez Bejarano,,,1,bakery,,12345678,
2632,J RM,,,1,bakery,,12345678,
2633,Domingo Cobo López,,,1,bakery,,12345678,
2634,J,,,3,bakery|bar|restaurant,,12345678,
2635,Beatriz Aguilera,,,1,bakery,,12345678,
2636,Moises Pacho,,,0,,,12345678,
2637,David Pedrosa,,,0,,,12345678,
2638,Carola Nocove,,,0,,,12345678,
2639,Juani Fuentes,,,0,,,12345678,
2640,Clemente Carmona Fernández,,,0,,,12345678,
2641,Tcc,,,1,bar|cafe|restaurant,1.0,12345678,
2642,Antonio C,,,2,bar|cafe|restaurant,1.0,12345678,
2643,Laura Truchado Vozmediano,,,1,bar|cafe|restaurant,1.0,12345678,
2644,Cosme Marmol Delgado,,,2,bar|restaurant|cafe,1.0,12345678,
2645,Yoli Lorente,,,1,bar,1.0,12345678,
2646,Pepe,,,2,bar|restaurant,1.0,12345678,
2647,Juan Lendinez,,,1,bar,,12345678,
2648,Jaime Domingo Westerbring,,,3,bar|restaurant,1.33,12345678,
2649,Juan Hoces,,,0,,,12345678,
2650,Deka Mobiliario Decoración,,,0,,,12345678,
2651,Nuria Moreno,,,0,,,12345678,
2652,JUAN MIGUEL CASTELLANO MARTINEZ,,,0,,,12345678,
2653,Joaquin,,,1,bar,,12345678,
2654,Pilar Esteban Ruiz,,,2,bar|night_club,3.0,12345678,
2655,Pepe Navas,,,1,bar|night_club,,12345678,
2656,Manolo Calatrava,,,1,bar|night_club,,12345678,
2657,Merche Aguayo,,,1,bar,,12345678,
2658,Psepsa,,,1,bar,,12345678,
2659,Jorge Lobato,,,1,bar,,12345678,
2660,Juan Mena Gallego,,,1,bar,,12345678,
2661,Mary Bermúdez,,,1,bar,,12345678,
2662,RUTH AMINA ÁLVAREZ BLANCO,,,1,bakery|cafe,,12345678,
2663,Toni Labrador,,,1,bakery|cafe,,12345678,
2664,Ismael Garcia Reyes,,,1,bakery|cafe,1.0,12345678,
2665,ana fernandez parras,,,1,bakery|cafe,1.0,12345678,
2666,Antonio Ríos,,,1,bakery|cafe,1.0,12345678,
2667,Pablo Diaz,,,1,pub,,12345678,
2668,jesus raya sutil,,,1,pub,,12345678,
2669,jesus aguilar jimenez,,,1,pub,,12345678,
2670,XAUEN REPARACIONES S.L.U,,,1,pub,,12345678,
2671,Juan Carlos robles,,,1,pub,,12345678,
2672,alex,,,1,bar,,12345678,
2673,Angel García,,,1,bar,,12345678,
2674,MANUEL GARCIA,,,1,restaurant,,12345678,
2675,Jose Antonio Sanchez Gonzalez,,,1,restaurant,,12345678,
2676,Isabel Can Jur,,,1,restaurant,,12345678,
2677,Sofia Ruiz,,,1,restaurant,,12345678,
2678,David Pedrajas Muñoz,,,1,restaurant,1.0,12345678,
2679,moniexi___,,,1,restaurant,,12345678,
2680,Ines,,,1,restaurant,1.0,12345678,
2681,Celia MB,,,1,restaurant,,12345678,
2682,Antonio Rosa,,,1,cafe,,12345678,
2683,Keke Zafra,,,1,cafe,,12345678,
2684,Juan Carlos Castelló,,,1,cafe,,12345678,
2685,Luis Guerrero,,,2,cafe|restaurant,,12345678,
2686,Simón Ramos,,,2,bar|cafe,,12345678,
2687,Antonio Núñez Sánchez,,,1,bar|cafe|restaurant,,12345678,
2688,Ibel P.R.,,,1,bar|restaurant,1.0,12345678,
2689,rafa orozco,,,1,bar|restaurant,1.0,12345678,
2690,Almupunupupu García,,,1,restaurant,,12345678,
2691,josemariaros,,,1,restaurant,,12345678,
2692,Miguel Jimenez,,,1,restaurant,,12345678,
2693,Juanjo Garcia,,,1,restaurant,,12345678,
2694,Noelia Estévez Fernández,,,1,restaurant,,12345678,
2695,Silvia,,,1,restaurant,,12345678,
2696,Eduardo Vargas,,,1,restaurant,1.0,12345678,
2697,juan de dios gonzalez martin,,,1,restaurant,1.0,12345678,
2698,Mari Romero Tirado,,,1,restaurant,,12345678,
2699,Carmen Maria Moral Moral,,,2,bar|restaurant,1.0,12345678,
2700,Carmen Urquiza Sierra,,,2,bar|cafe,1.0,12345678,
2701,Felipe López,,,1,bar,1.0,12345678,
2702,Mamen Saiz,,,1,bar,1.0,12345678,
2703,Javier Contreras Sánchez,,,1,bar,1.0,12345678,
2704,Lucia Ramos Ruiz,,,1,restaurant,,12345678,
2705,maria_lina HIGUERAS RODRIGUEZ,,,1,restaurant,,12345678,
2706,esther martinez martin,,,1,restaurant,,12345678,
2707,Juan Conde Casado,,,1,restaurant,,12345678,
2708,as ps,,,1,bar|restaurant,,12345678,
2709,YSABEL MIRANDA,,,1,bar|restaurant,,12345678,
2710,Antonio D. Medina Medina,,,1,bar|restaurant,,12345678,
2711,Manel Font,,,1,bar|restaurant,,12345678,
2712,COSICAS DEL PROFE FRAN,,,2,bar|restaurant,1.0,12345678,
2713,Juan lópez caballero,,,1,bar|restaurant,,12345678,
2714,Maite Ortega Morillas,,,1,bar|restaurant,,12345678,
2715,MIKE GTA48,,,1,bar|restaurant,,12345678,
2716,Virgina Delgado,,,1,bar,,12345678,
2717,Gregorio Cañas rivas,,,1,bar,,12345678,
2718,ildefonso molina,,,1,bar,,12345678,
2719,Jose Fernandez León,,,3,bar|restaurant,,12345678,
2720,Antonio jose,,,2,bar,,12345678,
2721,Sergio Espinosa Lopez,,,1,bar,,12345678,
2722,Jose Miguel Heredia Nuñez,,,1,bar,,12345678,
2723,Francisco Montávez de la Torre,,,1,bar,,12345678,
2724,lii m,,,1,bar|restaurant,,12345678,
2725,P.R.U. Sabiote,,,1,bar|restaurant,,12345678,
2726,Tony Padilla,,,8,bar|restaurant|bakery,2.0,12345678,
2727,Lolo Aquiles,,,0,,,12345678,
2728,Bartolome Pozas Balboa,,,0,,,12345678,
2729,Manuel Naranjo Ramirez,,,0,,,12345678,
2730,Mortix404,,,1,restaurant,1.0,12345678,
2731,Cristobal Diaz Ramirez,,,0,,,12345678,
2732,Ana Belén Sánchez,,,1,restaurant,1.0,12345678,
2733,Hossum Tovar Duran,,,1,restaurant,1.0,12345678,
2734,Silvia Nile,,,1,restaurant,1.0,12345678,
2735,Raquel Salce R.,,,1,restaurant,1.0,12345678,
2736,Jose Manuel Gomez Castillo,,,1,restaurant,1.0,12345678,
2737,Miguel Angel Gómez Burgos,,,0,,,12345678,
2738,JOSE MANUEL LOPEZ GORDILLO,,,0,,,12345678,
2739,M. G.M,,,0,,,12345678,
2740,Raquel serrano díaz,,,0,,,12345678,
2741,Comida Rapida,,,1,restaurant,,12345678,
2742,Babar Ali,,,1,restaurant,,12345678,
2743,Ramón M,,,2,restaurant,,12345678,
2744,Marisa Lopez,,,2,bar|restaurant,2.0,12345678,
2745,Jose Caballero jimenenez,,,0,,,12345678,
2746,Jose Maria Navarrete Garcia,,,2,restaurant,1.0,12345678,
2747,Pedro Justicia Pastrana,,,2,bar,,12345678,
2748,Lore Morillas Moreno,,,0,,,12345678,
2749,Champagnepapi,,,1,restaurant,1.0,12345678,
2750,Juan Miguel,,,1,restaurant,,12345678,
2751,Juan Nacho Padilla,,,9,bar|restaurant|bakery,1.71,12345678,
2752,Antonio Sánchez,,,9,bar|cafe|restaurant,1.0,12345678,
2753,Maricarmen Benítez Fernández,,,1,cafe,,12345678,
2754,Ricardo A Ruiz Ortuño,,,1,cafe,,12345678,
2755,Lola Justicia Galiano,,,1,cafe,,12345678,
2756,Josemi Gamez nieto,,,1,cafe,,12345678,
2757,Carlos Taboada,,,1,bar,,12345678,
2758,Joaquin Molina,,,2,bar,2.0,12345678,
2759,Antonio Maria Lopez,,,0,,,12345678,
2760,Ricardo Ordoñez,,,0,,,12345678,
2761,Andrés García,,,0,,,12345678,
2762,Pedro Jimenez Herrera,,,0,,,12345678,
2763,Wàléèd Bûtț,,,1,restaurant,,12345678,
2764,Jose Miguel Morillas gamez,,,2,restaurant,,12345678,
2765,Juan Francisco Herrera Sanchez,,,1,bar|cafe,1.0,12345678,
2766,Jose Andres Godoy Cano,,,3,bar|cafe,1.0,12345678,
2767,juana gutierrez,,,1,bar|cafe,1.0,12345678,
2768,Antonio Vargas Montero,,,1,bar|cafe,1.0,12345678,
2769,pedro gonzalez,,,3,bar|cafe,1.0,12345678,
2770,ana,,,2,bakery|restaurant,,12345678,
2771,Francisco Cueva,,,1,restaurant,,12345678,
2772,Amara Velis,,,1,restaurant,,12345678,
2773,Andres Moral rodriguez,,,1,restaurant,,12345678,
2774,Ana Maria Alarcón Vargas,,,1,cafe,,12345678,
2775,Cristian,,,2,cafe|meal_takeaway|restaurant,,12345678,
2776,gines morillas rico,,,1,cafe,,12345678,
2777,Dani Mora,,,1,cafe,,12345678,
2778,Juan Godoy,,,1,bar,,12345678,
2779,Brothee Carabina pesada,,,1,bar,,12345678,
2780,Jose Jimenez Herrera (El Lobo),,,1,bar,,12345678,
2781,Andrés Cano vela,,,3,restaurant|bar|meal_takeaway,,12345678,
2782,Patxi Serrano,,,1,bar,,12345678,
2783,joritz Carnero,,,1,bar,,12345678,
2784,Marcelino Pan y Vino,,,1,bar|restaurant,1.0,12345678,
2785,Sergio Valenzuela,,,2,bar|cafe|restaurant,1.0,12345678,
2786,Rober MB,,,1,bar|restaurant,1.0,12345678,
2787,Margarita García Segura,,,1,bar|restaurant,1.0,12345678,
2788,Alba Sanchez,,,6,bar|restaurant|meal_delivery,,12345678,
2789,Alberto Cuenca,,,1,bar|restaurant,1.0,12345678,
2790,PATRICIA MARTIN,,,1,bar|restaurant,1.0,12345678,
2791,joseangel escuela,,,1,bar|restaurant,1.0,12345678,
2792,Fabián Rosalía Moreno,,,1,bar|restaurant,,12345678,
2793,PROFESORA DE MUSICA,,,1,cafe|restaurant,1.0,12345678,
2794,Dumbo Travels,,,1,cafe|restaurant,1.0,12345678,
2795,MARIA GAMEZ,,,1,cafe|restaurant,1.0,12345678,
2796,chari,,,1,cafe|restaurant,1.0,12345678,
2797,Sergio Balboa Jimenez,,,1,meal_takeaway|restaurant,,12345678,
2798,marta moreno perez,,,1,meal_takeaway|restaurant,,12345678,
2799,SdeSerch,,,1,meal_takeaway|restaurant,,12345678,
2800,Angela Amador,,,1,meal_takeaway|restaurant,,12345678,
2801,Luis jesus Carrascosa Balboa,,,1,meal_delivery|meal_takeaway|restaurant,,12345678,
2802,Ángeles,,,1,meal_delivery|meal_takeaway|restaurant,,12345678,
2803,Antonio Machado,,,1,meal_delivery|meal_takeaway|restaurant,,12345678,
2804,Jacinto Martínez Santiago,,,1,meal_delivery|meal_takeaway|restaurant,,12345678,
2805,Sergio Ortega Serrano,,,1,restaurant,,12345678,
2806,Manuel Medina,,,1,restaurant,,12345678,
2807,Arcal,,,1,restaurant,,12345678,
2808,Leagoo M5,,,1,restaurant,1.0,12345678,
2809,miguel medina,,,1,restaurant,1.0,12345678,
2810,Jose antonio bodalo leon,,,1,restaurant,1.0,12345678,
2811,JUAN GALIANO JIMENEZ,,,1,restaurant,1.0,12345678,
2812,Maria Del Mar Rico Gomez,,,1,restaurant,1.0,12345678,
2813,funes jo,,,1,restaurant,1.0,12345678,
2814,Irenelc9,,,1,bar,1.0,12345678,
2815,Reyes López,,,1,bar,1.0,12345678,
2816,Blas B,,,1,bar,,12345678,
2817,Luis Lopez Ruiz,,,1,bar,,12345678,
2818,L. Marcos,,,1,bar,,12345678,
2819,Rafael Justicia Moral,,,1,bar,,12345678,
2820,Maria Jimenez galiano,,,1,restaurant,,12345678,
2821,Juan Navarrete Pérez,,,1,restaurant,,12345678,
2822,paco rivera,,,1,restaurant,,12345678,
2823,Maria Jose Aranda,,,1,bakery,,12345678,
2824,Gines Viedma Pérez,,,1,bakery,,12345678,
2825,Ali Ximó,,,7,restaurant|bar|bakery,1.0,12345678,
2826,Pedro Fernandez mesa,,,1,bakery,,12345678,
2827,Isabel Hidalgo,,,0,,,12345678,
2828,Francisco Javier Montávez Hidalgo,,,0,,,12345678,
2829,Aíram,,,0,,,12345678,
2830,Fabian Rosalia Moreno,,,1,bar|restaurant,,12345678,
2831,Rosa Hernández,,,1,bar|restaurant,1.0,12345678,
2832,Beatriz&JuanCarlos B&JC,,,2,bar|restaurant,,12345678,
2833,Casa La Ronda alojamiento rural,,,1,bar|restaurant,1.0,12345678,
2834,Maria Luisa Gomez,,,1,bar|restaurant,1.0,12345678,
2835,Patxi Galiano,,,1,meal_delivery|meal_takeaway|restaurant,,12345678,
2836,Franci Vilchez,,,1,meal_delivery|meal_takeaway|restaurant,,12345678,
2837,Scanlan,,,1,meal_delivery|meal_takeaway|restaurant,,12345678,
2838,Ceci Pérez,,,2,bar|restaurant,1.0,12345678,
2839,Cristina Ruiz,,,2,Restaurante|bar,,12345678,
2840,Santiago Espin,,,1,bar|cafe|restaurant,1.0,12345678,
2841,Jose Luis Hidalgo Morcillo,,,1,bar|cafe|restaurant,1.0,12345678,
2842,Paco Ruiz,,,1,bar|cafe|restaurant,,12345678,
2843,Lucía,,,2,bar|restaurant|cafe,,12345678,
2844,Mariadelmar Morillas,,,1,bar|cafe|restaurant,1.0,12345678,
2845,Aurora Delgado Serrano,,,1,bar,,12345678,
2846,susana villegas puentes,,,1,bar,,12345678,
2847,Jesús De la Torre,,,1,bar,,12345678,
2848,JUAN CARLOS ALVARO FUENTES,,,1,bar,,12345678,
2849,Juan medina,,,1,bar|restaurant,1.0,12345678,
2850,A Lopez,,,1,bar|restaurant,1.0,12345678,
2851,J A Morales Martín,,,1,bar|restaurant,,12345678,
2852,Elena Muñoz Torrecilla,,,1,bar|restaurant,1.0,12345678,
2853,Dani Prieto,,,1,bar|restaurant,,12345678,
2854,jamal el merabet,,,1,bar,,12345678,
2855,Luis Miguel García Villarejo,,,0,,,12345678,
2856,Rubén Fernández,,,0,,,12345678,
2857,Juanjo Rodriguez,,,0,,,12345678,
2858,José María Navarro Cayuela,,,0,,,12345678,
2859,Nerea Gonzalez,,,2,restaurant|bar|cafe,1.0,12345678,
2860,David Llorach,,,1,bar|cafe|restaurant,1.0,12345678,
2861,ricardo herrero garcia,,,1,bar|cafe|restaurant,1.0,12345678,
2862,Ana Isabel Solis Agundez,,,1,bar|cafe|restaurant,1.0,12345678,
2863,Ángel,,,6,restaurant|bar|bakery,1.6,12345678,
2864,Miguel Rodriguez,,,1,restaurant,1.0,12345678,
2865,Inma A.L,,,3,restaurant|cafe,1.0,12345678,
2866,Ana Valero,,,1,restaurant,1.0,12345678,
2867,Miguel Córdoba,,,1,restaurant,1.0,12345678,
2868,Miguel Ángel Ferrera Alonso,,,0,,,12345678,
2869,Mario Garcia,,,1,bar,,12345678,
2870,Víktor Pareja Calmaestra (Vitinillo),,,3,restaurant|bar,1.0,12345678,
2871,Irene Perez Sierra,,,0,,,12345678,
2872,FERNANDO,,,0,,,12345678,
2873,beta racing,,,0,,,12345678,
2874,josma rodri,,,0,,,12345678,
2875,maria teresa rodriguez ibañez,,,1,restaurant,1.0,12345678,
2876,Emilio Jose Soto Salinas,,,2,cafe|restaurant,1.0,12345678,
2877,Jose Diaz Baena,,,1,restaurant,,12345678,
2878,Noelia,,,1,restaurant,1.0,12345678,
2879,Rafa PT,,,1,bar|restaurant,1.0,12345678,
2880,Andrea Maurin,,,1,bar|restaurant,,12345678,
2881,Elena Moya,,,1,bar|restaurant,1.0,12345678,
2882,Sammy Lardín,,,2,restaurant|bar|cafe,,12345678,
2883,Alfonso Norte,,,1,bar,1.0,12345678,
2884,Manuel Ruiz Gomez,,,1,bar,1.0,12345678,
2885,Yoly Lopez,,,1,bar,1.0,12345678,
2886,pajaro pica,,,1,bar,1.0,12345678,
2887,ROSA ROSAE,,,1,bar,1.0,12345678,
2888,Enrique Moyano Carrasco,,,1,bar|restaurant,,12345678,
2889,Miguel Alejandro Núñez Pérez,,,1,bar|restaurant,,12345678,
2890,Angustias Martinez,,,1,bar|restaurant,,12345678,
2891,Arturo Sánchez Gil,,,1,bar|restaurant,,12345678,
2892,jose luis,,,3,restaurant|bar,2.0,12345678,
2893,Yolanda,,,3,restaurant|bar,1.0,12345678,
2894,MANU MUSIC DJ,,,1,restaurant,,12345678,
2895,Edu CM,,,1,restaurant,,12345678,
2896,Tomás Torrecillas Torrente,,,2,bar|restaurant,1.0,12345678,
2897,Antonio Tudela González,,,1,restaurant,,12345678,
2898,Alfonso,,,1,bakery,,12345678,
2899,Raquel Perez,,,1,bakery,,12345678,
2900,Ali G,,,1,bakery,,12345678,
2901,Disliker (Disliker),,,1,bakery,,12345678,
2902,Jose M,,,1,cafe,1.0,12345678,
2903,Rica Agudo Rios (Sampler),,,4,restaurant|bar|cafe,1.0,12345678,
2904,Begoña c,,,2,bar|cafe,1.0,12345678,
2905,Francisco Plaza,,,1,cafe,1.0,12345678,
2906,R.LOBATO.R,,,2,bar|cafe|restaurant,1.0,12345678,
2907,Rafa Aranda,,,1,cafe|restaurant,,12345678,
2908,Anita Vivar,,,1,cafe|restaurant,,12345678,
2909,Ignacio García,,,6,restaurant|cafe|bakery,1.33,12345678,
2910,Vanesa Santos Ojeda,,,1,cafe|restaurant,,12345678,
2911,Jesús TM,,,1,restaurant,,12345678,
2912,Montse Garrido,,,2,restaurant|bar,1.0,12345678,
2913,ANA RORU,,,2,restaurant|meal_delivery,,12345678,
2914,Teresa Sanchez,,,1,restaurant,,12345678,
2915,Ana Muñoz,,,1,restaurant,,12345678,
2916,Maite Egido Rico,,,1,bar,1.0,12345678,
2917,Daniel Necega,,,1,bar,1.0,12345678,
2918,Manuel García,,,4,bar|restaurant,1.0,12345678,
2919,Arturo Quesada Lopez,,,1,bar,1.0,12345678,
2920,Inés Esteban,,,1,bar,1.0,12345678,
2921,Mario García,,,1,bar,1.0,12345678,
2922,Rosalia Fernandez,,,1,bar,1.0,12345678,
2923,PILAR PARADAS,,,1,bar,1.0,12345678,
2924,Laura Vazquez garcia,,,1,bar,1.0,12345678,
2925,Rosa Pozo,,,1,cafe|restaurant,,12345678,
2926,Alejandro Salaverria,,,2,cafe|bar|restaurant,1.0,12345678,
2927,Isika GG,,,1,cafe|restaurant,,12345678,
2928,Virginia De La Torre Márquez,,,1,cafe|restaurant,,12345678,
2929,Sergio López,,,1,bakery,,12345678,
2930,Ismael Serrano,,,1,bakery,,12345678,
2931,Crumers Jones,,,1,bakery,,12345678,
2932,Alejandro Moreno Marin,,,1,bar,,12345678,
2933,jc,,,1,bar,,12345678,
2934,David de la Cruz,,,1,bar,,12345678,
2935,Abraham Duran Ceacero,,,1,bar,,12345678,
2936,Ivan Rubias Montes,,,1,bar,,12345678,
2937,Alejandro Serrano,,,1,bar,,12345678,
2938,Francisca,,,1,bar,,12345678,
2939,Alina Mishchenko,,,1,cafe,,12345678,
2940,beatriz sanchez,,,1,cafe,,12345678,
2941,Juan Antonio Rueda,,,1,cafe,,12345678,
2942,Esmeralda Alonso,,,1,cafe,,12345678,
2943,Maria Valverde Gallego,,,1,cafe,,12345678,
2944,oscar corredera castro,,,1,restaurant,1.0,12345678,
2945,Sandra de la Casa,,,1,restaurant,,12345678,
2946,JoseDa,,,2,bar|restaurant,1.0,12345678,
2947,Mar Morales,,,1,restaurant,1.0,12345678,
2948,ANTONIO ARREDONDO CARMONA,,,1,restaurant,,12345678,
2949,Seño Pipol,,,1,restaurant,,12345678,
2950,Agueda María,,,1,restaurant,,12345678,
2951,Antonio Barranco,,,5,restaurant|bar|cafe,2.0,12345678,
2952,Ana Jiménez Soriano,,,1,restaurant,,12345678,
2953,Fátima Morente,,,1,restaurant,1.0,12345678,
2954,Giovanna Mañez Navarro,,,1,restaurant,1.0,12345678,
2955,Jesús A. Castillo Santizo,,,4,bar|restaurant,1.67,12345678,
2956,Juan Carlos Garcia,,,2,restaurant,1.5,12345678,
2957,Gema Gascon Jurado,,,1,restaurant,1.0,12345678,
2958,FABI dlt25,,,1,bar,,12345678,
2959,Juani Del Pino,,,1,bar,,12345678,
2960,Soledad Rosell Morales,,,1,bar,1.0,12345678,
2961,Tania Juárez García,,,1,bar,1.0,12345678,
2962,Elena Párraga,,,1,bar,1.0,12345678,
2963,Alberto Borre,,,8,bar|restaurant|cafe,1.25,12345678,
2964,Arantxa Rodríguez,,,1,bar|restaurant,1.0,12345678,
2965,jose luis gonzalez sanchez,,,1,bar|restaurant,1.0,12345678,
2966,invest spain,,,2,bar|restaurant,1.0,12345678,
2967,laura,,,1,bar|restaurant,1.0,12345678,
2968,Omar Serrano,,,0,,,12345678,
2969,Lorena Beatriz Ruiz Díaz,,,0,,,12345678,
2970,Luis Bares,,,0,,,12345678,
2971,ANTONIO SANTIAGO SANTIAGO,,,0,,,12345678,
2972,Manuela Molina Garrido,,,1,bar|cafe|restaurant,1.0,12345678,
2973,Daniel Patrone,,,2,bar|cafe|restaurant,1.0,12345678,
2974,Antonio Angel,,,1,bar|cafe|restaurant,,12345678,
2975,Francisco Javier Rodriguez Córdoba,,,1,bar|cafe|restaurant,,12345678,
2976,maria jose ruiz de castroviejo encinas,,,3,bar|bakery|restaurant,1.0,12345678,
2977,MCD,,,1,bar|restaurant,,12345678,
2978,Jose castillo villatoro,,,1,bar|restaurant,1.0,12345678,
2979,Framo Ca mo,,,1,bar|restaurant,1.0,12345678,
2980,Antonio Suarez,,,2,bar,1.0,12345678,
2981,Carmen Casado,,,0,,,12345678,
2982,Carlos BRu,,,0,,,12345678,
2983,Jesús Garcia Alvarez,,,0,,,12345678,
2984,Marisa Tejero,,,0,,,12345678,
2985,Maria Jose Guzman,,,0,,,12345678,
2986,Pablo Casado Zumaquero,,,0,,,12345678,
2987,Maria Jose Zamora Martinez,,,0,,,12345678,
2988,Anabel Calahorro Damas,,,0,,,12345678,
2989,Cristina Gómez,,,1,cafe|restaurant,1.0,12345678,
2990,tere ramirez calleja,,,0,,,12345678,
2991,Pedro Valladolid Montoya,,,1,cafe,,12345678,
2992,UÑAS MERE.,,,1,cafe,,12345678,
2993,Joaquin Gascon,,,5,bakery|cafe|bar,1.0,12345678,
2994,Juanfran Nadales,,,1,cafe,,12345678,
2995,Jesús Castillo,,,1,cafe,,12345678,
2996,Francisco Serrano López,,,1,bar,,12345678,
2997,Moisés Jalón Baudet,,,1,bar,,12345678,
2998,Juan Fernando Martín Romacho,,,1,bar,,12345678,
2999,José Manuel Canalejo Pérez,,,2,bar|restaurant,,12345678,
3000,ParqueAcuáticoPegalajar,,,1,restaurant,,12345678,
3001,Gema Torred,,,1,restaurant,,12345678,
3002,Abid Hussain,,,1,restaurant,,12345678,
3003,Mian Naveed,,,1,restaurant,,12345678,
3004,José Pérez,,,1,bar,1.0,12345678,
3005,maría castro,,,1,cafe,,12345678,
3006,Lab,,,1,cafe,,12345678,
3007,Antonela Elena Toma,,,1,cafe,,12345678,
3008,Alberto C.Cámara,,,1,bar,1.0,12345678,
3009,JANT DHOM,,,1,bar,,12345678,
3010,Fernando Aurioles,,,1,bar,1.0,12345678,
3011,Felipe Os To,,,2,bar|restaurant,1.0,12345678,
3012,rafalito 19,,,1,night_club,,12345678,
3013,Eduardo Navarro Santiago,,,1,night_club,,12345678,
3014,noelia perez,,,1,night_club,,12345678,
3015,Andrea Valiente Quesada,,,1,bakery,,12345678,
3016,Elisabeth Tree,,,1,bakery,,12345678,
3017,Maria Teruel,,,1,bakery,,12345678,
3018,Lola A,,,1,bakery,,12345678,
3019,Vity Ruiz,,,1,night_club,1.0,12345678,
3020,Jerónimo Aguilera Castillo,,,1,night_club,1.0,12345678,
3021,Jose Manuel Lopez,,,1,night_club,,12345678,
3022,Juanp Sanchez,,,1,night_club,,12345678,
3023,Isabel B Perez,,,1,night_club,1.0,12345678,
3024,Eduardo Lopez Peral,,,0,,,12345678,
3025,Carlos López,,,1,restaurant,1.0,12345678,
3026,Francisco Briz,,,0,,,12345678,
3027,Lidia Torres González,,,0,,,12345678,
3028,olga casado santiago,,,1,bar|restaurant,1.0,12345678,
3029,JM,,,3,bar|restaurant,1.0,12345678,
3030,Maria *,,,1,bar|restaurant,1.0,12345678,
3031,Luis Recuerda Hueso,,,1,bar|restaurant,1.0,12345678,
3032,carlos castillo,,,1,bakery,,12345678,
3033,Manoli Sanchez Garrido,,,1,bakery,,12345678,
3034,Relojeria Salas,,,1,bakery,,12345678,
3035,Marcos Fuentes Martinez,,,2,bar|restaurant,,12345678,
3036,Liberal Liberal,,,1,bar|restaurant,,12345678,
3037,Angel Roig Cruz,,,1,bar|restaurant,,12345678,
3038,Fulgencio Clares Cruz,,,1,bar,,12345678,
3039,Francisco Jose Hernandez Alvarez,,,1,restaurant,,12345678,
3040,Carlos I.,,,1,restaurant,,12345678,
3041,Juan Sanchez,,,3,bar|restaurant,2.0,12345678,
3042,Fedeles Cristian,,,1,restaurant,,12345678,
3043,Dan Borsanu,,,1,restaurant,,12345678,
3044,lara alba,,,1,bar,1.0,12345678,
3045,Javier Valenzuela,,,1,bar,1.0,12345678,
3046,Jesus Torres,,,1,bar,,12345678,
3047,Diego Caballero,,,8,bar|Bar,1.0,12345678,
3048,Maria Moya,,,2,bar,,12345678,
3049,Mayca Galan Sanchez,,,1,bar,,12345678,
3050,Antonio Moral Palomino,,,1,bar,,12345678,
3051,Laura Montiel,,,1,bar,,12345678,
3052,María Paz Camuñas,,,1,bar,,12345678,
3053,Antonio Zafra Anguita,,,1,bar,1.0,12345678,
3054,Gabriela Reviglio,,,1,bar,1.0,12345678,
3055,Miguel angel Alameda Angeles,,,1,bar,1.0,12345678,
3056,Adrián Montoro Liebana,,,1,bar,,12345678,
3057,Jose Gutiérrez Castillo,,,1,bar,1.0,12345678,
3058,judith romero,,,2,restaurant,2.0,12345678,
3059,Maryure Delgado,,,1,restaurant,2.0,12345678,
3060,Jose Camino,,,1,restaurant,2.0,12345678,
3061,Nadia Hurtado López,,,3,restaurant,1.5,12345678,
3062,Cris S,,,0,,,12345678,
3063,maria herasal,,,0,,,12345678,
3064,Carmen María Carmona Sánchez,,,0,,,12345678,
3065,Antonio Martín,,,0,,,12345678,
3066,Sara García,,,1,bar,,12345678,
3067,Antonio Juan Delgado Domínguez,,,4,restaurant,1.0,12345678,
3068,leti piña,,,1,restaurant,1.0,12345678,
3069,Juanma Romero,,,2,restaurant,1.0,12345678,
3070,Joan C,,,1,restaurant,2.0,12345678,
3071,Manuela Bravo,,,2,restaurant,1.5,12345678,
3072,Celia Martínez,,,1,restaurant,2.0,12345678,
3073,Lorena Ruiz,,,1,restaurant,2.0,12345678,
3074,Leticia RS,,,1,restaurant,2.0,12345678,
3075,Paloma BM,,,1,restaurant,1.0,12345678,
3076,Toni Casasús,,,1,restaurant,1.0,12345678,
3077,Alvaro Estrada,,,1,restaurant,1.0,12345678,
3078,Miriam Pérez Arévalo,,,2,restaurant|bar,1.5,12345678,
3079,Javi Peña,,,1,restaurant,2.0,12345678,
3080,Manuel Sánchez,,,1,restaurant,2.0,12345678,
3081,Vitamina Workroom,,,1,restaurant,2.0,12345678,
3082,Judit santiago romero,,,1,restaurant,,12345678,
3083,Ángela Martin,,,1,restaurant,,12345678,
3084,Laura Aguilera,,,2,restaurant|cafe,2.0,12345678,
3085,Nebula Factory,,,1,restaurant,,12345678,
3086,Rafa Barrachina,,,1,meal_delivery|restaurant,,12345678,
3087,Sergio Town,,,2,restaurant|meal_delivery,1.0,12345678,
3088,Maria ruiz soto,,,1,meal_delivery|restaurant,,12345678,
3089,juan carlos Lopez,,,1,meal_delivery|restaurant,,12345678,
3090,Cristina Roldán Dosuna,,,2,restaurant|meal_delivery,,12345678,
3091,Patri Sánchez,,,1,restaurant,1.0,12345678,
3092,NICOLAS MARTINEZ MERINERO,,,1,restaurant,1.0,12345678,
3093,Aitana Flor Martínez,,,1,restaurant,1.0,12345678,
3094,ENRIQUE SANCHEZ CERVERA,,,1,restaurant,1.0,12345678,
3095,Fernando Baudet Aranda,,,1,restaurant,1.0,12345678,
3096,Nerea Benítez,,,1,restaurant,1.0,12345678,
3097,Jerónimo Castellet,,,1,restaurant,,12345678,
3098,Angela Soto,,,1,restaurant,,12345678,
3099,Diana PA,,,1,restaurant,1.0,12345678,
3100,Estefania BB,,,1,bar|restaurant,1.0,12345678,
3101,Maria Isabel,,,1,bar|restaurant,1.0,12345678,
3102,Manuel Jimenéz Castón,,,1,bar|restaurant,,12345678,
3103,BombonPetit Familia,,,0,,,12345678,
3104,Ro PS,,,0,,,12345678,
3105,Norberta A.P,,,0,,,12345678,
3106,jose antunez,,,1,restaurant,3.0,12345678,
3107,María José Gutiérrez Ortiz,,,0,,,12345678,
3108,HISPANO AFRICANO,,,2,bar|restaurant,1.0,12345678,
3109,David Garrido,,,1,bar|restaurant,1.0,12345678,
3110,Melchor Reyes Rodriguez,,,1,bar|restaurant,1.0,12345678,
3111,Tamara Garcia Alguacil,,,2,bar|cafe|restaurant,1.0,12345678,
3112,Daniel Congost Romero,,,1,bar|restaurant,1.0,12345678,
3113,Javier Márquez Quidiello,,,1,bar|restaurant,1.0,12345678,
3114,Naomi Vicente,,,2,bar|restaurant,1.0,12345678,
3115,Inma Diaz,,,3,restaurant|bakery|bar,1.0,12345678,
3116,Bergombe bbg,,,1,bar|restaurant,1.0,12345678,
3117,Adrian Gomez Amador,,,1,bar,1.0,12345678,
3118,Dani M.,,,2,bar|restaurant,1.0,12345678,
3119,narva_bmx,,,2,bar,1.0,12345678,
3120,Paco Arevalo,,,3,bar|bakery|restaurant,1.0,12345678,
3121,D. Gómez,,,1,restaurant,1.0,12345678,
3122,Felipe Mora,,,1,restaurant,1.0,12345678,
3123,Jose Alberto Navea Expósito,,,1,restaurant,1.0,12345678,
3124,Nerea U,,,1,restaurant,1.0,12345678,
3125,victoria,,,2,bar|restaurant,1.0,12345678,
3126,Gloria Santofimia,,,1,bar|restaurant,1.0,12345678,
3127,José Antonio Sánchez,,,2,restaurant|bar,1.5,12345678,
3128,Ana R.,,,2,bar|restaurant,1.0,12345678,
3129,Fran Luque,,,1,bar|restaurant,1.0,12345678,
3130,Juan Ramon Rodriguez,,,1,bar|restaurant,,12345678,
3131,Noemi ramirez hurtado,,,1,bar|restaurant,,12345678,
3132,Sara Bretón,,,1,bar|restaurant,,12345678,
3133,Tomas Soler,,,1,bar|restaurant,,12345678,
3134,COTE -,,,1,bar|restaurant,,12345678,
3135,Mar Díaz,,,1,bar|restaurant,1.0,12345678,
3136,Marian Cózar,,,2,bar|restaurant,1.0,12345678,
3137,Sebastián Romero,,,1,bar|restaurant,1.0,12345678,
3138,Dario Ciadamidaro,,,1,bar|restaurant,1.0,12345678,
3139,Alfredo baeza valera,,,1,bar|restaurant,1.0,12345678,
3140,Maribel Torres Bernal,,,2,bar|restaurant,1.0,12345678,
3141,Granada Álvarez de Cienfuegos Meleno,,,1,bar|restaurant,1.0,12345678,
3142,Alberto Plana Rivera,,,3,restaurant|bar,1.0,12345678,
3143,G. B.,,,2,bakery|bar|restaurant,1.0,12345678,
3144,Lola Fernandez Martin,,,2,bar,,12345678,
3145,Dermy Moreno,,,1,bar,1.0,12345678,
3146,Martin Figueroa Soria,,,1,bar,1.0,12345678,
3147,Mjose,,,1,bar,1.0,12345678,
3148,Fernando Barrón,,,1,bar,,12345678,
3149,roser gonzalez,,,0,,,12345678,
3150,yoli Martínez Lopez,,,0,,,12345678,
3151,A mi bola,,,0,,,12345678,
3152,mariluz ostos jarit,,,0,,,12345678,
3153,Miriam Somolinos,,,0,,,12345678,
3154,FranCross_,,,1,bar|restaurant,1.0,12345678,
3155,Ana maria Parras,,,1,bar|restaurant,1.0,12345678,
3156,Esther García Blanco,,,1,bar|restaurant,1.0,12345678,
3157,Eddy Limage,,,1,bar|restaurant,1.0,12345678,
3158,Cora Jimenez,,,0,,,12345678,
3159,Juan F García González,,,0,,,12345678,
3160,Sandra Vazquez,,,0,,,12345678,
3161,Angélica McHarrell,,,0,,,12345678,
3162,Miguel Castro,,,1,bar|cafe,1.0,12345678,
3163,noemi orradre,,,1,bakery,1.0,12345678,
3164,F C,,,1,bakery,1.0,12345678,
3165,DEYSI GRANDA,,,1,bakery,1.0,12345678,
3166,jennifer segura vilar,,,1,bakery,1.0,12345678,
3167,Sonia S.U.,,,1,bakery,1.0,12345678,
3168,Maria Gutierrez,,,1,restaurant,,12345678,
3169,ENDRI YOHAN Mercado Avendaño,,,1,restaurant,,12345678,
3170,Jose Perez,,,2,'miércoles': '7:00–15:00'|restaurant,2.0,12345678,
3171,Lucía Torres Acosta,,,2,bar|cafe|restaurant,1.0,12345678,
3172,David Moyano,,,1,bar|meal_delivery|restaurant,,12345678,
3173,Juan GR,,,1,bar|meal_delivery|restaurant,,12345678,
3174,Juan Antonio,,,3,bar|restaurant|cafe,1.0,12345678,
3175,isabel,,,2,bar|cafe|restaurant,1.0,12345678,
3176,Lety Lety,,,1,bar|cafe,1.0,12345678,
3177,emanuel andres nuñez,,,1,bar|cafe,1.0,12345678,
3178,Miguel Moreno,,,1,bar|cafe,1.0,12345678,
3179,JCM,,,2,bakery|bar|cafe,,12345678,
3180,Juan Antonio Obis Pastor,,,1,bar|cafe,1.0,12345678,
3181,Jesús Cazalilla,,,1,meal_delivery|restaurant,,12345678,
3182,Mr Ivasco,,,1,meal_delivery|restaurant,,12345678,
3183,Daniel Moreno,,,1,meal_delivery|restaurant,,12345678,
3184,Baltasar Arboledas Entrenas,,,1,restaurant,,12345678,
3185,Juan Peña,,,1,restaurant,,12345678,
3186,Jose Maria Gomez,,,1,restaurant,,12345678,
3187,Francisco javier Rodriguez campos,,,1,restaurant,,12345678,
3188,FERNANDO HERNANDEZ FUENTES,,,1,restaurant,,12345678,
3189,Juan Gonzalez Romero,,,2,bakery|bar|restaurant,1.0,12345678,
3190,Angel Garcia Lara,,,0,,,12345678,
3191,Paqui Paredes,,,0,,,12345678,
3192,Paki Bautista,,,0,,,12345678,
3193,SERGIO ARANGO,,,0,,,12345678,
3194,cristina galan,,,1,bar|restaurant,1.0,12345678,
3195,Carmen Galera Alcaina,,,1,bar|restaurant,1.0,12345678,
3196,Iris García Muñoz,,,1,bar|restaurant,1.0,12345678,
3197,DEDM,,,1,bar|restaurant,,12345678,
3198,Jose David Ramirez,,,1,bar|restaurant,,12345678,
3199,Juan Lillo Martín,,,1,cafe,,12345678,
3200,Jose Luis Parra Gomez,,,1,cafe,,12345678,
3201,Albert,,,1,cafe,,12345678,
3202,Miguel Angel Almansa,,,1,cafe,,12345678,
3203,María J. Jiménez,,,1,bar,,12345678,
3204,Yolanda Moñino Garriga,,,1,bar,,12345678,
3205,Virginia Alcala,,,1,bar,,12345678,
3206,Composiciones El alicantino,,,1,bar,,12345678,
3207,Mauricio,,,1,cafe,1.0,12345678,
3208,Aurora TG,,,1,cafe,1.0,12345678,
3209,MIGUEL ANGEL SANCHEZ ROMERO,,,1,cafe,1.0,12345678,
3210,Lorena Artacho Obra,,,1,cafe,1.0,12345678,
3211,Johnny Ramone,,,1,cafe,1.0,12345678,
3212,lourdes torrecillas trillo,,,1,bar,1.0,12345678,
3213,David Lorenzo,,,1,bar,1.0,12345678,
3214,Soledad Revuelto,,,1,bar,1.0,12345678,
3215,David Gutiérrez Fernández,,,1,bar,,12345678,
3216,M E,,,1,bar,,12345678,
3217,Juan Navajas,,,1,cafe,1.0,12345678,
3218,Tomás García Tinoco,,,1,cafe,1.0,12345678,
3219,Violetta,,,1,cafe,1.0,12345678,
3220,Teresa Gonzalez Rus,,,1,cafe,1.0,12345678,
3221,Mari Angeles Martínez,,,1,night_club,,12345678,
3222,Miriam Hernandez Garcia,,,1,night_club,,12345678,
3223,karmy garcia,,,2,bar|night_club,,12345678,
3224,Jessus Quiles,,,1,night_club,,12345678,
3225,José Angel López Pineda,,,1,night_club,,12345678,
3226,Maria R. Hernández,,,1,bar,1.0,12345678,
3227,Ana Ve,,,1,bar,1.0,12345678,
3228,Alberto Muñoz Segura,,,1,bar,1.0,12345678,
3229,Francisco Jiménez Rubia,,,1,bar,1.0,12345678,
3230,sosio,,,1,cafe,,12345678,
3231,DeRutasConmigo,,,2,bar|cafe|restaurant,,12345678,
3232,Sonia Colodro Vázquez,,,1,cafe,,12345678,
3233,María Molina,,,1,cafe,,12345678,
3234,Haluna hj,,,1,cafe,,12345678,
3235,Ivan Granero,,,2,cafe|bar,1.0,12345678,
3236,Paqui Reifs,,,1,bar|cafe,1.0,12345678,
3237,Ginés Jiménez Caravaca,,,1,bar|cafe,1.0,12345678,
3238,Fran C,,,1,bakery,,12345678,
3239,Sergio Moreno Giraldez,,,1,bakery,1.0,12345678,
3240,Jose Carlos Rubia Raya,,,1,bakery,1.0,12345678,
3241,Rsm,,,1,bakery,,12345678,
3242,Miguel Medina Torres,,,1,bakery,1.0,12345678,
3243,Francisco Fernandez Posadas,,,1,cafe,1.0,12345678,
3244,Rafael Marín Alejo,,,1,cafe,1.0,12345678,
3245,Francisco José Plantón Amador,,,3,cafe|bakery|bar,1.0,12345678,
3246,Carlos Martos carmona,,,1,restaurant,,12345678,
3247,Jose,,,8,restaurant|bar|cafe,1.5,12345678,
3247,Jose,,,8,restaurant|bar|cafe,1.5,12345678,
3248,Fernando De los Santos Fernandez,,,1,restaurant,,12345678,
3249,Fran Zafra,,,1,meal_delivery,,12345678,
3250,Antonio,,,4,restaurant|meal_delivery,2.5,12345678,
3251,María José Colás,,,1,meal_delivery,,12345678,
3252,Ainhoa Gomez tamargo,,,1,meal_delivery,,12345678,
3253,sergio garcia fernandez,,,3,bar|meal_delivery|restaurant,,12345678,
3254,Mari Mawey,,,1,bar|restaurant,,12345678,
3255,Raquel Zubeldia,,,1,bar|restaurant,,12345678,
3256,M Perona M,,,1,bar|restaurant,,12345678,
3257,Alberto Cárceles,,,1,bar|restaurant,,12345678,
3258,Javier Garrido Zamorano,,,1,bar|restaurant,,12345678,
3259,Cristina Llamas,,,1,restaurant,1.0,12345678,
3260,JoseLuis Jose,,,1,restaurant,,12345678,
3261,Raquel Boti Martinez,,,1,restaurant,,12345678,
3262,Angie ahimsa,,,1,restaurant,1.0,12345678,
3263,Aventurillas Gastronómicas,,,1,restaurant,1.0,12345678,
3264,Jorge Mon,,,1,bar,,12345678,
3265,Yolanda Sanchez Arroyo,,,1,bar,,12345678,
3266,Mary Arjona,,,1,bar,,12345678,
3267,Isa Rosales,,,2,bar|restaurant,1.0,12345678,
3268,Maricuchi FD,,,1,bakery,,12345678,
3269,Juan Quesada,,,0,,,12345678,
3270,Raúl Fenández Barón,,,0,,,12345678,
3271,alberto lopez,,,0,,,12345678,
3272,Calahonda Anonimo,,,0,,,12345678,
3273,Luis Granados alvarez,,,1,bar|restaurant,,12345678,
3274,noelia estepa anselmo,,,1,bar|restaurant,,12345678,
3275,Patricia Gaitán Alcázar,,,1,bar|restaurant,,12345678,
3276,Pedro Blanco,,,1,restaurant,,12345678,
3277,María del mar herrera herrera,,,1,restaurant,,12345678,
3278,Diego Navarrete Gomez,,,1,restaurant,,12345678,
3279,eva maria herrera herrera,,,1,restaurant,,12345678,
3280,César Torres,,,1,restaurant,,12345678,
3281,Ines Martin,,,1,bar|restaurant,1.0,12345678,
3282,Javier De Austria,,,1,bar|restaurant,1.0,12345678,
3283,paulgrana,,,1,bar|restaurant,1.0,12345678,
3284,Moderno,,,1,bar|restaurant,1.0,12345678,
3285,Baltasar Roger Navarro,,,1,restaurant,,12345678,
3286,Stella,,,1,restaurant,,12345678,
3287,806006 806006,,,1,restaurant,,12345678,
3288,Sara Delgado,,,1,restaurant,,12345678,
3289,Adrián Fernández Rojo,,,0,,,12345678,
3290,María J Müller Balsera,,,0,,,12345678,
3291,David Perez,,,0,,,12345678,
3292,M.Á.R.C,,,0,,,12345678,
3293,Nuria Mas,,,0,,,12345678,
3294,masr1993,,,1,cafe|restaurant,2.0,12345678,
3295,Maria Jose Catalan Mnzano,,,1,cafe|restaurant,2.0,12345678,
3296,monica cruzado montiel,,,1,cafe|restaurant,2.0,12345678,
3297,Minerva Hernández,,,1,bar,1.0,12345678,
3298,Juan Antonio Villarroya,,,1,bar,1.0,12345678,
3299,Alejandra N,,,2,bar|restaurant,1.0,12345678,
3300,Manoli Camara,,,1,bar,1.0,12345678,
3301,Iris G,,,1,restaurant,,12345678,
3302,Álvaro CeDeMe,,,1,restaurant,,12345678,
3303,M. angeles Angel Humanes,,,1,bar|restaurant,1.0,12345678,
3304,Markel Domínguez Guerola,,,1,bar|restaurant,1.0,12345678,
3305,Lui Moriarti,,,1,bar|restaurant,1.0,12345678,
3306,Juan Hernandez,,,2,restaurant|bar,1.0,12345678,
3307,Jose Miguel Ruiz Garcia,,,1,bar|restaurant,1.0,12345678,
3308,Candela Vizcaíno,,,1,bar|restaurant,,12345678,
3309,jose antonio,,,1,bar|restaurant,1.0,12345678,
3310,nuria olmos,,,1,bar|restaurant,1.0,12345678,
3311,Mamen Colie,,,1,restaurant,1.0,12345678,
3312,Juliana Jurado Molina,,,2,restaurant,1.0,12345678,
3313,María Torres,,,3,restaurant|Bar de tapas|bar,1.5,12345678,
3314,Belén N.,,,3,restaurant|bar,1.0,12345678,
3315,Eusebio Idigoras Gutierrez,,,1,restaurant,1.0,12345678,
3316,Jose Navarro Gabaldon,,,1,restaurant,1.0,12345678,
3317,Maria Palud,,,1,restaurant,1.0,12345678,
3318,Laura Castro Aragón,,,1,bar|cafe|restaurant,,12345678,
3319,Sergio PS,,,1,bar|cafe|restaurant,,12345678,
3320,Unodetantosnicks,,,1,bar|cafe|restaurant,,12345678,
3321,escorpi69,,,1,bar,1.0,12345678,
3322,OjO al matOjO,,,1,bar,1.0,12345678,
3323,josephjeps,,,1,bar,1.0,12345678,
3324,Rethna Cancionlejana,,,1,restaurant,2.0,12345678,
3325,Claudia Gcía,,,1,restaurant,2.0,12345678,
3326,juan antonio perez,,,2,restaurant,2.0,12345678,
3327,Daniel Candel Martínez (Peladi),,,1,restaurant,2.0,12345678,
3328,Ivory Aguayo,,,1,cafe,,12345678,
3329,Marina Rascón,,,1,cafe,,12345678,
3330,Ester,,,1,cafe,,12345678,
3331,M. D.,,,2,cafe|restaurant,,12345678,
3332,VICENTE MANUEL MOLINA MÁRQUEZ (MOLI),,,1,cafe,,12345678,
3333,Seba Serrano,,,1,cafe,,12345678,
3334,Alejandro Segura,,,1,cafe,,12345678,
3335,M. B.E.,,,1,cafe,,12345678,
3336,Raul,,,2,bar|restaurant,,12345678,
3337,Juan pedro Gandia lopez,,,1,bar,,12345678,
3338,Maria Cruz Pascual Heras,,,1,bar,,12345678,
3339,Teresa Balboa Juárez,,,1,bar,,12345678,
3340,Ines C,,,1,restaurant,1.0,12345678,
3341,José Miguel Fernández Expósito,,,1,restaurant,1.0,12345678,
3342,Lara Herreras Capilla,,,1,restaurant,1.0,12345678,
3343,JC,,,2,bar|restaurant,1.0,12345678,
3344,Cristóbal Jándula,,,1,restaurant,,12345678,
3345,Felipe Osuna torres,,,2,bar|restaurant|cafe,2.0,12345678,
3346,Martina Papier,,,1,bar|cafe|restaurant,,12345678,
3347,f. jose castillo castillo,,,2,restaurant|bar|cafe,2.0,12345678,
3348,JOSE MANUEL MARTINEZ,,,1,bar|cafe|restaurant,,12345678,
3349,V C,,,1,bar|cafe|restaurant,,12345678,
3350,José Gar,,,1,bakery,,12345678,
3351,Alonso Quijano,,,1,bakery,,12345678,
3352,Dolores López Ortega,,,1,bakery,1.0,12345678,
3353,Julygg1988,,,1,bakery,,12345678,
3354,Francisco J.,,,1,restaurant,1.0,12345678,
3355,Marta Simón,,,3,restaurant|bar,1.0,12345678,
3356,11mariadolores,,,2,bar|restaurant,1.0,12345678,
3357,MaNu Diego,,,1,bar,,12345678,
3358,Israel M D,,,1,bar,,12345678,
3359,Sebastian Laguna,,,2,bar|cafe,,12345678,
3360,Juan Romero,,,2,bar|restaurant,1.0,12345678,
3361,Dulce Barrera,,,0,,,12345678,
3362,Cayetano Casado Lozano,,,1,bar|restaurant,1.0,12345678,
3363,Pedro Reyes,,,0,,,12345678,
3364,Anays Gt,,,0,,,12345678,
3365,J. C. S. J.,,,1,cafe,1.0,12345678,
3366,Jacinto copias correo,,,1,cafe|restaurant,,12345678,
3367,Mariajosé CB,,,1,cafe|restaurant,,12345678,
3368,trini castro martinez,,,1,cafe|restaurant,,12345678,
3369,Jorge Hurtado,,,1,cafe|restaurant,,12345678,
3370,Casandra Jeremías Gutiérrez,,,1,bar|restaurant,1.0,12345678,
3371,Paula Palomino,,,1,bar|restaurant,1.0,12345678,
3372,Sofia Maracena,,,1,bar|restaurant,,12345678,
3373,Jose Molina Ruiz,,,1,bar|restaurant,,12345678,
3374,Yuriy Salo,,,1,bar|restaurant,1.0,12345678,
3375,Elisabet,,,1,restaurant,1.0,12345678,
3376,francisco j gavilan ramos,,,1,restaurant,1.0,12345678,
3377,Gabriel Garcia Escabias,,,2,bar|restaurant,1.0,12345678,
3378,Gloria Martinez Lopez,,,1,restaurant,1.0,12345678,
3379,Mariola Ramos,,,1,restaurant,1.0,12345678,
3380,Juani,,,3,restaurant,1.5,12345678,
3381,Begoña Vela,,,1,restaurant,1.0,12345678,
3382,Oscar Vargas,,,1,restaurant,1.0,12345678,
3383,Pilar carmona gutierrez,,,1,restaurant,1.0,12345678,
3384,Xe Da,,,2,bar|restaurant,1.5,12345678,
3385,francisco carmona plaza,,,1,restaurant,1.0,12345678,
3386,paule,,,0,,,12345678,
3387,Javier Gomez,,,1,bar,2.0,12345678,
3388,Agustín Alcalá,,,2,bakery|bar,1.0,12345678,
3389,CAMPANERO DE LAS TORRES,,,1,restaurant,,12345678,
3390,Sergio Fernandez,,,1,restaurant,1.0,12345678,
3391,Fe La,,,1,restaurant,,12345678,
3392,Daniel Gil Sola,,,2,restaurant,,12345678,
3393,ali raza,,,1,restaurant,1.0,12345678,
3394,Manuel Diaz,,,1,bar,,12345678,
3395,RAUL ESTRELLA TOLEDANO,,,1,bar,,12345678,
3396,Miguel Angel Juarez,,,1,bar,,12345678,
3397,Teresa Ortega,,,0,,,12345678,
3398,Martin Martínez Ortega,,,0,,,12345678,
3399,janllar XD,,,0,,,12345678,
3400,Salvador Jiménez Cañaveras,,,0,,,12345678,
3401,Andrea Alcalde vallejo,,,0,,,12345678,
3402,jose lase,,,1,restaurant,,12345678,
3403,JUANA MARTINEZ ECHEVARRIA,,,1,restaurant,,12345678,
3404,Pedro Miguel Antelo Pérez,,,2,bar|restaurant,1.0,12345678,
3405,Lorenzo Garrido,,,1,bar|restaurant,1.0,12345678,
3406,Francisco Vallejo galisteo,,,1,bar|restaurant,,12345678,
3407,juan carlos urbano,,,1,bar|restaurant,1.0,12345678,
3408,Isa Ál can,,,1,bar|restaurant,1.0,12345678,
3409,Loli Valero,,,1,bar|restaurant,1.0,12345678,
3410,Jose san eufrasio criado,,,2,bar|cafe|restaurant,1.0,12345678,
3411,Maria Isabel Mercado Cornejo,,,1,bar,,12345678,
3412,Paki Moreno,,,1,bar,,12345678,
3413,Ainhoa Moreno,,,1,bar,,12345678,
3414,Carlos Yu Ma,,,1,restaurant,1.0,12345678,
3415,Lucia Escobar,,,1,restaurant,1.0,12345678,
3416,BRICK BOY,,,1,restaurant,,12345678,
3417,Jesus Garrido,,,2,restaurant,2.0,12345678,
3418,Teresa Lozano,,,1,restaurant,1.0,12345678,
3419,Fermin Ruiz,,,3,bar|bakery|restaurant,1.33,12345678,
3420,Vicente Moreno,,,1,bakery,1.0,12345678,
3421,Andres Beltrán Bonillo,,,1,bakery,1.0,12345678,
3422,NodCode,,,1,bakery,1.0,12345678,
3423,José Antonio Narbona González,,,2,Bar de tapas|bakery,1.5,12345678,
3424,Pilar Rocu,,,7,bar|restaurant,1.0,12345678,
3425,Héctor Requena Olivares,,,2,bar,1.0,12345678,
3426,Raquel Senén,,,1,bar,,12345678,
3427,Desi,,,2,bar,1.0,12345678,
3428,Mário Adão,,,1,bar,,12345678,
3429,Antonio Contreras Cortes,,,3,bakery|bar,1.0,12345678,
3430,Rafa Jimenez Fernández,,,1,bar,,12345678,
3431,Sergio Pariente,,,1,bar,,12345678,
3432,Alicia Rodríguez,,,3,bar|restaurant,1.0,12345678,
3433,Miguel MGP,,,1,bar,1.0,12345678,
3434,Benigno Vilchez Agudo,,,1,bar,1.0,12345678,
3435,Juanan Ortega Elvira,,,1,bar,1.0,12345678,
3436,Yolanda Ibañez Moriano,,,1,restaurant,,12345678,
3437,María Rodríguez,,,2,restaurant,,12345678,
3438,Ana Calles,,,1,restaurant,,12345678,
3439,Natalia Verdugo Padilla,,,1,restaurant,,12345678,
3440,Álvaro García,,,1,restaurant,,12345678,
3441,Bartolomé Gutiérrez,,,4,bar|bakery|restaurant,,12345678,
3442,Sandra Roca García,,,1,restaurant,,12345678,
3443,Asmita Dadda,,,1,restaurant,,12345678,
3444,Marcos Ramos Díaz,,,1,restaurant,,12345678,
3445,Veronica Serrano,,,1,bar,,12345678,
3446,Jose Antonio Martinez Garcia,,,1,bar,,12345678,
3447,Jacinto Jimenez Garcia,,,2,bar,2.0,12345678,
3448,Tomás GARCÍA JIMÉNEZ,,,1,bar,,12345678,
3449,Jose Garcia,,,1,bar,,12345678,
3450,Javier P,,,1,bar,,12345678,
3451,Claudia González Osorio,,,1,bar,,12345678,
3452,Juan José Moreno Gámez,,,1,bar,,12345678,
3453,Cristina R. T,,,1,bar,,12345678,
3454,Isa Alvarez,,,1,bar,,12345678,
3455,Jessica Luque Martínez,,,1,bar,,12345678,
3456,Antonio JS,,,1,bar,,12345678,
3457,diego moreno castillo,,,1,bar,,12345678,
3458,Ani García Terrones,,,1,bar,,12345678,
3459,Patricia Valenzuela,,,1,bar|restaurant,,12345678,
3460,Mireya Araque,,,1,bar|restaurant,,12345678,
3461,Toni Callejas,,,1,bar|restaurant,,12345678,
3462,Jorge Dieguez,,,1,bar|restaurant,,12345678,
3463,Noelia Huertas,,,3,bar|restaurant,1.0,12345678,
3464,Alejandro V.,,,1,bar,1.0,12345678,
3465,Inés,,,1,bar,1.0,12345678,
3466,Crescencio Corpas Delgado,,,1,bar,1.0,12345678,
3467,A / k F B,,,1,bar,,12345678,
3468,jesus lara,,,0,,,12345678,
3469,Pedro Morales,,,0,,,12345678,
3470,Bpg,,,1,restaurant,1.0,12345678,
3471,Carlos Cardona,,,1,restaurant,1.0,12345678,
3472,Maria Isabel Sánchez Rodríguez,,,1,restaurant,1.0,12345678,
3473,Adrián Ruiz Esteban,,,1,cafe,,12345678,
3474,Incognito,,,1,cafe,,12345678,
3475,Juan Madero,,,1,cafe,1.0,12345678,
3476,Alba Ramírez López,,,1,cafe,1.0,12345678,
3477,Espe Chueco,,,1,cafe,1.0,12345678,
3478,Jose Ibanez,,,2,bar|restaurant,1.0,12345678,
3479,Croko Dilo,,,1,restaurant,1.0,12345678,
3480,Sandra Cerezo,,,2,restaurant|bar,1.0,12345678,
3481,Rafael Belmonte Ruiz,,,1,restaurant,1.0,12345678,
3482,J. JESÚS MORALES,,,1,restaurant,,12345678,
3483,María Del Pilar Gil Lara,,,1,restaurant,,12345678,
3484,Inesmaria Muñoz,,,1,restaurant,,12345678,
3485,JUAN JOSÉ ROSAL DELGADO,,,1,restaurant,,12345678,
3486,JC MOSCOSO,,,1,bar,,12345678,
3487,Adriana Delprato,,,1,bar,,12345678,
3488,Javichu Pérez,,,1,bar,,12345678,
3489,Jesus Perez,,,1,bar,,12345678,
3490,Cristina Luna Morales,,,1,bakery,1.0,12345678,
3491,juan pedro Vega,,,2,bakery|night_club,1.0,12345678,
3492,tiritas ochentaycinco,,,1,bakery,1.0,12345678,
3493,Sebastian Melero P,,,2,bakery,1.0,12345678,
3494,Rocio Espínola Gutiérrez,,,1,bar,,12345678,
3495,Luz Maria Benítez,,,1,bar,,12345678,
3496,18azulynegro,,,1,restaurant,,12345678,
3497,Francisco Jesus Herrero Montes,,,1,restaurant,,12345678,
3498,Javier Hakim López,,,1,restaurant,,12345678,
3499,Manuela Bueno Ortega,,,1,restaurant,,12345678,
3500,Conchi Morales,,,1,bar,,12345678,
3501,Pablo Crespo Gil,,,1,bar,,12345678,
3502,Luis (Phoenix),,,1,bar,,12345678,
3503,Alba Pineda,,,1,bar,,12345678,
3504,Анахейд,,,1,bar,,12345678,
3505,Almudena MC,,,1,bar,,12345678,
3506,Sandra Valenzuela Martos,,,1,bar,,12345678,
3507,Aarón Gutiérrez,,,1,bar,,12345678,
3508,Javier A,,,1,bar,,12345678,
3509,F Tr,,,2,bar,3.0,12345678,
3510,Roberto Spinetti,,,1,bakery,,12345678,
3511,jacinta morales huertas,,,1,bar,,12345678,
3512,Manuel Callado Garcia,,,1,bar,,12345678,
3513,Juanfran Brioso,,,1,night_club,,12345678,
3514,Antonio Ramírez,,,1,night_club,,12345678,
3515,José Manuel Alcala Valenzuela,,,1,night_club,,12345678,
3516,Ar Gm,,,1,night_club,,12345678,
3517,ANTONIO RELAÑO M.,,,1,night_club,,12345678,
3518,Victorio J. E.F,,,0,,,12345678,
3519,L. Javier Carayol G.,,,0,,,12345678,
3520,Gonzalo,,,1,restaurant,,12345678,
3521,Cristina Calle Guerra,,,0,,,12345678,
3522,Miguel PY,,,0,,,12345678,
3523,Conchi Celdran,,,0,,,12345678,
3524,Ivan León,,,0,,,12345678,
3525,Jaume Oliva,,,0,,,12345678,
3526,Cati Prieto,,,0,,,12345678,
3527,Laura Fernandez Baillo,,,1,bar|restaurant,1.0,12345678,
3528,Rosana Sanchez,,,1,bar|restaurant,1.0,12345678,
3529,Carlos Fornieles,,,1,bar|restaurant,1.0,12345678,
3530,Eva Cutillas,,,1,bar|restaurant,1.0,12345678,
3531,Conso CV,,,4,restaurant|bar|cafe,1.67,12345678,
3532,Israel Laville Sala,,,1,restaurant,2.0,12345678,
3533,ali_meri_mar,,,1,restaurant,2.0,12345678,
3534,david gallardo,,,1,restaurant,2.0,12345678,
3535,Lourdes Chacon,,,1,restaurant,2.0,12345678,
3536,María DiVal,,,1,restaurant,2.0,12345678,
3537,Jaime Sanchez,,,1,restaurant,,12345678,
3538,Jose María,,,2,restaurant|bar,1.5,12345678,
3539,Amelia Pígner,,,1,restaurant,,12345678,
3540,maria orenes,,,1,bar|restaurant,1.0,12345678,
3541,Lukeatuke. Marin Aguilar,,,1,bar|restaurant,1.0,12345678,
3542,Daniel Martinez,,,1,bar|restaurant,1.0,12345678,
3543,Bea chus,,,1,bar|restaurant,,12345678,
3544,Sandra Mktb,,,0,,,12345678,
3545,Inmaculada Serrano,,,0,,,12345678,
3546,soraya molina,,,0,,,12345678,
3547,Sofi,,,0,,,12345678,
3548,Ana Ggonz,,,0,,,12345678,
3549,E,,,2,cafe|restaurant,1.0,12345678,
3550,Eric Gonzalo,,,1,restaurant,1.0,12345678,
3551,Ale Perianyiez,,,1,restaurant,1.0,12345678,
3552,A.A S.I.,,,1,restaurant,1.0,12345678,
3553,Monica Sanz,,,1,restaurant,,12345678,
3554,fidel Lopez Navazo,,,1,restaurant,,12345678,
3555,Mashhour Fawzat Ayyoub,,,1,restaurant,,12345678,
3556,NAREK KARAKELYAN,,,1,restaurant,,12345678,
3557,alfonso baena,,,0,,,12345678,
3558,Rosalía Vargas Cabello,,,0,,,12345678,
3559,Adrian Garcia balboa,,,0,,,12345678,
3560,Juan fran Martin Quesada,,,0,,,12345678,
3561,rafael navarro,,,0,,,12345678,
3562,Alexandra Soriano,,,1,cafe,,12345678,
3563,JOSE LUIS MAQUEDA,,,3,bar|restaurant|cafe,1.0,12345678,
3564,Ainhoa Arias,,,1,bar|restaurant,,12345678,
3565,inma garcia ureña,,,1,bar|restaurant,,12345678,
3566,Abraham Fuentes,,,1,bar|restaurant,,12345678,
3567,Jose Maria Saez Ortiz,,,1,bar|restaurant,,12345678,
3568,Javi Sánchez,,,1,bar|restaurant,,12345678,
3569,Javier Ruiz,,,2,bar|restaurant,2.0,12345678,
3570,Re,,,2,restaurant,1.0,12345678,
3571,Maria Jose Chamorro,,,1,restaurant,,12345678,
3572,Lucie M,,,1,restaurant,,12345678,
3573,L. P.M.,,,2,restaurant|bar|cafe,1.0,12345678,
3574,Lázaro Segura,,,1,bar,1.0,12345678,
3575,Antonio Martínez Morales,,,1,bar,1.0,12345678,
3576,JoNeGa _,,,1,bar,,12345678,
3577,Lorena,,,3,bar|restaurant,1.5,12345678,
3577,Lorena,,,3,bar|restaurant,1.5,12345678,
3578,Iñaki Pumarega,,,0,,,12345678,
3579,Jaime Jiménez,,,0,,,12345678,
3580,Marta Ruiz,,,0,,,12345678,
3581,Ricardo Rodriguez Saez,,,0,,,12345678,
3582,LUIS REBOLO,,,0,,,12345678,
3583,Pedro Justicia,,,1,restaurant,,12345678,
3584,Lucía Díaz,,,1,restaurant,,12345678,
3585,Ronny Meggio,,,1,restaurant,,12345678,
3586,Dans Part,,,2,bar|restaurant,1.0,12345678,
3587,David Cabrera Garcia,,,1,bar,,12345678,
3588,jesus muñoz,,,1,bar,,12345678,
3589,Irene R,,,1,bar,,12345678,
3590,Yolanda Sánchez,,,2,bar,2.0,12345678,
3591,Alina Tretiak Mosondz,,,1,cafe,,12345678,
3592,Maria Mañas Nievas,,,1,cafe,,12345678,
3593,Nerea urbano Fernadez,,,1,cafe,,12345678,
3594,Miguel Quero Cabello,,,1,cafe,,12345678,
3595,Tamara Ortega onetti,,,1,cafe,,12345678,
3596,Manuela,,,2,cafe|meal_takeaway|restaurant,1.0,12345678,
3597,Lazaro _6,,,1,cafe,,12345678,
3598,Juandee García Jiménez,,,1,cafe,,12345678,
3599,fernando curto,,,0,,,12345678,
3600,Senderos Caminos,,,0,,,12345678,
3601,Noemí Martínez Sáez,,,0,,,12345678,
3602,rafael ruiz,,,0,,,12345678,
3603,Irene Ros,,,0,,,12345678,
3604,Lola Cañestro,,,1,bar|restaurant,1.0,12345678,
3605,Noelia Nogueras,,,1,bar|restaurant,1.0,12345678,
3606,lini liniya,,,1,bar|restaurant,1.0,12345678,
3607,Ana Montero,,,1,cafe,1.0,12345678,
3608,Yolanda Serrano Castro,,,1,cafe,1.0,12345678,
3609,Juan Antonio Ruiz Montero,,,1,cafe,1.0,12345678,
3610,Angela Reina,,,1,cafe,1.0,12345678,
3611,JLuis S. Morales,,,1,cafe,1.0,12345678,
3612,Jym Grant,,,1,bakery,1.0,12345678,
3613,esteban,,,2,bakery,1.0,12345678,
3614,Mª CARMEN BAUTISTA,,,1,bakery,1.0,12345678,
3615,Angel Latorre Serrano,,,1,restaurant,,12345678,
3616,Luidelis Zacarías,,,1,restaurant,,12345678,
3617,Emilio Martinez,,,1,restaurant,,12345678,
3618,esther barazas,,,1,restaurant,,12345678,
3619,Uriel Romero,,,1,restaurant,,12345678,
3620,María Miralles,,,1,restaurant,,12345678,
3621,Julio Bautista Martinez,,,1,restaurant,,12345678,
3622,Juan Pedro Tole Santi,,,2,bar|restaurant,2.0,12345678,
3623,Nuria Ruiz Parreño,,,1,restaurant,,12345678,
3624,Guillermina Maglione,,,1,restaurant,1.0,12345678,
3625,javi Velasco (javilomontax2),,,1,restaurant,1.0,12345678,
3626,Cristina Mata Oliver,,,1,restaurant,1.0,12345678,
3627,Daniel Rey,,,1,restaurant,1.0,12345678,
3628,mariano miguel romero,,,2,bar|restaurant,2.0,12345678,
3629,María José Fernández Garzón,,,1,bar|restaurant,,12345678,
3630,Rosa Belen Garcia,,,1,bar|restaurant,,12345678,
3631,Jezabel Hidalgo,,,1,bar|restaurant,,12345678,
3632,bernardo povedano,,,1,bar|restaurant,,12345678,
3633,Maite Galiano,,,1,bar,,12345678,
3634,Hannah B,,,1,bar,,12345678,
3635,Lorenzo Plaza,,,1,bar,,12345678,
3636,alvaro moreno,,,1,bar,,12345678,
3637,Diosa Gea - Aguacates,,,1,cafe,,12345678,
3638,Amable Vico Vico,,,1,cafe,,12345678,
3639,Darío López Martínez,,,1,cafe,,12345678,
3640,Fotoedit Spain,,,1,cafe,,12345678,
3641,Raquel,,,9,restaurant|bar|cafe,2.0,12345678,
3642,Paqui Rodríguez,,,2,cafe|restaurant,1.0,12345678,
3643,M. Dolores,,,1,restaurant,1.0,12345678,
3644,Carlos Cardenas,,,1,restaurant,1.0,12345678,
3645,Mª Carmen Carrión,,,1,restaurant,1.0,12345678,
3646,TONI BARRANCO,,,1,restaurant,1.0,12345678,
3647,Conxy Jiménez Sánchez,,,1,bar|restaurant,1.0,12345678,
3648,Jose Jurado Martin,,,1,bar|restaurant,1.0,12345678,
3649,Joc,,,1,bar|restaurant,1.0,12345678,
3650,Juan José Sánchez García,,,1,bar|restaurant,1.0,12345678,
3651,HAL IMA,,,1,bar|restaurant,1.0,12345678,
3652,Juan Jimenez,,,1,restaurant,,12345678,
3653,capilla de la torre campos,,,1,restaurant,,12345678,
3654,Adrian RM,,,1,restaurant,,12345678,
3655,Laura CP,,,1,restaurant,,12345678,
3656,Toni P.T.,,,1,bakery,,12345678,
3657,ana rus gamez,,,1,bakery,,12345678,
3658,Irene Cocera,,,1,bar|restaurant,,12345678,
3659,Carmen Diaz Pires,,,1,bar|restaurant,,12345678,
3660,Federico Rodríguez,,,1,bar|restaurant,,12345678,
3661,Pedro Navajas,,,1,bar|restaurant,,12345678,
3662,Miguel Gonzalez Egea,,,1,bar,1.0,12345678,
3663,Gerardo Molina Fernandez,,,1,bar,1.0,12345678,
3664,Blas Hidalgo,,,5,bar|cafe|restaurant,1.25,12345678,
3665,kiko exposito,,,1,bar,1.0,12345678,
3666,Lucia Perez,,,1,bar,1.0,12345678,
3667,Jesus Roda,,,2,bar|cafe|restaurant,1.0,12345678,
3668,Luis Carlos Martínez Sancho,,,1,bar,,12345678,
3669,Maria Gomez Garrido,,,1,bar,,12345678,
3670,Ana Belén Muñoz García,,,1,bar,,12345678,
3671,Cristina Quero,,,1,restaurant,,12345678,
3672,Fifi Mones Casanova,,,1,restaurant,,12345678,
3673,Pilar Diaz Arriaza,,,1,restaurant,,12345678,
3674,Cortes Agredo,,,1,restaurant,,12345678,
3675,Ramon Salido Chica,,,1,restaurant,,12345678,
3676,Alicia Martínez-Conde (aliziacomunica),,,1,bar|restaurant,,12345678,
3677,Cristina Cris,,,1,bar|restaurant,,12345678,
3678,Conchi Torres,,,2,restaurant|bar,2.0,12345678,
3679,Jesús Diez Del Corral Martinez,,,1,bar|restaurant,,12345678,
3680,Salvador Ruiz Balboa,,,1,bar|restaurant,,12345678,
3681,Sandra Cabellos,,,1,restaurant,,12345678,
3682,Generyk,,,1,restaurant,,12345678,
3683,Oliv C,,,1,restaurant,,12345678,
3684,Daniel Paul Dawson,,,2,bar|restaurant,1.0,12345678,
3685,Juan Carlos Sánchez Mateos,,,1,restaurant,,12345678,
3686,maria gamez cazalla,,,0,,,12345678,
3687,Jesus Millan Cazalilla,,,0,,,12345678,
3688,Jesus Millán,,,0,,,12345678,
3689,Mar Jim.,,,3,restaurant|bar,1.0,12345678,
3690,María Hoyo Galán,,,1,night_club,,12345678,
3691,Sandra Tirado,,,1,bar,,12345678,
3692,Lucia Bolivar,,,1,bar,,12345678,
3693,Elena Nieto Baeza,,,1,bar,,12345678,
3694,Paco Lamuela,,,1,bar,,12345678,
3695,Marina F,,,1,restaurant,1.0,12345678,
3696,Teresa López,,,1,restaurant,1.0,12345678,
3697,Tono Cobitas,,,1,restaurant,,12345678,
3698,Jorge Lopes,,,2,bar|restaurant,1.0,12345678,
3699,MC Costa del Sol,,,1,bar|restaurant,,12345678,
3700,Elena como la vida misma,,,1,bar|restaurant,1.0,12345678,
3701,Moises Sanchez C,,,1,bar|restaurant,1.0,12345678,
3702,Milagros Gordon,,,1,bar|restaurant,1.0,12345678,
3703,Angel González,,,2,restaurant|bar,1.5,12345678,
3704,manuel gijon hortez,,,1,bar|restaurant,,12345678,
3705,Alberto García oya,,,1,bar|restaurant,1.0,12345678,
3706,Sergio Mercado,,,1,bar|restaurant,1.0,12345678,
3707,cristobal81 M,,,3,bakery|night_club,1.0,12345678,
3708,Pilar Andrea Garcia,,,1,night_club,,12345678,
3709,Jose Luis Quesada Blanca,,,2,bar|night_club,2.0,12345678,
3710,Mayte Planet,,,1,bar,1.0,12345678,
3711,JESUS FELIX VENTERO,,,2,bar|restaurant,1.0,12345678,
3712,Carlos Aliaga,,,2,bar|restaurant,1.5,12345678,
3713,Jose Maria Sanchez Perez Alonso,,,1,bar,1.0,12345678,
3714,Francisco Gomez,,,2,bar,1.0,12345678,
3715,Manosdebruja,,,0,,,12345678,
3716,Antonio Rueda Galdon,,,1,bar,1.0,12345678,
3717,ROSA,,,0,,,12345678,
3718,Jöggnar,,,1,cafe,1.0,12345678,
3719,Emilio García,,,1,cafe,,12345678,
3720,Niky Acosta,,,1,cafe,,12345678,
3721,Eva León,,,1,cafe,1.0,12345678,
3722,andres beltran maldonado,,,1,cafe,1.0,12345678,
3723,J 1,,,3,bakery|bar|cafe,1.0,12345678,
3724,Juan Luis Bravo Román,,,1,bar|cafe,,12345678,
3725,Miguel Angel Gonzalez,,,1,bar|cafe,,12345678,
3726,manuel leon,,,1,bar|cafe,,12345678,
3727,I AM,,,1,bar,1.0,12345678,
3728,Esther De Miguel,,,2,bar,1.0,12345678,
3729,Carlos m Funes,,,1,bar,1.0,12345678,
3730,Alex Lorite,,,1,restaurant,,12345678,
3731,Carlos Sánchez,,,1,restaurant,1.0,12345678,
3732,Jjj Jjaksks,,,1,restaurant,,12345678,
3733,Cocina con leo Garcia MJ,,,1,restaurant,1.0,12345678,
3734,Jj Jj,,,1,restaurant,,12345678,
3735,Jorge Sánchez Lopez,,,1,restaurant,1.0,12345678,
3736,Alex Yang,,,2,Bar restaurante|restaurant,1.5,12345678,
3737,Lola velasco,,,2,cafe|restaurant,1.0,12345678,
3738,Enrique Mesa,,,1,restaurant,1.0,12345678,
3739,Jesus miguel Garcia padilla,,,1,restaurant,,12345678,
3740,Ariel Blanco,,,1,bar,1.0,12345678,
3741,Csp 67,,,1,bar,,12345678,
3742,eva maria garcia,,,1,bar,1.0,12345678,
3743,JOSE CARLOS QUESADA,,,1,bar,1.0,12345678,
3744,Luis De La Vega,,,1,bar,1.0,12345678,
3745,José Cabrera Sánchez,,,2,bar|restaurant,2.0,12345678,
3746,Javier Avilés Sánchez,,,1,bar,,12345678,
3747,Jonathan Castillo Rodriguez,,,1,bar,,12345678,
3748,Oscar LJ,,,1,bar,,12345678,
3749,Manu Aba,,,1,bar,,12345678,
3750,MªÁngeles Romero,,,1,bar,,12345678,
3751,natalia gamez rodrigo,,,1,bar,,12345678,
3752,Nathaly Gutiérrez Eljach,,,1,bar,,12345678,
3753,ANA BELEN Pascual ANBEL,,,1,bar,,12345678,
3754,Alejandro CL,,,1,bakery,,12345678,
3755,Jacinto Armenteros,,,1,bakery,,12345678,
3756,jose de la chica,,,1,bakery,,12345678,
3757,Nieves Vico,,,1,bakery,,12345678,
3758,Maribel Del Alamo,,,1,cafe,1.0,12345678,
3759,guadalupe riolobos,,,1,cafe,1.0,12345678,
3760,Servando Serrano,,,1,cafe,1.0,12345678,
3761,Soledad Aguilar Molina,,,1,bar|cafe|restaurant,1.0,12345678,
3762,Antoni Bagur,,,1,bar|cafe|restaurant,1.0,12345678,
3763,Carmen Cabrera,,,5,bar|cafe|restaurant,1.0,12345678,
3764,Dani Moreno Corvillo,,,1,bar|cafe|restaurant,1.0,12345678,
3765,Rocío NadaMas,,,1,bar|cafe|restaurant,1.0,12345678,
3766,Pablo CJ,,,1,bar|cafe,1.0,12345678,
3767,Carlos L. Berenguer,,,1,bar|cafe,1.0,12345678,
3768,jose jose,,,1,bar|cafe,1.0,12345678,
3769,Jose Antonio Saez,,,1,bar|cafe,1.0,12345678,
3770,J ROJO,,,1,bar|cafe,1.0,12345678,
3771,Maribel Pérez Martínez,,,1,bakery,,12345678,
3772,Betsy & The City,,,1,bakery,,12345678,
3773,Paul Ccastillo,,,1,bakery,,12345678,
3774,Débora Serrano Ocaña,,,1,bakery,,12345678,
3775,Antonio Marin,,,1,bakery,,12345678,
3776,TXAPUCEX,,,1,bar|restaurant,1.0,12345678,
3777,Ana Y Julio,,,1,bar|restaurant,,12345678,
3778,Lourdes C.M,,,1,bar|restaurant,1.0,12345678,
3779,uri sii,,,2,restaurant|bar,1.0,12345678,
3780,Víctor Manuel Barrera Alonzo,,,1,restaurant,,12345678,
3781,Luisa Hortal,,,1,restaurant,,12345678,
3782,Mikaelo,,,1,restaurant,,12345678,
3783,rosa vallejo osete,,,1,restaurant,,12345678,
3784,Karentolea,,,1,restaurant,,12345678,
3785,Desiree Nágera Velasco,,,1,meal_delivery,,12345678,
3786,Maria del Mar,,,2,meal_delivery|restaurant,3.0,12345678,
3787,Misabeljuarezespinosa@gmail.com Juárez Espinosa,,,1,meal_delivery,,12345678,
3788,Jose Luis Cruz,,,1,meal_delivery,,12345678,
3789,Mari Jose Fuentes Martinez,,,1,meal_delivery,,12345678,
3790,Samuel Murillo,,,1,cafe,,12345678,
3791,Hispano Hernandez,,,1,cafe,,12345678,
3792,Comidas,,,2,cafe|restaurant,1.0,12345678,
3793,LIDIA MEDINA,,,1,meal_delivery,,12345678,
3794,Mercedes G,,,1,meal_delivery,,12345678,
3795,Carlos Hernández,,,1,meal_delivery,,12345678,
3796,María Muñoz,,,1,meal_delivery,,12345678,
3797,Jesús García,,,2,bar|cafe|restaurant,1.0,12345678,
3798,Jose ramirez casado,,,0,,,12345678,
3799,Manuel Carmona,,,1,Bar restaurante,2.0,12345678,
3800,Sito,,,0,,,12345678,
3801,Jose Luis Macareno Buenestado,,,0,,,12345678,
3802,Raul Jimenez Zaya,,,1,bar|restaurant,1.0,12345678,
3803,M Hermed,,,1,bar|restaurant,1.0,12345678,
3804,Rafa Yepes,,,1,bar|restaurant,1.0,12345678,
3805,MANUEL RIVILLAS,,,1,cafe,1.0,12345678,
3806,Manuel Nu,,,1,cafe,1.0,12345678,
3807,Rociera 2010,,,1,cafe,1.0,12345678,
3808,Juan J. León,,,1,cafe,1.0,12345678,
3809,antonio bueno,,,1,bar|restaurant,,12345678,
3810,Miguel Angel Cabrera,,,3,bar|restaurant|cafe,,12345678,
3811,Gema Montejo,,,1,bar|restaurant,1.0,12345678,
3812,Eduardo Laza,,,2,bar|restaurant,1.0,12345678,
3813,Miguel Nevado Rueda,,,1,bar|restaurant,1.0,12345678,
3814,Patricia SS,,,1,bar|restaurant,1.0,12345678,
3815,Mari Carmen,,,4,bar|restaurant,1.5,12345678,
3816,Daniel Rios,,,1,bar|restaurant,1.0,12345678,
3817,McGiber el crack,,,1,bar|restaurant,1.0,12345678,
3818,Fernando Blanco,,,0,,,12345678,
3819,OLGA PZ,,,0,,,12345678,
3820,Martin Casado Sierra,,,1,bakery,,12345678,
3821,Carlos Perry,,,1,bakery,,12345678,
3822,Loli Corrales,,,1,bakery,,12345678,
3823,LOLI SC,,,2,bakery|cafe,,12345678,
3824,fanchi jurado,,,1,bakery,,12345678,
3825,pedro jesus plaza delgado,,,1,bar,1.0,12345678,
3826,Pedro Expósito,,,1,bar,1.0,12345678,
3827,Felipe Jesus Lara Ortega,,,2,bar,1.0,12345678,
3828,Valle Tello,,,1,bar,1.0,12345678,
3829,José Luis Guerrero Fernández,,,1,bar,1.0,12345678,
3830,MARÍA DEL ROSARIO RODRÍGUEZ CALLADO,,,1,bar,1.0,12345678,
3831,Martin Carmona López,,,1,bar,1.0,12345678,
3832,Ana Belén Lara Mercado,,,1,bar|restaurant,,12345678,
3833,Manuel Del Castillo,,,1,bar|restaurant,,12345678,
3834,francisco Bueno,,,1,bar|restaurant,,12345678,
3835,manuel lanzaran,,,1,cafe,,12345678,
3836,Abus de arjonilla,,,1,cafe,,12345678,
3837,Mari Navarrete,,,1,cafe,,12345678,
3838,Juan Carlos Sanchez Cañizares,,,1,bakery,,12345678,
3839,Ana santos,,,1,bakery,,12345678,
3840,Elisabeth Correas,,,1,bar,,12345678,
3841,jose Erena Pulido,,,3,bar,1.0,12345678,
3842,Gaspar Parras Jiménez,,,2,bakery|restaurant,,12345678,
3843,Maria Jesus Lopez Perez,,,1,restaurant,,12345678,
3844,mari carmen carmona arce,,,1,restaurant,,12345678,
3845,Gema Maria Lara Jandula,,,1,restaurant,,12345678,
3846,veronica segado,,,1,restaurant,,12345678,
3847,Miguel Angel “El Legionario”,,,1,restaurant,,12345678,
3848,Francisco Pérez casado,,,1,restaurant,,12345678,
3849,Paqui TG,,,1,bakery,1.0,12345678,
3850,Miguel Meseguer Galán,,,1,bakery,1.0,12345678,
3851,J. Dl.M.Pac.,,,1,bakery,1.0,12345678,
3852,Sebastian Beltran Laguna,,,1,bakery,1.0,12345678,
3853,Angel SORIA ZAPATA,,,1,bakery,,12345678,
3854,Francisco Pontiveros,,,1,bakery,,12345678,
3855,Francisco Barranco,,,1,bakery,,12345678,
3856,30iglesias,,,1,bakery,1.0,12345678,
3857,Jose Iglesias,,,1,bakery,1.0,12345678,
3858,Laura Fernandez Crespo,,,1,bakery,1.0,12345678,
3859,Fina Raya,,,1,bakery,,12345678,
3860,Rafa Gil,,,1,bakery,,12345678,
3861,Jezabel Valdivia Sanchez,,,1,bakery,,12345678,
3862,Fatima Fernandez del Arbol,,,1,bakery,,12345678,
3863,Sebastian Torres,,,1,cafe,1.0,12345678,
3864,sebastian plazas plazas,,,1,cafe,1.0,12345678,
3865,Mariano Malo Martinez,,,2,bar|cafe,1.0,12345678,
3866,Santi Cazalla,,,1,cafe,,12345678,
3867,J. Mora,,,3,Bar de tapas|cafe|restaurant,1.67,12345678,
3868,david cámara zafra,,,1,bar,,12345678,
3869,Manolo Lopez,,,1,bar,,12345678,
3870,Mariano Malo Martínez,,,1,bar,,12345678,
3871,Maite Maymo,,,1,bar,,12345678,
3872,Juan Pele,,,3,bar|cafe|restaurant,1.0,12345678,
3873,Domingo Serrano,,,1,bar,1.0,12345678,
3874,Juan Amores Agea,,,4,bar|cafe|restaurant,1.0,12345678,
3875,Tà Marcos,,,1,bar,1.0,12345678,
3876,Arantxa,,,3,restaurant|cafe|bar,1.0,12345678,
3877,Armando P,,,1,restaurant,1.0,12345678,
3878,carlos garcia,,,6,restaurant|bar,2.0,12345678,
3879,Cris Pm,,,1,bar,,12345678,
3880,Alvaro Cardenas Sanchez,,,1,bar,,12345678,
3881,shhh!!! ehhh,,,1,bar,,12345678,
3882,Noemi Lorente Martinez,,,1,bar,,12345678,
3883,Azahara LD,,,1,bar,,12345678,
3884,Silvia Perez Garcia,,,2,restaurant|bar,2.0,12345678,
3885,Sergio Garcia,,,2,restaurant,,12345678,
3886,Juan Antonio Villar Mira,,,1,restaurant,,12345678,
3887,Nadia Leyva,,,1,restaurant,,12345678,
3888,Ana Carmen Jurado Lopez,,,1,restaurant,,12345678,
3889,Julián MA,,,1,bar|restaurant,1.0,12345678,
3890,Rafa Reig Peraile,,,1,bar|restaurant,1.0,12345678,
3891,Rebeca Murillo Torres,,,1,bar|restaurant,1.0,12345678,
3892,Juan Rubio,,,2,restaurant|bar,1.0,12345678,
3893,Pedro García Román,,,4,restaurant|bar,1.0,12345678,
3894,Fran Palomino,,,1,restaurant,1.0,12345678,
3895,Miguel Ángel latorre Fotógrafo,,,1,restaurant,1.0,12345678,
3896,pedro mendoza,,,1,restaurant,1.0,12345678,
3897,Ruben Sanchez,,,1,restaurant,1.0,12345678,
3898,Israel V. Mora,,,2,restaurant,1.5,12345678,
3899,C.m.l,,,1,meal_takeaway|restaurant,,12345678,
3900,Miguel Cruz,,,1,meal_takeaway|restaurant,,12345678,
3901,Alice,,,1,meal_takeaway|restaurant,,12345678,
3902,Sebastian Rus Checa,,,1,bakery,,12345678,
3903,Maria -,,,1,bakery,,12345678,
3904,Andrés León Almagro,,,2,bakery|restaurant,,12345678,
3905,Flora Molina,,,1,bakery,,12345678,
3906,anabel martinez lopez,,,2,bakery|restaurant,,12345678,
3907,Manuel Prados Fernández,,,3,bakery|restaurant,1.0,12345678,
3908,Pedro Santiago Molina,,,1,restaurant,,12345678,
3909,Manu A,,,1,restaurant,,12345678,
3910,Nacho Le Prof,,,1,restaurant,,12345678,
3911,Manuel Antonio Marin Martínez,,,1,restaurant,,12345678,
3912,Inma García Brito,,,1,restaurant,,12345678,
3913,Antonio Jose Valenzuela Calvente,,,1,restaurant,,12345678,
3914,Indominus Animatronic,,,1,restaurant,,12345678,
3915,Paqui Medina Sánchez,,,1,restaurant,,12345678,
3916,Kike,,,2,bar|restaurant,1.0,12345678,
3917,Franc Em,,,1,restaurant,,12345678,
3918,Pedro tirado Escayola,,,1,restaurant,,12345678,
3919,Mundo Tuning,,,1,restaurant,,12345678,
3920,Antonio Moyano,,,1,restaurant,,12345678,
3921,Maria Victoria Lopez,,,1,cafe,1.0,12345678,
3922,liberto marin,,,1,cafe,1.0,12345678,
3923,Verónica Martínez,,,1,cafe,1.0,12345678,
3924,Laura Jimenez Manzano,,,2,bar|cafe,1.0,12345678,
3925,Mari Lola Jódar Jódar,,,1,cafe,,12345678,
3926,antonia marin jodar,,,2,bar|restaurant,1.0,12345678,
3927,Dani Dominguez,,,1,bar,,12345678,
3928,Juan José Lombardo Lombardo,,,1,bar,,12345678,
3929,Maria Anton,,,1,bar,,12345678,
3930,José María Rodríguez Martínez,,,1,bar,,12345678,
3931,JUAN CARLOS CANGAS PRADOS,,,1,bakery,,12345678,
3932,Tamara Bautista,,,1,bakery,1.0,12345678,
3933,NICOLAS JIMENEZ MARTINEZ,,,1,bakery,,12345678,
3934,Francisco Javier Gutiérrez Tobaruela,,,1,bakery,,12345678,
3935,manoli garate lamoneda,,,1,bakery,,12345678,
3936,Daniel Cózar Pérez,,,1,bar,1.0,12345678,
3937,Alfonso De La Poza Domenech,,,1,bar,1.0,12345678,
3938,Nicolas Lopez Morales,,,1,bar,1.0,12345678,
3939,Antonio Chaketillas,,,2,bar,1.0,12345678,
3940,Sebastian Rodriguez,,,1,bakery,,12345678,
3941,MARIA FELICIANA GAMEZ PADILLA,,,1,bakery,,12345678,
3942,Antonio Tobaruela Marín,,,1,bakery,,12345678,
3943,JUAN MANUEL RUIZ ABELLÓN,,,1,bar,,12345678,
3944,Maria de la Paz Garcia Rascon,,,1,bar,,12345678,
3945,Amparo Rascón,,,1,restaurant,1.0,12345678,
3946,Manuel Carmona Moya,,,1,restaurant,1.0,12345678,
3947,alfonso martos rascon,,,1,restaurant,1.0,12345678,
3948,Corky Anguis,,,1,bar,,12345678,
3949,Carmen Ramos Carpintero,,,1,bar|restaurant,1.0,12345678,
3950,Gonza Woxter,,,2,bar|restaurant,1.0,12345678,
3951,Monica M,,,1,bar|restaurant,1.0,12345678,
3952,Marta Monte,,,3,bar|restaurant,1.5,12345678,
3953,Alex Marius,,,1,restaurant,,12345678,
3954,Julián Muñoz Ortega,,,2,restaurant,2.5,12345678,
3955,Dama,,,1,restaurant,2.0,12345678,
3956,Emi Fdez,,,1,restaurant,2.0,12345678,
3957,Sara Blasco Luján,,,2,bar|restaurant,2.0,12345678,
3958,Dor,,,1,bar|restaurant,2.0,12345678,
3959,Maes,,,1,bar|restaurant,2.0,12345678,
3960,Laura HM,,,3,restaurant|bar,1.67,12345678,
3961,Omar Alexander Rodríguez González,,,3,bar|cafe|night_club,1.0,12345678,
3962,Francisko Herrera,,,1,bar|night_club,,12345678,
3963,Angel Rodríguez-Avial Colodro,,,1,bar|night_club,,12345678,
3964,Ana García,,,2,night_club|bar,,12345678,
3965,Alejandro Garcia,,,2,bar|night_club|restaurant,2.0,12345678,
3966,Yessica Fernandez,,,1,restaurant,,12345678,
3967,Jess The foodie from Andalusia,,,7,restaurant|bar|bakery,2.0,12345678,
3968,Influencer Mal,,,2,restaurant,,12345678,
3969,MIGUEL ÁNGEL,,,1,restaurant,,12345678,
3970,Julia Higueras Oliver,,,4,restaurant,2.0,12345678,
3971,miriam estudillo,,,1,bar|restaurant,1.0,12345678,
3972,Camila Luna,,,1,bar|restaurant,1.0,12345678,
3973,alberto garcia,,,5,restaurant|bar|cafe,2.25,12345678,
3974,Tania Gimenez,,,2,bar|cafe|night_club,1.0,12345678,
3975,Juan Carlos Gil,,,1,bar|cafe|night_club,1.0,12345678,
3976,Carlos B. M.,,,2,restaurant|bar,1.0,12345678,
3977,María Ri Ba,,,3,restaurant|bakery,2.0,12345678,
3978,David Marín,,,1,restaurant,,12345678,
3979,EVA MAYRA Verdejo,,,1,restaurant,,12345678,
3980,Rosell,,,7,restaurant|bar|cafe,1.0,12345678,
3981,Lara Rodríguez,,,1,bar|restaurant,2.0,12345678,
3982,Marian Caballero,,,1,bar|restaurant,2.0,12345678,
3983,Dxvid Martos,,,1,bar|restaurant,2.0,12345678,
3984,Juan Antonio Frias Chico,,,1,bar|restaurant,2.0,12345678,
3985,DeathRana,,,1,bar|restaurant,,12345678,
3986,Vicente PM,,,1,bar|restaurant,,12345678,
3987,Carmen Olmo,,,1,bar|restaurant,,12345678,
3988,Francisco José Morales Jiménez,,,1,bar|restaurant,,12345678,
3989,David Arce,,,3,restaurant,2.0,12345678,
3990,Meri,,,1,restaurant,,12345678,
3991,Marga BM,,,6,restaurant|cafe|bar,1.5,12345678,
3992,Martín Murillo Prados,,,2,bar|restaurant,,12345678,
3993,Manuel Camero Galdón,,,1,restaurant,,12345678,
3994,GERMAN GUILLERMO PELAEZ GONZALEZ,,,1,bar|restaurant,2.0,12345678,
3995,Carlos Blanco,,,1,bar|restaurant,2.0,12345678,
3996,Carlos,,,7,restaurant|bar|cafe,1.75,12345678,
3996,Carlos,,,7,restaurant|bar|cafe,1.75,12345678,
3997,Teresa GC,,,1,bar|restaurant,2.0,12345678,
3998,Kimi Higueras Oliver,,,1,bar|restaurant,2.0,12345678,
3999,Angel Cabañas Otero,,,0,,,12345678,
4000,Rafael Montilla Ballesteros,,,0,,,12345678,
4001,José javier Navarrete,,,0,,,12345678,
4002,Miguel León,,,0,,,12345678,
4003,Jose A,,,0,,,12345678,
4004,Pablo Martín,,,1,bar|restaurant,1.0,12345678,
4005,Fernando “Ferny”,,,1,bar|restaurant,,12345678,
4006,Juan Carlos de las Heras Álvarez,,,1,bar|restaurant,1.0,12345678,
4007,Ramon Roma,,,1,bar|restaurant,,12345678,
4008,Ele,,,2,bakery|bar|cafe,1.0,12345678,
4009,Juan AC,,,1,bakery|cafe|restaurant,,12345678,
4010,Paula Marzo,,,1,bakery|cafe|restaurant,1.0,12345678,
4011,Silvia Gutiérrez Gradillas,,,1,restaurant,1.0,12345678,
4012,Inés Rueda,,,1,restaurant,1.0,12345678,
4013,Raul Martinez,,,1,restaurant,1.0,12345678,
4014,Albert Boix,,,1,restaurant,1.0,12345678,
4015,María José Salcedo Sánchez,,,1,restaurant,1.0,12345678,
4016,Cristina Pérez,,,1,restaurant,1.0,12345678,
4017,Maria Jose Contreras,,,1,restaurant,1.0,12345678,
4018,Elisa Fernández,,,2,bakery|restaurant,,12345678,
4019,Mayte,,,1,restaurant,,12345678,
4020,Irene Núñez,,,1,bakery|cafe,1.0,12345678,
4021,María Veinte,,,1,bakery|cafe,1.0,12345678,
4022,Javi Nogales,,,1,bakery|cafe,1.0,12345678,
4023,Cristina Avellán,,,1,bakery|cafe,1.0,12345678,
4024,Maria Elisabeth Neira G.,,,1,cafe|restaurant,1.0,12345678,
4025,AG,,,1,cafe|restaurant,1.0,12345678,
4026,Conxi Martinez,,,1,cafe|restaurant,,12345678,
4027,Victor Zabala,,,1,cafe|restaurant,,12345678,
4028,Jose Maria Tenorio Gonzalez,,,2,cafe|restaurant,1.0,12345678,
4029,Juan Martos,,,1,restaurant,1.0,12345678,
4030,Gloria Herrero Alcaraz,,,1,restaurant,1.0,12345678,
4031,Soledad Menasalvas Laguna,,,1,restaurant,1.0,12345678,
4032,A.S.M.,,,2,cafe|restaurant,1.0,12345678,
4033,Dawellfunk,,,3,cafe|meal_delivery|meal_takeaway,,12345678,
4034,Alberto ArGlez,,,1,cafe,,12345678,
4035,maica maica,,,1,cafe,,12345678,
4036,Manuel Alcalá agulera,,,1,cafe,,12345678,
4037,Miriam Naranjo,,,1,bar|restaurant,1.0,12345678,
4038,Anna Maria Soria Moreno,,,2,bar|restaurant,1.0,12345678,
4039,Consuelo Yuste Vivas,,,1,bar|restaurant,1.0,12345678,
4040,Ander Carrero,,,2,bar|restaurant,1.0,12345678,
4041,Esther Inmaculada Úbeda Becerra,,,1,bar|restaurant,1.0,12345678,
4042,Victor C,,,1,bar|restaurant,1.0,12345678,
4043,Chris Garrido,,,1,bar|restaurant,1.0,12345678,
4044,Alvaro Palomino,,,1,bar|restaurant,1.0,12345678,
4045,Yasmina Garrido,,,0,,,12345678,
4046,Charo Sainz,,,0,,,12345678,
4047,mariana nagy,,,0,,,12345678,
4048,GRAM,,,0,,,12345678,
4049,Antonio García montoro,,,0,,,12345678,
4050,Maria Luque Hernando,,,1,restaurant,,12345678,
4051,Joaquín Schmidt Rojas,,,2,restaurant,,12345678,
4052,Pedro GV,,,1,restaurant,,12345678,
4053,Elena Fur de Francisco,,,1,restaurant,,12345678,
4054,emilia gamez,,,1,restaurant,2.0,12345678,
4055,Carmen Torrijos,,,1,restaurant,2.0,12345678,
4056,Claudia De la Hiz Galán,,,1,restaurant,1.0,12345678,
4057,Antonio Millán,,,1,restaurant,1.0,12345678,
4058,Mayra Cano,,,4,restaurant|bar,1.5,12345678,
4059,Andres Diaz,,,1,restaurant,,12345678,
4060,Raúl Pardo,,,1,restaurant,,12345678,
4061,David Saiz,,,1,restaurant,,12345678,
4062,Ma Ángeles GC,,,1,restaurant,,12345678,
4063,Marta Lafuente Ribot,,,1,restaurant,,12345678,
4064,Pedro Nicolás Aroca,,,6,cafe|restaurant|meal_delivery,1.0,12345678,
4065,Juanky Z117,,,2,restaurant,1.0,12345678,
4066,Alazne Lorenzo Ruiz,,,0,,,12345678,
4067,Carmen Fernández Fernández,,,0,,,12345678,
4068,E. Ortega,,,0,,,12345678,
4069,MJ,,,0,,,12345678,
4070,Marta Cabrales Serralvo,,,0,,,12345678,
4071,Ana Belen Cano Ceacero,,,0,,,12345678,
4072,Kubo,,,0,,,12345678,
4073,Almudena Moya,,,0,,,12345678,
4074,Maria st,,,0,,,12345678,
4075,Alicia Sanchez Gomez,,,0,,,12345678,
4076,Sebastian Ferrer,,,2,bar,1.0,12345678,
4077,Jhon Franco Rivera,,,3,bar|cafe|restaurant,1.0,12345678,
4078,Juan Antonio Prados Catena,,,1,bar,1.0,12345678,
4079,Jose R,,,1,bar,1.0,12345678,
4080,Yolanda Cruz,,,1,cafe,,12345678,
4081,Alexandra Reguero,,,2,cafe|restaurant,,12345678,
4082,Javi Cortacero,,,1,cafe,,12345678,
4083,Alvaro Herrero,,,1,cafe,,12345678,
4084,Ángela Vázquez Vázquez,,,1,cafe,,12345678,
4085,Julio,,,4,bar|restaurant|night_club,1.33,12345678,
4086,Clara Mind,,,1,bar|restaurant,2.0,12345678,
4087,raviab,,,2,bar|restaurant,2.0,12345678,
4088,Jen CaOr,,,1,bar|restaurant,2.0,12345678,
4089,Juan Francisco Diaz Serrano,,,1,bar|restaurant,2.0,12345678,
4090,Vivi,,,1,bar|restaurant,2.0,12345678,
4091,Francisca Rojas. Rodrigo,,,1,bar|restaurant,2.0,12345678,
4092,cris CF,,,1,bar|restaurant,,12345678,
4093,Juan Saborido,,,2,restaurant|bar,2.0,12345678,
4094,Antonio Garcia,,,1,cafe,,12345678,
4095,fuensanta reverte,,,1,cafe,,12345678,
4096,Luis A.L.,,,1,cafe,,12345678,
4097,Brígida Santos,,,1,cafe,1.0,12345678,
4098,Javier Barrio Cámara,,,1,cafe,1.0,12345678,
4099,Jose Bautista,,,2,bar|restaurant,1.0,12345678,
4100,eva maria lucena zuñiga,,,1,bar,,12345678,
4101,Mar Rodríguez,,,1,restaurant,,12345678,
4102,cristina caceres,,,1,restaurant,,12345678,
4103,Oscar V.B,,,2,restaurant,,12345678,
4104,antonio reyna,,,2,restaurant,1.0,12345678,
4105,irene garcia,,,1,restaurant,,12345678,
4106,Mael,,,1,bakery,,12345678,
4107,Francisco Benítez,,,1,bakery,,12345678,
4108,Inma Garrido,,,3,restaurant|bakery,2.0,12345678,
4109,Alba T N,,,1,bakery,,12345678,
4110,Pedro Gonzalez,,,1,bakery,,12345678,
4111,Anaïs,,,1,restaurant,,12345678,
4112,jose valverde torres,,,1,restaurant,,12345678,
4113,Domingo Cana Martinez,,,1,restaurant,,12345678,
4114,Supertayoman,,,2,bar|cafe,,12345678,
4115,Elena Gutiérrez García,,,2,cafe|restaurant,,12345678,
4116,Nuria Checa,,,1,cafe,,12345678,
4117,Lola Cruz molina,,,1,cafe,,12345678,
4118,MONTSERRAT RUIZ MARTOS,,,1,cafe,,12345678,
4119,Tolo Oliver,,,1,bakery,,12345678,
4120,María Jose Gonzalez Lorenzo,,,2,restaurant|bar|cafe,1.0,12345678,
4121,Vicen Pérez,,,1,restaurant,1.0,12345678,
4122,gomezta 1980,,,1,restaurant,1.0,12345678,
4123,Fer M.,,,1,restaurant,,12345678,
4124,Abel,,,1,cafe|restaurant,1.0,12345678,
4125,Natalia Quiles Gomis,,,1,cafe|restaurant,1.0,12345678,
4126,Javier Sánchez Pablos,,,1,cafe|restaurant,,12345678,
4127,Antonio Rodríguez,,,1,bar|restaurant,,12345678,
4128,Selmo,,,1,bar|restaurant,,12345678,
4129,Sergio Martin,,,1,bar|restaurant,1.0,12345678,
4130,R.J.,,,1,bar,1.0,12345678,
4131,JOSE ANTONIO JIMENEZ,,,1,bar,1.0,12345678,
4132,José Antonio Lozono Leon,,,2,bar,1.0,12345678,
4133,Antonio Mendoza,,,1,bar,,12345678,
4134,Raffa García Filmaker,,,1,restaurant,,12345678,
4135,Lorenzo Rubio Gallardo,,,1,restaurant,,12345678,
4136,ANA TRUJILLO,,,1,bar,,12345678,
4137,David Castillo,,,2,bar|restaurant,2.0,12345678,
4138,Brian Paton Barbancho,,,1,bar,,12345678,
4139,Soraya Sánchez,,,1,bar,,12345678,
4140,MIGUEL ANGEL PUJAZON CAMPAÑA,,,1,bar|cafe|restaurant,1.0,12345678,
4141,Miguel Angel,,,1,bar|cafe|restaurant,1.0,12345678,
4142,Pilar Rodriguez,,,1,bar|cafe|restaurant,1.0,12345678,
4143,Miguel Romero Horno (Trekux),,,1,restaurant,,12345678,
4144,EL escopetas,,,1,restaurant,,12345678,
4145,Estefania Casado Lopez,,,2,bakery|restaurant,,12345678,
4146,Juan Manuel Soria sanchez,,,1,restaurant,,12345678,
4147,CANIJO4X4S.L,,,1,bakery,,12345678,
4148,Jose Mo,,,2,bakery|bar,1.0,12345678,
4149,Francisco Jesús Casado,,,1,bar,1.0,12345678,
4150,Agaponi Feliz,,,1,bar,1.0,12345678,
4151,Ana Carmona Casado,,,1,bar,1.0,12345678,
4152,Celia Ayala Alloza,,,1,meal_delivery|meal_takeaway|restaurant,,12345678,
4153,Enrique Frases varela,,,1,meal_delivery|meal_takeaway|restaurant,,12345678,
4154,Isabel Fernández Rus,,,1,bakery,,12345678,
4155,FELIX LANCHO CRESPO,,,1,bakery,,12345678,
4156,Oscar,,,3,restaurant|bakery,2.0,12345678,
4157,Paco Plaza,,,1,bakery,,12345678,
4158,Jose Luis,,,4,restaurant|bar|cafe,2.0,12345678,
4159,Miguel Ángel GH,,,2,bar|restaurant,1.5,12345678,
4160,Josep Prat,,,1,bar|restaurant,2.0,12345678,
4161,Eva Lopez,,,1,bar|restaurant,,12345678,
4162,Angela Dominguez,,,1,restaurant,2.0,12345678,
4163,Miguel Angel García,,,1,restaurant,2.0,12345678,
4164,SophieSan,,,1,restaurant,2.0,12345678,
4165,Marta Cerrada,,,1,restaurant,2.0,12345678,
4166,miguel angel rodriguez,,,1,restaurant,2.0,12345678,
4167,Lidia Cortes Estelles,,,1,bar,,12345678,
4168,Celia Vivas,,,1,bar,,12345678,
4169,Jacinto Cobo,,,1,bar,,12345678,
4170,Bea PVad,,,1,bar,,12345678,
4171,Alicia Fernández Molina,,,1,bakery,1.0,12345678,
4172,Natalia SR,,,1,bakery,,12345678,
4173,M RR,,,2,bakery,,12345678,
4174,Antonio Galvan,,,2,bakery|restaurant,1.5,12345678,
4175,Cirllu 2,,,2,bar|cafe,1.0,12345678,
4176,Adrián González,,,1,bar,1.0,12345678,
4177,Oscar Caparrós Tortosa,,,1,bar,1.0,12345678,
4178,Juan Alberjón Lara,,,1,bar,1.0,12345678,
4179,CRISTINA FERNANDEZ,,,1,cafe,,12345678,
4180,Asuncion Catena Dominguez,,,1,cafe,,12345678,
4181,josefina valero,,,1,cafe,1.0,12345678,
4182,Lucía Alfaro,,,1,cafe,1.0,12345678,
4183,Iyán PG,,,1,cafe,1.0,12345678,
4184,Mari cruz Baeza,,,1,cafe,1.0,12345678,
4185,David Méndez,,,1,bakery|cafe,1.0,12345678,
4186,M.D Fer,,,1,bakery|cafe,1.0,12345678,
4187,Antonio Sánchez Díaz,,,1,bakery|cafe,1.0,12345678,
4188,CIRIACO GARCIA PEREZ,,,1,bakery|cafe,,12345678,
4189,Angel Gutierrez Maldonado,,,1,bakery|cafe,1.0,12345678,
4190,Eder Gonzalez,,,2,restaurant,,12345678,
4191,lola sanchez gutierrez,,,1,restaurant,,12345678,
4192,Juan Rosa,,,1,restaurant,,12345678,
4193,Sergio Morales,,,1,restaurant,,12345678,
4194,Miguel Ángel Ortiz Herrera,,,1,restaurant,,12345678,
4195,Pedro Arellano,,,1,,1.0,12345678,
4196,Diego ER,,,1,,,12345678,
4197,Jaime R.,,,1,,,12345678,
4198,LOBO TROLL,,,1,,,12345678,
4199,Rodrigo Reyes,,,1,bar|restaurant,,12345678,
4200,aitor colado (aitor's wall),,,1,bar|restaurant,,12345678,
4201,Jerónima Gómez García,,,1,bar|restaurant,,12345678,
4202,Marisol Izquierdo,,,1,bar|restaurant,,12345678,
4203,Ana Lidon Martinez,,,1,bar|restaurant,,12345678,
4204,Salvador Geli,,,1,cafe,,12345678,
4205,Evajaviy8patasmas,,,1,cafe,,12345678,
4206,Michele Ricci,,,3,bar|restaurant,2.0,12345678,
4207,fede noguera garcia,,,1,bar,,12345678,
4208,Lazarus Technology,,,1,bar,,12345678,
4209,Ruben Camara,,,1,bar,,12345678,
4210,Ramón Bautista Cano,,,1,bar,,12345678,
4211,Pedro Manuel Domínguez Sáez,,,1,bar,,12345678,
4212,José Luis Vilar,,,1,bar,,12345678,
4213,Ainhoa Pérez,,,1,bar,,12345678,
4214,MªIsabel Torres Fernández,,,1,bar,,12345678,
4215,Marta Fresneda López,,,1,bar,,12345678,
4216,Ana Belen Chinchilla,,,1,meal_takeaway|restaurant,,12345678,
4217,Victor Toledano Gala,,,1,meal_takeaway|restaurant,,12345678,
4218,Francisco Ramos,,,1,meal_takeaway|restaurant,,12345678,
4219,Carmen Quiros,,,1,meal_takeaway|restaurant,,12345678,
4220,Inma Cabot,,,1,meal_takeaway|restaurant,,12345678,
4221,Francisco Garcia Serrano,,,1,restaurant,1.0,12345678,
4222,Juan Antonio Yebra Sanchez,,,1,restaurant,1.0,12345678,
4223,paqui haro granero,,,1,restaurant,1.0,12345678,
4224,MARIEN FIGUEREDO GARCIA,,,1,restaurant,1.0,12345678,
4225,José Ángel Torre-Marín Jiménez,,,2,bar|cafe|restaurant,1.0,12345678,
4226,Lucía Martínez,,,1,bar,1.0,12345678,
4227,Paula Martínez Marín,,,1,bar,1.0,12345678,
4228,Marc (Marcos),,,1,bar|restaurant,,12345678,
4229,Eugenia Sanchez,,,1,bar|restaurant,1.0,12345678,
4230,Paco Moreno,,,1,bar|restaurant,1.0,12345678,
4231,Ana Belén Ramírez Jiménez,,,1,bar|restaurant,,12345678,
4232,Apartamento Bazan Granada,,,1,bar|restaurant,1.0,12345678,
4233,jose miguel rodriguez valerio,,,1,bakery,1.0,12345678,
4234,juan amores agea,,,3,restaurant|bakery,1.0,12345678,
4235,J. Carlos B. V.,,,1,restaurant,,12345678,
4236,José Carlos Galdon Gómez,,,1,restaurant,,12345678,
4237,Noelia Cuenca Córdoba,,,1,cafe,1.0,12345678,
4238,José Antonio Cubertorer Fernández,,,1,cafe,1.0,12345678,
4239,Jose Maria G.F.,,,1,cafe,,12345678,
4240,Rosalia Lopez Martinez,,,1,cafe,1.0,12345678,
4241,Angeles Martinez Molina,,,1,cafe,1.0,12345678,
4242,Cristian E.M.,,,2,cafe|restaurant,1.0,12345678,
4243,Rubén García,,,1,cafe,1.0,12345678,
4244,Saray E. B.C,,,1,cafe,1.0,12345678,
4245,Luis,,,5,restaurant|cafe,1.5,12345678,
4246,Manuel Exposito,,,1,cafe,1.0,12345678,
4247,Montse Perales Fernandez,,,1,restaurant,,12345678,
4248,Williams Pascutto,,,1,restaurant,,12345678,
4249,Lucía Rus Tabernero,,,1,restaurant,,12345678,
4250,Ana Humánez,,,1,restaurant,,12345678,
4251,Rafa Velasco (Rafael Velasco),,,1,bar,1.0,12345678,
4252,Cristobal Espin Albero,,,1,bar,1.0,12345678,
4253,Miguel Angel Castro Girona,,,1,bar,1.0,12345678,
4254,Fco Antonio López,,,1,bar,1.0,12345678,
4255,Ana Paz López Fuentes,,,1,cafe,1.0,12345678,
4256,misericordia vilar,,,1,cafe,1.0,12345678,
4257,Paco Hueso,,,2,bar|cafe,1.0,12345678,
4258,Paco Soler Granero,,,1,cafe,1.0,12345678,
4259,Israel Dominguez Garcia,,,2,restaurant|bar,1.0,12345678,
4260,Miguel Angel del Fresno,,,1,bar|restaurant,1.0,12345678,
4261,Ben Gonzalez,,,1,bar|restaurant,,12345678,
4262,Cecilia Pérez,,,1,bar|restaurant,,12345678,
4263,FRANCISCO MOLINA HERRERA,,,1,bar,1.0,12345678,
4264,Miguel Ángel Sánchez,,,1,bar,1.0,12345678,
4265,Isabel Marin,,,1,bar,1.0,12345678,
4266,Tina Cruz León,,,1,bar,1.0,12345678,
4267,Óscar Webmaster,,,5,cafe|restaurant|bakery,1.0,12345678,
4268,Juan Miguel Garcia Fernandez,,,1,bar|restaurant,,12345678,
4269,Cayetano Ledesma García,,,1,restaurant,,12345678,
4270,Antonio Chacón,,,1,restaurant,,12345678,
4271,Inmaculada García Cruz,,,1,restaurant,,12345678,
4272,Joaquín Martínez,,,1,restaurant,,12345678,
4273,Acaymo de Rosa,,,1,bakery,,12345678,
4274,Alexander Reyes Sánchez,,,1,bakery,,12345678,
4275,Conexión Mamá,,,1,bakery,,12345678,
4276,alex itsmixta,,,1,bakery,,12345678,
4277,sarah araujo,,,1,bakery,,12345678,
4278,Pilar Isasis,,,1,cafe,1.0,12345678,
4279,silvia gomez maraver,,,1,cafe,1.0,12345678,
4280,Francisco Uceda,,,2,cafe|bar|night_club,1.0,12345678,
4281,00 Toni Barba,,,1,bakery,1.0,12345678,
4282,Mamen R R,,,1,bakery,1.0,12345678,
4283,Bárbara López García,,,1,bakery,1.0,12345678,
4284,karmen cook,,,1,bakery,1.0,12345678,
4285,pedro garcia,,,4,bakery|bar|restaurant,1.67,12345678,
4285,pedro garcia,,,4,bakery|bar|restaurant,1.67,12345678,
4286,Con el cole a otra parte,,,1,bakery,,12345678,
4287,Mari Cubillo,,,1,bakery,,12345678,
4288,Alcazar Gámez,,,1,bakery,,12345678,
4289,Ana Mercader,,,1,bakery,,12345678,
4290,Antonia,,,2,bakery|bar,,12345678,
4291,Juan Manuel Rus Lopez,,,1,bakery,,12345678,
4292,Sonia Schefle,,,3,restaurant|bakery,3.0,12345678,
4293,isabel rodriguez sanchez,,,1,bakery,,12345678,
4294,Jose SP,,,1,bakery,,12345678,
4295,Antonio Oliver,,,1,bar|cafe|restaurant,1.0,12345678,
4296,Eugenio Calatrava,,,1,bar|cafe|restaurant,1.0,12345678,
4297,Luis Espinosa,,,1,bar|cafe|restaurant,,12345678,
4298,Sthr Andujareña,,,1,bar|cafe|night_club,1.0,12345678,
4299,gustavo watto Herrera,,,0,,,12345678,
4300,Ricardo Cabrera,,,0,,,12345678,
4301,lucia vargas cantarero.,,,0,,,12345678,
4302,Juan Carlos Moreno Merlo,,,1,restaurant,1.0,12345678,
4303,Jose Antonio Moral Castilla,,,1,restaurant,1.0,12345678,
4304,RSD,,,1,restaurant,1.0,12345678,
4305,Agustin Sanchez,,,1,restaurant,1.0,12345678,
4306,Juan Mena,,,1,restaurant,1.0,12345678,
4307,Magdalena Béjar Cobo,,,1,restaurant,1.0,12345678,
4308,Paco Caz Mar,,,2,restaurant|bar|cafe,1.0,12345678,
4309,Vcarlos Torres,,,1,restaurant,1.0,12345678,
4310,sergio garcia,,,2,restaurant,1.0,12345678,
4311,Carlos Lopez Merino,,,1,restaurant,1.0,12345678,
4312,Antonia Polo Morales,,,0,,,12345678,
4313,Ruperto Martínez,,,0,,,12345678,
4314,Joaquina Marcela Ruiz,,,0,,,12345678,
4315,Beni Martinez,,,0,,,12345678,
4316,antonio,,,3,bakery|bar|cafe,,12345678,
4317,MARIA DEL MAR CARRILLO GUTIERREZ,,,1,bakery|cafe,,12345678,
4318,Fran Mora,,,1,bakery|cafe,,12345678,
4319,Tania,,,1,bakery|cafe,,12345678,
4320,Isa Verdejo,,,1,bakery|cafe,,12345678,
4321,Ana Baena Muñoz,,,1,bar|restaurant,1.0,12345678,
4322,Juan Calos Sánchez,,,1,bar|restaurant,1.0,12345678,
4323,kiko alvarez,,,1,bar|restaurant,1.0,12345678,
4324,Juan Carlos Collado,,,1,bar|restaurant,1.0,12345678,
4325,Mari Nogales,,,1,bakery,,12345678,
4326,M. Jose Tomas,,,1,bakery,,12345678,
4327,Juan José Cobo López,,,1,bakery,,12345678,
4328,ANGELES MARTOS,,,1,bakery,,12345678,
4329,OFITEC INGENIERÍA Y TOPOGRAFÍA,,,1,bar|cafe|night_club,1.0,12345678,
4330,Francisco Barranco Garcia,,,1,bar|cafe|night_club,1.0,12345678,
4331,Juan Carlos Corpas Sánchez,,,1,bar|cafe|night_club,1.0,12345678,
4332,Francisco Garcia Fuentes,,,2,bar|meal_delivery|meal_takeaway,1.0,12345678,
4333,Francisco Luque valero,,,2,bar|restaurant,1.0,12345678,
4334,Narciso Luque Robles,,,1,bar,,12345678,
4335,oscar mengual,,,1,bar,,12345678,
4336,Ricarda Jiménez Rodríguez Riki,,,1,bar,,12345678,
4337,Eduardo Torres Sanchez,,,1,bar|restaurant,1.0,12345678,
4338,Alex Ortega,,,1,bar|restaurant,1.0,12345678,
4339,Antonio Pérez,,,1,bar|restaurant,1.0,12345678,
4340,Luis Morales Mora,,,1,bar|restaurant,1.0,12345678,
4341,Rocio Fernández Casado,,,1,bar|restaurant,1.0,12345678,
4342,Inmaculada Lopez,,,1,bakery,,12345678,
4343,Victor Fernandez Arenas,,,1,bakery,,12345678,
4344,Bomberos Unimog,,,1,bakery,,12345678,
4345,antonio aranda,,,1,bakery,,12345678,
4346,Andrea Dameno,,,1,bakery,,12345678,
4347,Rafael Blanca,,,0,,,12345678,
4348,Sergio marañes,,,0,,,12345678,
4349,Julio Rodriguez Pacheco,,,0,,,12345678,
4350,Víctor Latorre Ortega,,,0,,,12345678,
4351,Rosa GONZÁLEZ MOTOS,,,0,,,12345678,
4352,Juan Antonio Arjona,,,0,,,12345678,
4353,M Gomez,,,0,,,12345678,
4354,Julian Polo Gomez,,,0,,,12345678,
4355,Olga,,,0,,,12345678,
4356,MIGUEL ÁNGEL LEÓN GONZÁLEZ,,,1,restaurant,2.0,12345678,
4357,Alberto Madrid,,,1,restaurant,2.0,12345678,
4358,Sofía Martínez Miguel,,,2,restaurant|bakery|bar,2.0,12345678,
4359,Beatriz Lara,,,1,restaurant,2.0,12345678,
4360,Manuel Romero,,,2,restaurant,2.0,12345678,
4361,José Luque Martínez,,,1,bar|restaurant,1.0,12345678,
4362,María Jose Garcia,,,1,bar|restaurant,1.0,12345678,
4363,Pilar GUTIÉRREZ,,,1,bar|restaurant,,12345678,
4364,Jose Luis Oky,,,1,bar|restaurant,1.0,12345678,
4365,María Teresa González González,,,2,bar|restaurant,1.5,12345678,
4366,Ana Gallego,,,2,restaurant|bar,2.0,12345678,
4367,Chema Calzada,,,3,restaurant|bar|cafe,1.67,12345678,
4368,Evelyn Tancheva,,,1,bar|restaurant,2.0,12345678,
4369,Rosa Maldonado Aguilera,,,1,bar|restaurant,1.0,12345678,
4370,José maria Narvaez,,,1,bar|restaurant,1.0,12345678,
4371,Ángela Gutiérrez,,,1,bar|restaurant,1.0,12345678,
4372,Mar de Piedra Rodriguez,,,2,bakery|bar|cafe,1.0,12345678,
4373,Cristian Liberman Marin Ossa,,,1,bar|restaurant,1.0,12345678,
4374,Meli López,,,5,restaurant|bar,2.0,12345678,
4375,Avelino España Ron,,,3,restaurant|cafe|meal_takeaway,2.0,12345678,
4376,anna vicens,,,1,restaurant,2.0,12345678,
4377,Juan Jurado,,,1,restaurant,,12345678,
4378,Eduardo Sada,,,1,restaurant,2.0,12345678,
4379,Daniel Mazo,,,1,bar|restaurant,2.0,12345678,
4380,javier facal,,,1,bar|restaurant,,12345678,
4381,Javier García,,,1,bar|restaurant,2.0,12345678,
4382,Peter Soria,,,2,bar,1.5,12345678,
4383,Adrian Panadero Martin,,,1,bar,1.0,12345678,
4384,tax men,,,2,bar|restaurant,1.0,12345678,
4385,Tangel G,,,1,bar,1.0,12345678,
4386,Joaquín,,,2,restaurant,2.0,12345678,
4387,Ocram,,,1,restaurant,2.0,12345678,
4388,Victoria Villacañas Cruz,,,1,restaurant,2.0,12345678,
4389,Miguel Ángel Santafosta Segarra,,,1,restaurant,2.0,12345678,
4390,Víctor Duarte Rute,,,1,restaurant,,12345678,
4391,Rafa Garcia,,,1,restaurant,,12345678,
4392,Pérez,,,1,restaurant,,12345678,
4393,Mariol Martinez,,,0,,,12345678,
4394,Pedro Antonio Álava Garzón,,,0,,,12345678,
4395,Antonia raez martinez,,,0,,,12345678,
4396,Raquel GR,,,0,,,12345678,
4397,Pilar Martínez M,,,0,,,12345678,
4398,R. Sánchez,,,1,restaurant,2.0,12345678,
4399,Pedro Navío Matut,,,1,restaurant,2.0,12345678,
4400,Diego Pereira Nieto,,,1,restaurant,2.0,12345678,
4401,marta valverde chinchilla,,,1,restaurant,2.0,12345678,
4402,Almería33,,,1,cafe,,12345678,
4403,Vanessa C R,,,1,cafe,1.0,12345678,
4404,Víctor Torres Ruiz,,,1,restaurant,1.0,12345678,
4405,Salva L. A.,,,1,restaurant,1.0,12345678,
4406,APilar,,,1,restaurant,1.0,12345678,
4407,Merche Melilla,,,1,restaurant,1.0,12345678,
4408,Raul Ramirez,,,1,bar|restaurant,,12345678,
4409,Paco Roch,,,1,bar|restaurant,,12345678,
4410,Sara Victoria Moreno,,,1,bar|restaurant,,12345678,
4411,Pedro Antonio A.S,,,1,bar|restaurant,1.0,12345678,
4412,LAURA GUTIÉRREZ BELTRAN,,,1,bar|restaurant,1.0,12345678,
4413,BEATRIZ FRAILE,,,1,restaurant,2.0,12345678,
4414,Gaspar González,,,1,restaurant,2.0,12345678,
4415,Cristina C,,,2,restaurant,2.0,12345678,
4416,Alba Magaña Bennasar,,,1,restaurant,2.0,12345678,
4417,Diego Lopez Carrasco,,,1,restaurant,2.0,12345678,
4418,Neus Llompart Crespí,,,1,restaurant,,12345678,
4419,Yo Misma,,,1,restaurant,,12345678,
4420,Jesus Rm,,,1,restaurant,,12345678,
4421,Alfonso García Fajardo,,,2,bar|cafe|restaurant,1.0,12345678,
4422,luis,,,2,restaurant|bar|cafe,1.5,12345678,
4423,Fran Gil,,,1,bar|cafe|restaurant,1.0,12345678,
4424,Pablo López,,,1,bar|cafe|restaurant,1.0,12345678,
4425,Carolina Alcala Leiva,,,1,restaurant,,12345678,
4426,Carmen Fernández,,,1,restaurant,,12345678,
4427,Victoria Díez,,,1,restaurant,,12345678,
4428,adrian castro,,,1,restaurant,,12345678,
4429,Yesica Saez Navarrete,,,1,restaurant,2.0,12345678,
4430,Crankman,,,1,restaurant,2.0,12345678,
4431,Elisa Hernández,,,1,restaurant,2.0,12345678,
4432,Rafa Sánchez,,,1,restaurant,2.0,12345678,
4433,chabtin,,,1,restaurant,2.0,12345678,
4434,Rosa María Rodríguez,,,1,restaurant,,12345678,
4435,Bea Gómez Altea,,,1,restaurant,,12345678,
4436,Javier Merino,,,1,restaurant,,12345678,
4437,Javier Ortega Ponce,,,2,restaurant|bar,1.0,12345678,
4438,María José Aguilera,,,2,restaurant|bar,2.0,12345678,
4439,Juan Antonio M,,,1,bar|restaurant,2.0,12345678,
4440,Carlillos H,,,1,bar|restaurant,2.0,12345678,
4441,Pablo GZ,,,1,bar|restaurant,2.0,12345678,
4442,Inma QV,,,1,restaurant,1.0,12345678,
4443,Julio Cruz,,,1,restaurant,1.0,12345678,
4444,Magda J P,,,1,restaurant,1.0,12345678,
4445,Mario Romero,,,1,restaurant,1.0,12345678,
4446,Alikate sesenta y nueve,,,2,restaurant|bar,1.0,12345678,
4447,Julian PLC,,,1,restaurant,1.0,12345678,
4448,Israel Díaz Pescador,,,1,restaurant,1.0,12345678,
4449,Jose Ignacio Labesa Garcia,,,1,restaurant,3.0,12345678,
4450,María Perez ocaña,,,1,restaurant,,12345678,
4451,Blanca Martín,,,1,restaurant,3.0,12345678,
4452,Sante,,,1,restaurant,3.0,12345678,
4453,jose luis funes salcedo,,,1,restaurant,,12345678,
4454,Gabriel Alcon,,,1,restaurant,,12345678,
4455,Loren Navidad,,,1,restaurant,1.0,12345678,
4456,Marta Moral,,,1,restaurant,,12345678,
4457,Jesús Fernández Escobar,,,4,restaurant|bakery|bar,1.0,12345678,
4458,IDG,,,1,meal_takeaway|restaurant,,12345678,
4459,LOPEZ RAEZ ISABEL MARIA,,,1,meal_takeaway|restaurant,,12345678,
4460,Vanesa Gonzalez Martinez,,,1,meal_takeaway|restaurant,,12345678,
4461,carmela Gil gutierrez,,,1,restaurant,,12345678,
4462,Antonio Trinitario Vicente Sanchez,,,1,restaurant,,12345678,
4463,Luis.M Rojas,,,1,restaurant,,12345678,
4464,Hemi Begur,,,2,restaurant|bar,2.0,12345678,
4465,Sanjo,,,1,bar|restaurant,,12345678,
4466,C MV,,,1,bar|restaurant,1.0,12345678,
4467,Lidia Pérez,,,1,bar|restaurant,1.0,12345678,
4468,Mery Gisela,,,1,restaurant,,12345678,
4469,Sergio Universidad,,,2,bar|restaurant,1.0,12345678,
4470,Daniel Fernández,,,1,restaurant,1.0,12345678,
4471,Fernando JC,,,3,restaurant|bar,1.0,12345678,
4472,Noemí Torres Álvarez,,,1,restaurant,,12345678,
4473,Antonio Javier Caño Bueno,,,1,restaurant,,12345678,
4474,Joker Toro Sentado,,,1,restaurant,,12345678,
4475,Francisca Muñoz,,,1,restaurant,,12345678,
4476,Blanca Guisasola,,,1,restaurant,,12345678,
4477,A. J. Molano,,,1,bakery|bar|cafe,1.0,12345678,
4478,Maria Concepcion Vilan Dasilva,,,1,bakery|bar|cafe,1.0,12345678,
4479,MARIA TERESA MOLINA VILLAR,,,1,bakery|bar|cafe,1.0,12345678,
4480,Juan Luis V. M.,,,1,bakery|bar|cafe,,12345678,
4481,Laura Raya,,,2,meal_delivery|meal_takeaway|restaurant,1.0,12345678,
4482,Turok 23,,,1,meal_delivery|meal_takeaway|restaurant,1.0,12345678,
4483,luci perez,,,1,meal_delivery|meal_takeaway|restaurant,,12345678,
4484,Alberto de la Torre,,,1,meal_delivery|meal_takeaway|restaurant,,12345678,
4485,Isco star,,,3,restaurant|meal_delivery|meal_takeaway,1.5,12345678,
4486,Juani Padilla Garcia,,,1,Restaurante,2.0,12345678,
4487,Hugo Nieto Garcia,,,0,,,12345678,
4488,fco javier jimenez serrano,,,0,,,12345678,
4489,francisco jose garcia castillo,,,0,,,12345678,
4490,ANTONIO PUEBLA,,,1,restaurant,,12345678,
4491,Joserra Raez,,,1,restaurant,,12345678,
4492,Tania Gomez orive,,,1,restaurant,,12345678,
4493,Francisco Javier CR,,,2,bar|restaurant,2.0,12345678,
4494,Angel R,,,1,restaurant,,12345678,
4495,Noelia Utrilla,,,1,restaurant,1.0,12345678,
4496,Lina Zambrano,,,1,restaurant,1.0,12345678,
4497,Juan Campos Cano,,,1,restaurant,1.0,12345678,
4498,Inmitta Barrios Escribano,,,5,restaurant|bar|cafe,1.0,12345678,
4499,Mery Romero,,,2,restaurant,1.5,12345678,
4500,Maria José,,,1,restaurant,,12345678,
4501,Juan Marrón,,,1,restaurant,,12345678,
4502,Javier Melendo,,,1,restaurant,1.0,12345678,
4503,Vicente Navas Moya,,,1,restaurant,,12345678,
4504,Manuel Jesús Padilla López,,,1,restaurant,,12345678,
4505,Clara,,,4,restaurant|bar,1.5,12345678,
4505,Clara,,,4,restaurant|bar,1.5,12345678,
4506,Carlitosd9,,,1,bar|restaurant,,12345678,
4507,Samm,,,1,bar|restaurant,1.0,12345678,
4508,Euroidiomas Escuela de Idiomas Úbeda,,,1,bar|restaurant,1.0,12345678,
4509,Marisa Muñoz santiago,,,0,,,12345678,
4510,Ana Belen Garcia,,,0,,,12345678,
4511,Juan Francisco Jurado Lara,,,0,,,12345678,
4512,Irene Ramírez Lechuga,,,0,,,12345678,
4513,Alberto Muñoz,,,0,,,12345678,
4514,Itela ite,,,1,bakery|cafe,,12345678,
4515,Nayle Ramos,,,1,bakery|cafe,,12345678,
4516,Maria Bullejos,,,1,bakery|cafe,,12345678,
4517,Fausto FA,,,1,bakery|cafe,,12345678,
4518,SUPERJACK,,,2,bakery|cafe|restaurant,2.0,12345678,
4519,ANA GARCIA IDIDRO,,,0,,,12345678,
4520,Luis Gomez hoces,,,0,,,12345678,
4521,pedro cortes Barrabas,,,0,,,12345678,
4522,Pedro Manuel López,,,1,bar,,12345678,
4523,michael Martinez,,,1,bar,,12345678,
4524,Alfredo De Esteban,,,2,bar|restaurant,3.0,12345678,
4525,Raúl Vázquez,,,1,bar,,12345678,
4526,Iluminada Orellana Blasco,,,1,bar,,12345678,
4527,Alejandra Gil-Delgado Grau,,,1,restaurant,,12345678,
4528,Rodrigo Padilla Gómez,,,1,restaurant,,12345678,
4529,Apa,,,1,restaurant,,12345678,
4530,Mónica Tenorio Muñoz,,,0,,,12345678,
4531,Natalia Expósito,,,0,,,12345678,
4532,Beatriz diaz,,,0,,,12345678,
4533,marisol enciso,,,0,,,12345678,
4534,ANTONIO CORDERO VALERO,,,0,,,12345678,
4535,Paqui García,,,1,bar|restaurant,1.0,12345678,
4536,Maite Serrano,,,1,bar|restaurant,1.0,12345678,
4537,Óscar Fe,,,1,bar|restaurant,1.0,12345678,
4538,Jose Antonio Ruiz,,,2,bar|cafe|restaurant,1.0,12345678,
4539,Grupo Rutero Abrazamillas,,,1,bar,1.0,12345678,
4540,Verónica Rojas,,,2,bar|meal_delivery|meal_takeaway,1.0,12345678,
4541,Elena Rascon,,,1,bar,1.0,12345678,
4542,Francisco Javier Moreno Quesada,,,1,bar,1.0,12345678,
4543,Beatrice Popoiag,,,1,bar,,12345678,
4544,María García,,,3,restaurant|bar|meal_delivery,1.0,12345678,
4545,Isaias Rodríguez mesa,,,1,meal_delivery|meal_takeaway|restaurant,1.0,12345678,
4546,Diana Rodríguez,,,1,meal_delivery|meal_takeaway|restaurant,1.0,12345678,
4547,Rodrigo Nogueras Brías,,,1,meal_delivery|meal_takeaway|restaurant,1.0,12345678,
4548,Andrea De la torre Gámez,,,1,restaurant,,12345678,
4549,jesus toscano saavedra,,,1,restaurant,,12345678,
4550,Sergio Eu Ca,,,1,restaurant,,12345678,
4551,Vicente Gomez M.,,,1,restaurant,,12345678,
4552,Zelena H,,,0,,,12345678,
4553,J R,,,0,,,12345678,
4554,S H,,,0,,,12345678,
4555,Carlos Rodriguez Monedero,,,0,,,12345678,
4556,Gines Cascales,,,0,,,12345678,
4557,Mariya Chaykina,,,1,bar|restaurant,,12345678,
4558,Charly Aliste Bermejo,,,1,bar|restaurant,,12345678,
4559,André,,,1,meal_delivery|meal_takeaway|restaurant,,12345678,
4560,Noyimi Bergantiños Bermejo,,,1,meal_delivery|meal_takeaway|restaurant,,12345678,
4561,Matías Sánchez,,,1,meal_delivery|meal_takeaway|restaurant,,12345678,
4562,DKoralma Cortinas,,,1,meal_delivery|meal_takeaway|restaurant,,12345678,
4563,Sara Ramos Mercado,,,1,meal_delivery|meal_takeaway|restaurant,,12345678,
4564,Elena MGM,,,1,cafe,1.0,12345678,
4565,karim,,,1,cafe,1.0,12345678,
4566,Maria J L,,,1,cafe,1.0,12345678,
4567,jesus trejo gonzalez,,,1,bar,,12345678,
4568,Javier Costa,,,1,bar,,12345678,
4569,Saul Fernandez,,,1,bar,,12345678,
4570,RAMÓN,,,4,bar|restaurant,2.0,12345678,
4571,rocio ortega garcia,,,1,restaurant,2.0,12345678,
4572,Marta Huete Guerrero,,,1,restaurant,2.0,12345678,
4573,Eva Añón,,,1,restaurant,2.0,12345678,
4574,Gloria Garcia (gloriagarceb),,,1,restaurant,2.0,12345678,
4575,adrian,,,2,restaurant|bar,1.5,12345678,
4576,Ricardo Romera Martín,,,1,bar|restaurant,,12345678,
4577,Jorge Caurin,,,1,bar|restaurant,1.0,12345678,
4578,María José Lorite,,,2,bar|meal_delivery|restaurant,1.0,12345678,
4579,LUIS GONZALEZ,,,1,bar|restaurant,1.0,12345678,
4580,Manuel G,,,1,restaurant,,12345678,
4581,Custo Castillo Santiago,,,1,restaurant,,12345678,
4582,Evelyn Reynoso,,,2,restaurant|meal_takeaway,1.0,12345678,
4583,Geli Sonrie,,,0,,,12345678,
4584,F.S.R.,,,0,,,12345678,
4585,Francisco Javier Delgado Martinez,,,0,,,12345678,
4586,Francisco Madrid Barba,,,0,,,12345678,
4587,Alm an,,,0,,,12345678,
4588,Daniel Grande Garrido,,,1,restaurant,1.0,12345678,
4589,PedroRL,,,1,restaurant,,12345678,
4590,jose maria lopez reche,,,1,restaurant,1.0,12345678,
4591,jose manuel molina,,,1,restaurant,1.0,12345678,
4592,Juan Antonio Cañete,,,1,bar|cafe|restaurant,,12345678,
4593,Jeronimo Raez Ruiz,,,1,bar|cafe|restaurant,1.0,12345678,
4594,JuanMa Vázquez,,,1,bar|cafe|restaurant,,12345678,
4595,Oscar RodriPa (En Ruta),,,1,bar|cafe|restaurant,1.0,12345678,
4596,Javier Sanz,,,1,bar|restaurant,1.0,12345678,
4597,Elisabet V,,,1,bar|restaurant,1.0,12345678,
4598,Antonio Muñoz Garcia,,,1,bar|restaurant,,12345678,
4599,B N,,,1,bar|restaurant,1.0,12345678,
4600,Nacho Llénser,,,1,cafe,1.0,12345678,
4601,Adrian Noblejas (Adri NG),,,1,cafe,1.0,12345678,
4602,Rubén Vílchez Gómez,,,1,cafe,1.0,12345678,
4603,Miguel Mesa Chica,,,1,cafe,,12345678,
4604,Ángela Sánchez,,,1,cafe,1.0,12345678,
4605,Juanra JP,,,1,bar|restaurant,1.0,12345678,
4606,Ana Martinez Butron,,,1,bar|restaurant,1.0,12345678,
4607,Lydia Cuenca,,,1,bar|restaurant,1.0,12345678,
4608,Carmen Jurado Gámez,,,1,bar|restaurant,1.0,12345678,
4609,juan espino padilla,,,1,bar,,12345678,
4610,Christian Mendez Lopez,,,1,bar,,12345678,
4611,MANU REPHAPPY,,,1,bar,,12345678,
4612,Javi Navarro,,,1,bar,,12345678,
4613,Juanma Rodriguez,,,1,bar,,12345678,
4614,Marge Simpson,,,0,,,12345678,
4615,Miguel Ángel ledesma,,,0,,,12345678,
4616,Duomo,,,0,,,12345678,
4617,Ainhoa Cano ruiz,,,1,bar|restaurant,,12345678,
4618,Domingo Moya,,,1,meal_takeaway|restaurant,1.0,12345678,
4619,Samara Sanchez,,,1,meal_takeaway|restaurant,1.0,12345678,
4620,Yolanda Obra Ruiz,,,2,bakery|meal_takeaway|restaurant,1.0,12345678,
4621,Antonio Lopez Ramirez,,,2,bar|meal_takeaway|restaurant,1.0,12345678,
4622,lucia perez,,,1,night_club,,12345678,
4623,BURGOS BREAK,,,1,night_club,,12345678,
4624,Nati Camara,,,1,night_club,,12345678,
4625,Andrés Merelo Ruiz,,,1,night_club,,12345678,
4626,Manuel Mota Gómez,,,1,bakery,1.0,12345678,
4627,Margarita Diaz Sepulveda,,,1,bakery,1.0,12345678,
4628,Juan Andres Ortega Navarro,,,1,bakery,1.0,12345678,
4629,Maria Dolores Medina,,,1,bakery,1.0,12345678,
4630,Miguel,,,5,restaurant|cafe|bar,1.5,12345678,
4631,Lola Muñoz,,,1,cafe,,12345678,
4632,Jose Manuel Rodríguez Herrera,,,1,cafe,,12345678,
4633,Macarena L. A.,,,1,cafe,,12345678,
4634,Maikytina,,,2,bar|restaurant,2.0,12345678,
4635,Clemente V.S.,,,1,bar|restaurant,,12345678,
4636,Miriam Perez Seva,,,1,bar|restaurant,,12345678,
4637,Julio Bellido,,,1,bar|restaurant,,12345678,
4638,Juana Martos,,,1,bakery,,12345678,
4639,Francisco Caballero Álvarez,,,1,bakery,,12345678,
4640,Cati Montiel Leiva,,,1,bakery,,12345678,
4641,Francisco Manuel Salazar Cuenca,,,4,bar|bakery|cafe,,12345678,
4642,Fernando Cañas redondo,,,1,bakery,,12345678,
4643,Irene Andrés Pérez,,,1,bar,,12345678,
4644,Tesa Lopez Lopez,,,1,bar,,12345678,
4645,Juan Tribaldos Moreno,,,4,bar|cafe|restaurant,1.0,12345678,
4646,Pablo Flores Sanchez,,,1,bar,,12345678,
4647,Rafaela Garrido Cámara,,,1,cafe,,12345678,
4648,Rosana Jiménez,,,1,cafe,,12345678,
4649,Daniel serrano prieto,,,1,cafe,,12345678,
4650,Rafael Fernandez Garcia,,,1,cafe,,12345678,
4651,Vicente Muñoz,,,1,cafe,1.0,12345678,
4652,Silvia Almenara vargas,,,1,cafe,,12345678,
4653,Susana Almu (Sam),,,1,cafe,1.0,12345678,
4654,Juan LM,,,1,cafe,1.0,12345678,
4655,Hugo Fernandez Chinchilla,,,1,cafe,1.0,12345678,
4656,Pablo Motos,,,1,bar,,12345678,
4657,Manuel Ramos lozano,,,2,bar|restaurant,,12345678,
4658,Ana Cruz,,,1,bar,,12345678,
4659,Jesus Grande Zincke,,,1,bar,,12345678,
4660,lopez 22 junior,,,1,bakery,,12345678,
4661,bonifacio gamez garcia,,,1,bakery,,12345678,
4662,Ramon Almagro,,,1,bakery,,12345678,
4663,Francisco Checa,,,1,bakery,,12345678,
4664,Rosa Mendoza maría,,,1,bakery,,12345678,
4665,Rafael Merina,,,1,cafe,,12345678,
4666,Gabi Moreno,,,1,cafe,,12345678,
4667,Gaspar Granada,,,2,bar|cafe,,12345678,
4668,Manuel Alonso Hurtado Warmes,,,1,cafe,,12345678,
4669,María Ledesma López,,,1,bakery,,12345678,
4670,Rosario Navarro,,,1,bakery,,12345678,
4671,Juan Ángel Moreno Carrión,,,1,bakery,,12345678,
4672,naturable,,,1,bar,,12345678,
4673,Lorenzo Pla,,,2,bar|restaurant,,12345678,
4674,Jose Luis Campanario Frias,,,2,bar,1.0,12345678,
4675,Emilio Partera,,,1,bar,,12345678,
4676,Nerea Martinez Viedma,,,1,restaurant,,12345678,
4677,hola adios,,,1,restaurant,,12345678,
4678,Edelweiss Vidaña Da Silva,,,1,restaurant,,12345678,
4679,mendiz phantom,,,2,meal_delivery|restaurant,,12345678,
4680,Carles Villacampa,,,1,restaurant,,12345678,
4681,Lorenza Jiménez,,,1,bar|restaurant,,12345678,
4682,Cayetano Lopez Mendoza,,,1,bar|restaurant,,12345678,
4683,6 Marin molina,,,1,bar|restaurant,,12345678,
4684,Amatista,,,1,,,12345678,
4685,Juan Angel Quiros Cantos,,,1,,,12345678,
4686,AMADEO,,,1,night_club,,12345678,
4687,Fernando Beltran,,,1,night_club,,12345678,
4688,Loreniya Malo,,,1,bar,,12345678,
4689,Guille Rueda Fernández,,,1,bar,,12345678,
4690,DVM,,,1,bar,1.0,12345678,
4691,j. Nyuls,,,2,bar|cafe|restaurant,1.0,12345678,
4692,Antonio Jesus Perez Fuentes,,,1,cafe,1.0,12345678,
4693,Nerea Sánchez,,,1,cafe,,12345678,
4694,Sandra De La Cruz Lopez,,,1,bar,1.0,12345678,
4695,Esperanza Hornos paredes 76,,,1,bar,,12345678,
4696,Miguel Ángel Martinez Garrido,,,1,bar,1.0,12345678,
4697,David Lorente Jiménez,,,1,bar,1.0,12345678,
4698,Ramon Cruz,,,1,bar,1.0,12345678,
4699,carmen sevilla medel,,,1,bakery,,12345678,
4700,José Andrés,,,1,bakery,,12345678,
4701,Gabry Vda,,,1,bakery,,12345678,
4702,Antonio Galvez,,,1,bakery,,12345678,
4703,Paula Padilla Padilla,,,1,bar,,12345678,
4704,Francisco Ventura Gomez,,,1,bar,,12345678,
4705,Ruby Romero,,,1,bar,,12345678,
4706,Maria Valeria,,,1,bar,,12345678,
4707,Paki Serrano,,,1,bar,,12345678,
4708,paky poza,,,1,bar,,12345678,
4709,fatima esteo,,,1,restaurant,1.0,12345678,
4710,Eduardo Beamud Gomez,,,1,restaurant,1.0,12345678,
4711,Rafi Hinojosa,,,2,restaurant,,12345678,
4712,Mercedes Rivera Rivera,,,1,restaurant,1.0,12345678,
4713,David Lucena Hidalgo,,,1,restaurant,1.0,12345678,
4714,Sera JA,,,1,restaurant,,12345678,
4715,Roberto R,,,1,restaurant,,12345678,
4716,Lucas Fernandez Gomez,,,1,restaurant,,12345678,
4717,j gr,,,2,restaurant|bar,1.0,12345678,
4718,Ralzy 12,,,1,restaurant,,12345678,
4719,Avario SMN,,,1,restaurant,,12345678,
4720,Juankas,,,1,restaurant,,12345678,
4721,Miguel Angel Ruiz Fuentes,,,1,bar,,12345678,
4722,manuel benites,,,1,bar,,12345678,
4723,Tere Martinez,,,1,bar,,12345678,
4724,Pedro Quirante Perez,,,1,bar,,12345678,
4725,Jose Torrecillas,,,1,bakery,,12345678,
4726,nuria becker,,,1,cafe,,12345678,
4727,David Arjona,,,1,cafe,,12345678,
4728,Dameli K,,,1,cafe,,12345678,
4729,Luis Antonio Horcajadas Perez,,,1,cafe,,12345678,
4730,Sergio Punzano Marin,,,1,bar,,12345678,
4731,Juanjo Chacon,,,1,bar,,12345678,
4732,JOSE RAFAEL RIVAS TRIGO,,,3,bar|bakery|restaurant,1.0,12345678,
4733,Francisco Diaz Martínez,,,2,bar|restaurant,1.0,12345678,
4734,Antonio Torres Ecudero,,,1,bar,,12345678,
4735,Macarena Fernandez Galiano,,,1,bar|restaurant,,12345678,
4736,Antonio José Moreno,,,1,bar|restaurant,,12345678,
4737,Ramon CS,,,2,restaurant|bar,,12345678,
4738,Francisco Javier Navarro Gonzalez,,,1,bar|restaurant,,12345678,
4739,Javier Marín Juarez,,,1,bar,,12345678,
4740,Francisco González Hernandez,,,1,bar,,12345678,
4741,jose ivan plaza diaz,,,1,bar,,12345678,
4742,Carlos Teruel Ortiz,,,1,bar,,12345678,
4743,H.P. Yo misma,,,1,bar,,12345678,
4744,Loli Marin,,,1,bar,,12345678,
4745,Carlos Granollers,,,1,bar,,12345678,
4746,Jose Lucha,,,1,bar,,12345678,
4747,Prada,,,1,bar,,12345678,
4748,Jorge Martínez Contreras,,,1,bar,,12345678,
4749,Guada Mendi,,,1,meal_delivery,,12345678,
4750,Victoria Perales Gallego,,,1,meal_delivery,,12345678,
4751,Toñi Arias,,,1,meal_delivery,,12345678,
4752,Maria Jose Gomez Gomez,,,1,meal_delivery,,12345678,
4753,Marisa Duran,,,1,restaurant,1.0,12345678,
4754,Mari Sangom,,,1,restaurant,1.0,12345678,
4755,Oscar Quero,,,1,restaurant,,12345678,
4756,Fernando Vallarino,,,1,restaurant,1.0,12345678,
4757,Luar Turris,,,1,restaurant,,12345678,
4758,Ana P,,,1,bar|restaurant,1.0,12345678,
4759,Damaga Gd,,,2,bar|restaurant,1.0,12345678,
4760,Montse Díaz,,,1,bar|restaurant,1.0,12345678,
4761,Andrea Esteban Carbajo,,,1,bar|restaurant,,12345678,
4762,Pablo Blasco Cardo,,,1,bar|restaurant,,12345678,
4763,ivansillo Break,,,1,night_club,,12345678,
4764,Andrea Baratas,,,1,night_club,,12345678,
4765,Vanesa Fernández garcía,,,1,night_club,,12345678,
4766,Vicente Pozo Abad,,,1,night_club,,12345678,
4767,gringui peña,,,1,night_club,,12345678,
4768,A P,,,1,night_club,,12345678,
4769,Antonio Muñoz,,,3,bar|night_club|restaurant,2.0,12345678,
4770,A.hinojosa Live,,,1,night_club,,12345678,
4771,Gely Martínez Corral,,,3,restaurant|bar|meal_takeaway,1.33,12345678,
4772,Elisa Ruiz Gutiérrez,,,1,bar|meal_takeaway|restaurant,2.0,12345678,
4773,Mariana Pilar Medina Plazas,,,1,bar|meal_takeaway|restaurant,2.0,12345678,
4774,Rosario G.,,,1,bar|meal_takeaway|restaurant,2.0,12345678,
4775,Ana María Cardenas Crespo,,,2,bar|restaurant,2.0,12345678,
4776,Carmen Montilla,,,2,restaurant|bar,1.0,12345678,
4777,Luis Fernandez Millan,,,0,,,12345678,
4778,Ana Valeria Dillon,,,1,restaurant,3.0,12345678,
4779,Ana Blazquez Navarrete,,,0,,,12345678,
4780,Catalina Anguis Rosales,,,0,,,12345678,
4781,Carlos Diaz Ruiz,,,0,,,12345678,
4782,Global Connections,,,3,bar|restaurant,1.0,12345678,
4783,Noelia Casas Castillo,,,1,bar|restaurant,1.0,12345678,
4784,Luis Del Río,,,1,bar|restaurant,1.0,12345678,
4785,Iblis Rez,,,2,restaurant|bar,1.0,12345678,
4786,Angelica vidal,,,1,bar|cafe|restaurant,1.0,12345678,
4787,Casa Paco Úbeda,,,1,bar|cafe|restaurant,1.0,12345678,
4788,Mario Miguel Medina Romero,,,3,bar|cafe|restaurant,1.0,12345678,
4789,phenix00069,,,1,bar|cafe|restaurant,1.0,12345678,
4790,Antonia Barroso,,,1,restaurant,1.0,12345678,
4791,Rosa Jiménez,,,1,restaurant,1.0,12345678,
4792,ANGEL BRAVO DEL VALLE,,,1,restaurant,1.0,12345678,
4793,Diego Medrano Jiménez,,,1,restaurant,1.0,12345678,
4794,Juan Fernández Calavera,,,1,restaurant,1.0,12345678,
4795,Ana Gomez,,,3,bakery|night_club,1.0,12345678,
4796,Mercedes Tesouro Garcia,,,0,,,12345678,
4797,maria trigueros gaspar,,,0,,,12345678,
4798,Pepe Patio,,,2,bar,,12345678,
4799,Macarena Mora,,,4,bar|cafe,1.67,12345678,
4800,María Jesús Ruiz Herrera,,,1,bar,1.0,12345678,
4801,Edgar Txarri,,,1,bar,1.0,12345678,
4802,Miguel Angel Olid,,,1,bar,1.0,12345678,
4803,Silvia Candelas,,,1,bar,1.0,12345678,
4804,Cristobal M,,,1,bar,1.0,12345678,
4805,Alberto Jose Palomino Esteban,,,2,bakery|restaurant,2.0,12345678,
4806,Carmen Tui,,,2,bakery|cafe|restaurant,,12345678,
4807,Pedro Gaitán,,,1,bakery,,12345678,
4808,Antonio Briceño Madrid,,,2,cafe|restaurant,1.0,12345678,
4809,Carlota Fernández Escobar,,,1,cafe,,12345678,
4810,Fermín López López,,,1,cafe,,12345678,
4811,Peguram,,,7,bar|night_club|restaurant,2.0,12345678,
4812,CoCreando,,,2,bakery|cafe,,12345678,
4813,Angel Sanmartin,,,1,bar,,12345678,
4814,Elisa Martinez,,,1,bar,,12345678,
4815,Andrea Navarrete pardo,,,1,bar,,12345678,
4816,Ángel Rodríguez González,,,1,bar|restaurant,1.0,12345678,
4817,José Antonio Jimenez,,,1,bar|restaurant,1.0,12345678,
4818,Juan Jose Cantero,,,1,bar|restaurant,1.0,12345678,
4819,montse floro lopez,,,1,bar|restaurant,1.0,12345678,
4820,Dami Ruiz,,,1,bar,,12345678,
4821,AKA. TDL,,,1,bar,,12345678,
4822,Aitana Lopez,,,1,bar,,12345678,
4823,Pedro Jimenez,,,2,bakery|cafe,1.0,12345678,
4824,Paqui Rosillo Avilés,,,1,bakery,1.0,12345678,
4825,ignacio exposito,,,1,bakery,1.0,12345678,
4826,ismael catedra,,,1,bakery,1.0,12345678,
4827,Diego Garrido,,,1,bakery,,12345678,
4828,Emma Redondo,,,1,bakery,1.0,12345678,
4829,Paqui Redondo,,,1,bar|cafe,1.0,12345678,
4830,David Martínez Mulero,,,1,bar|cafe,,12345678,
4831,Juan Ramírez,,,1,bar|cafe,1.0,12345678,
4832,JUAN JOSÉ DE LA TORRE,,,1,bar|cafe,1.0,12345678,
4833,Jose Cobo,,,1,bar|cafe,1.0,12345678,
4834,darvibegines,,,1,bar|restaurant,1.0,12345678,
4835,Beatriz Martínez Jurado,,,2,bar|cafe|restaurant,1.0,12345678,
4836,Sara Gomez,,,2,restaurant|bar|meal_takeaway,1.0,12345678,
4837,María Fernández Rosales,,,1,bar|restaurant,1.0,12345678,
4838,Monica Hortal,,,1,bar|restaurant,1.0,12345678,
4839,Hola Xd,,,1,restaurant,,12345678,
4840,Daniel Gomes,,,1,restaurant,,12345678,
4841,DAVID TORRES MONTALVO,,,1,restaurant,,12345678,
4842,sergio xdxdxdxd,,,1,restaurant,,12345678,
4843,Lucia Pérez,,,1,restaurant,,12345678,
4844,Paco Martinez,,,1,cafe,1.0,12345678,
4845,Marta Romero Hurtado,,,1,cafe,1.0,12345678,
4846,Beni,,,1,cafe|restaurant,2.0,12345678,
4847,Zuber Lahrech Ben Hamza,,,1,cafe|restaurant,2.0,12345678,
4848,Teresa Arenillas,,,2,restaurant|cafe,2.0,12345678,
4849,Alba Bueno,,,1,cafe|restaurant,2.0,12345678,
4850,Francisco Jose Muñoz Exposito,,,1,bar|restaurant,1.0,12345678,
4851,Samuel Garcia,,,1,bar|restaurant,1.0,12345678,
4852,Samara Medina Torres,,,1,bar|restaurant,,12345678,
4853,Natalia,,,3,bar|restaurant,2.0,12345678,
4854,Angeldebarro Run,,,1,bar|cafe|restaurant,,12345678,
4855,Alicia Martín Garmendia,,,1,bar|cafe|restaurant,1.0,12345678,
4856,Ma Carmen,,,1,bar|restaurant,1.0,12345678,
4857,Maria Dolore CarrionJuarez,,,1,bar|restaurant,1.0,12345678,
4858,OLIVER MURILLO VEGA,,,1,bar|restaurant,1.0,12345678,
4859,FRANCISCO J GOMEZ ORGAZ,,,1,bar|restaurant,1.0,12345678,
4860,Maxi Quiroga,,,2,bar|restaurant,1.0,12345678,
4861,raphael caballero,,,0,,,12345678,
4862,Gustavo Alberto Ricco,,,0,,,12345678,
4863,Manuel Mena Ramirez,,,1,night_club,,12345678,
4864,dolores lara cortes,,,0,,,12345678,
4865,LUIS FRANCISCO Cantón Quirós,,,0,,,12345678,
4866,antoniotrujillodiaz,,,6,restaurant|bar|cafe,1.0,12345678,
4867,Montserrat Garrido Fuentes,,,1,night_club,,12345678,
4868,Roberto Diez Exposito,,,5,restaurant|bar|cafe,1.0,12345678,
4869,Álvaro Solás,,,1,bar|restaurant,1.0,12345678,
4870,Laura de Lara,,,1,bar|restaurant,1.0,12345678,
4871,Futbol Carrasco,,,1,restaurant,,12345678,
4872,marga c.r,,,1,restaurant,,12345678,
4873,José Luis Guardia,,,1,restaurant,,12345678,
4874,Txifli,,,1,bar|cafe|restaurant,1.0,12345678,
4875,Silvia B.,,,1,bar|cafe|restaurant,1.0,12345678,
4876,Bea Exposito,,,1,bar|cafe|restaurant,,12345678,
4877,Nuria Camellin,,,1,bar|cafe|restaurant,1.0,12345678,
4878,Br 16,,,1,bakery,,12345678,
4879,Jose Tejero,,,1,bakery,,12345678,
4880,Paula García Gil,,,1,bakery,,12345678,
4881,Lucas,,,3,restaurant|bakery|bar,1.5,12345678,
4882,Monkey BCN,,,1,bakery,,12345678,
4883,Tamara ruiz gutierrez,,,1,meal_delivery|meal_takeaway|restaurant,1.0,12345678,
4884,Juan Carlos Torres,,,1,meal_delivery|meal_takeaway|restaurant,,12345678,
4885,Cafe No,,,1,meal_delivery|meal_takeaway|restaurant,1.0,12345678,
4886,Miguel Angel Pérez Torralbo,,,1,meal_delivery|meal_takeaway|restaurant,,12345678,
4887,tetemin 8,,,1,meal_delivery|meal_takeaway|restaurant,1.0,12345678,
4888,Adrián Ortega,,,1,cafe|restaurant,,12345678,
4889,Rodrigo,,,1,cafe|restaurant,,12345678,
4890,Didi Madzharova,,,1,cafe|restaurant,1.0,12345678,
4891,Laura Expósito,,,1,cafe|restaurant,1.0,12345678,
4892,Daniel Colomino,,,1,meal_delivery|meal_takeaway|restaurant,1.0,12345678,
4893,Enrique Palomares Espinosa,,,3,restaurant|bakery|meal_delivery,,12345678,
4894,Javi,,,3,restaurant|meal_takeaway|meal_delivery,2.0,12345678,
4895,Sara Asif,,,1,meal_delivery|meal_takeaway|restaurant,1.0,12345678,
4896,Ana Rosa GM,,,1,restaurant,1.0,12345678,
4897,Alba Navarro,,,1,restaurant,1.0,12345678,
4898,Haru,,,1,restaurant,,12345678,
4899,jose salvador,,,2,restaurant|cafe,1.0,12345678,
4900,Rocío CO,,,1,bar,,12345678,
4901,MARIA DEL ROSARIO GALIANO ORTIZ,,,4,restaurant|bar,1.5,12345678,
4902,Sun,,,1,bar,1.0,12345678,
4903,Mamen de la Torre Granados,,,1,bar|restaurant,1.0,12345678,
4904,Ana Belén J.D.,,,1,bar|restaurant,1.0,12345678,
4905,Jesus Plaza,,,1,bar|restaurant,1.0,12345678,
4906,Ángel Custodio Ruiz Morcillo,,,1,bar|restaurant,1.0,12345678,
4907,laura martinez,,,2,restaurant|bar,,12345678,
4908,Vicky Gámez,,,1,restaurant,,12345678,
4909,Antonio Relaño Hidalgo,,,1,restaurant,,12345678,
4910,Milangela Lares,,,1,restaurant,,12345678,
4911,Juan Lozano,,,3,restaurant|bar,1.0,12345678,
4912,carlos acuña,,,1,restaurant,,12345678,
4913,Roberto Carlos Visa Lopez,,,1,restaurant,,12345678,
4914,Tania Lorenzo Gómez,,,1,bar,,12345678,
4915,Marisa Blanco,,,1,bar,1.0,12345678,
4916,LuisonMinguez Instagram.,,,1,bar,1.0,12345678,
4917,Manuel Garrido Carrillo,,,1,bar,1.0,12345678,
4918,Pablo Romero Martínez,,,1,bar,,12345678,
4919,MARIA JOSE MEDINA ROMERO,,,3,bar|meal_delivery,1.0,12345678,
4920,Victor Correa Perez,,,1,bar,,12345678,
4921,Leoubrique,,,1,bar,,12345678,
4922,Cristina Soto,,,1,restaurant,,12345678,
4923,Manuela Hernandezoliva,,,1,restaurant,,12345678,
4924,Javier Chamorro,,,1,restaurant,1.0,12345678,
4925,Eduardo Doblado,,,1,restaurant,,12345678,
4926,M A,,,1,meal_takeaway|restaurant,,12345678,
4927,MIGUEL ANGEL,,,1,meal_takeaway|restaurant,1.0,12345678,
4928,Paola,,,2,restaurant|meal_takeaway,2.0,12345678,
4929,M. F.M.,,,1,meal_takeaway|restaurant,,12345678,
4930,S. G.,,,5,restaurant|bar,1.33,12345678,
4931,Sonia Moraga,,,1,bar|restaurant,2.0,12345678,
4932,Desire Zafra Cortes,,,1,bar|restaurant,2.0,12345678,
4933,Brutus gamer,,,1,bar|restaurant,2.0,12345678,
4934,Job,,,1,bar|restaurant,2.0,12345678,
4935,Fco. Javier Herrera Briones,,,0,,,12345678,
4936,ESTEBAN PEREA NÚÑEZ,,,1,cafe,,12345678,
4937,Lidia M. M.P.,,,2,restaurant|bar,1.0,12345678,
4938,Soraya Tijeras,,,2,bar|restaurant,1.0,12345678,
4939,Kanoute,,,1,bar|restaurant,1.0,12345678,
4940,Jesús Galán García,,,3,restaurant|bar,1.5,12345678,
4941,Pepa C.M,,,1,bar|restaurant,1.0,12345678,
4942,Marian Coleto,,,1,bar|restaurant,1.0,12345678,
4943,MAY,,,1,bar|restaurant,1.0,12345678,
4944,Silvia Duque,,,1,restaurant,,12345678,
4945,Rosana Sanchez navarro,,,1,restaurant,,12345678,
4946,Andrea Jurado Rico,,,1,restaurant,,12345678,
4947,jorge valverde,,,1,restaurant,,12345678,
4948,Candice,,,2,bar|restaurant,1.0,12345678,
4949,Clara Bravo Heredia,,,1,bar|restaurant,1.0,12345678,
4950,Fernan,,,1,bar|restaurant,1.0,12345678,
4951,AmaTema,,,1,bar|restaurant,1.0,12345678,
4952,Rafael Navarro gomez,,,1,restaurant,1.0,12345678,
4953,Nerea Tiktok,,,1,restaurant,,12345678,
4954,Eva Vega Morales,,,3,restaurant|bar,1.5,12345678,
4955,Pedro Rubio Tejero,,,1,restaurant,1.0,12345678,
4956,María M. C. R.,,,3,restaurant|bar|cafe,1.0,12345678,
4957,JManu Pedrajas,,,3,cafe|bakery|restaurant,1.0,12345678,
4958,Patricia Villa (Doñateclaspuntocom),,,1,cafe|restaurant,,12345678,
4959,Pedro Quesada,,,2,bar|cafe|restaurant,1.0,12345678,
4960,Macarena Mimbrero,,,1,cafe,,12345678,
4961,Sara Martinez,,,2,bar|cafe|restaurant,1.0,12345678,
4962,M. R. B,,,2,cafe|bakery,1.0,12345678,
4963,Rocío Manzano Fernández,,,1,cafe,1.0,12345678,
4964,Rew Galo,,,1,cafe,1.0,12345678,
4965,Joseba Tupac,,,1,cafe,1.0,12345678,
4966,Antonio Ramírez Herrero,,,1,cafe,1.0,12345678,
4967,Francisco Jose Oliva Sanchez,,,1,bakery,,12345678,
4968,ANTONIO M,,,1,bakery,,12345678,
4969,RAFAEL CORTES HEREDIA,,,1,bakery,,12345678,
4970,Raquel HG,,,1,bakery,,12345678,
4971,Laura María Rodríguez Pérez,,,1,bakery,,12345678,
4972,Sandra Ortiz Aranda,,,1,restaurant,,12345678,
4973,Natalia Palomino Callado,,,1,restaurant,,12345678,
4974,María Teresa Ortiz,,,1,restaurant,,12345678,
4975,Filipo Filipo,,,1,restaurant,,12345678,
4976,Jose del Moral Garcia,,,1,restaurant,,12345678,
4977,Maria G,,,1,bar|meal_delivery|restaurant,1.0,12345678,
4978,Alvaro Sampedro,,,1,bar|meal_delivery|restaurant,1.0,12345678,
4979,Jose Pedrajas,,,1,bar|meal_delivery|restaurant,1.0,12345678,
4980,Salvador Vaquero,,,1,bar|meal_delivery|restaurant,1.0,12345678,
4981,Jenifer QR,,,1,bar|restaurant,,12345678,
4982,Julián Alfonso Flores Cayuela,,,1,bar|restaurant,1.0,12345678,
4983,Macarena García Gutiérrez,,,1,restaurant,,12345678,
4984,Alejandro Expósito González,,,1,restaurant,1.0,12345678,
4985,JOSE M.C. (stop motion),,,1,restaurant,,12345678,
4986,Jose Luis Izquierdo Duque,,,1,restaurant,1.0,12345678,
4987,Estefania Carvallo,,,1,cafe,1.0,12345678,
4988,Gema Cabello,,,1,cafe,,12345678,
4989,Rocío JC,,,2,bar|cafe,1.0,12345678,
4990,Amnauj Zepol,,,1,cafe,1.0,12345678,
4991,Chema Esteo,,,1,restaurant,1.0,12345678,
4992,Rocío González,,,1,restaurant,1.0,12345678,
4993,Jesus G,,,5,restaurant|bakery|bar,1.25,12345678,
4994,Cruz nominem,,,1,restaurant,1.0,12345678,
4995,manuel de cruz,,,1,cafe|restaurant,1.0,12345678,
4996,juan fuentes,,,1,cafe|restaurant,1.0,12345678,
4997,Patry Jenkins,,,1,cafe|restaurant,,12345678,
4998,Francisco Exposito,,,1,bar,1.0,12345678,
4999,andrea crespo figueras,,,1,bar,1.0,12345678,
5000,Veronica Gómez,,,1,bar,1.0,12345678,
5001,Alberto Higueras,,,1,restaurant,,12345678,
5002,curro sequera garcia,,,1,restaurant,,12345678,
5003,Daniel Ruiz verdejo,,,1,restaurant,,12345678,
5004,Candela,,,1,restaurant,,12345678,
5005,Alonso Holguin F.J.,,,1,restaurant,1.0,12345678,
5006,Susana Medina bermudez,,,1,restaurant,1.0,12345678,
5007,Jose maria Abras,,,1,restaurant,1.0,12345678,
5008,aperal,,,1,restaurant,,12345678,
5009,Francisco José Muñoz Expósito,,,1,restaurant,,12345678,
5010,Emilio Cáceres,,,1,restaurant,,12345678,
5011,Guillermo VA,,,0,,,12345678,
5012,La niña De guardia,,,0,,,12345678,
5013,Manuel Carvajal,,,2,Bar de tapas|bar|cafe,1.5,12345678,
5014,Mayte M.M,,,2,restaurant|bar|cafe,2.0,12345678,
5015,maria ortiz,,,1,bar|cafe|restaurant,,12345678,
5016,Alberto Utrilla,,,1,bar|cafe|restaurant,,12345678,
5017,Manuela Martinez,,,0,,,12345678,
5018,Javier Expósito Cárdenas,,,1,bar,,12345678,
5019,Pascual Soriano Alcantara,,,0,,,12345678,
5020,Mariano Lozano,,,1,bar,,12345678,
5021,sr moraty,,,1,bar|restaurant,,12345678,
5022,Toñy Camara,,,1,bar|restaurant,,12345678,
5023,Cristina Marín Fibla,,,1,bar|restaurant,,12345678,
5024,Isa Martinez Cano,,,1,bar|restaurant,,12345678,
5025,javi moreno,,,1,bar|restaurant,,12345678,
5026,Miguel M.G.,,,1,bar|restaurant,,12345678,
5027,Marina López Valle,,,1,bar|restaurant,,12345678,
5028,Africa Humanes,,,1,bar|restaurant,,12345678,
5029,Bartolomé Cerezo,,,1,restaurant,1.0,12345678,
5030,Francisca Vargas Manceras,,,1,restaurant,1.0,12345678,
5031,Antonio gallego perez,,,1,restaurant,1.0,12345678,
5032,jesus Martin,,,1,restaurant,1.0,12345678,
5033,Luis Peña,,,1,restaurant,1.0,12345678,
5034,Farah Barrouhou,,,1,restaurant,1.0,12345678,
5035,Araceli Mercado Rodriguez,,,1,restaurant,1.0,12345678,
5036,Antonio Ramirez,,,1,restaurant,,12345678,
5037,Carmen D.,,,1,restaurant,,12345678,
5038,Jose Andres Munoz Avila,,,2,bar,,12345678,
5039,Josedsc,,,1,bar,1.0,12345678,
5040,Maria Leiva,,,2,'miércoles': '7:00–15:00'|bar,1.5,12345678,
5041,jesus santiago,,,1,bar,1.0,12345678,
5042,Bo _27,,,1,restaurant,1.0,12345678,
5043,Eduardo Gomez Toribio,,,1,restaurant,1.0,12345678,
5044,argi berezi,,,1,restaurant,,12345678,
5045,pamela garcia anguita,,,1,bar,,12345678,
5046,David López,,,1,bar,,12345678,
5047,Mafer,,,1,bar,,12345678,
5048,Raul Gherman,,,1,bar,,12345678,
5049,talleres dani cañero,,,1,bar,1.0,12345678,
5050,Bebes Bebes,,,1,bar,,12345678,
5051,Villalon-Daoiz Manuel,,,1,bar,,12345678,
5052,Juan Perales Martinez,,,1,bar,1.0,12345678,
5053,Jessica López,,,0,,,12345678,
5054,Laura Sanz,,,0,,,12345678,
5055,Gema,,,0,,,12345678,
5056,María José Pérez,,,1,bar|restaurant,1.0,12345678,
5057,Mauricio Agea,,,1,bar|restaurant,1.0,12345678,
5058,Carlos Javier Navarro Vicaria,,,1,bar|restaurant,1.0,12345678,
5059,Ángel Jesús Galán Gallego,,,1,bar|restaurant,1.0,12345678,
5060,F. Javier Garcia Roba “JAVITO”,,,1,bar,,12345678,
5061,Ariane Perez,,,1,bar,,12345678,
5062,Daniel Franco bujaldon,,,1,bar,,12345678,
5063,Juan Sanchez González,,,2,bakery|bar,1.0,12345678,
5064,Juan Carlos Moreno Lopez (El Papa),,,1,bar|restaurant,1.0,12345678,
5065,Dragomir Angeloff,,,3,restaurant|bar,1.0,12345678,
5066,Juan Miguel Carrasco,,,1,bar|restaurant,1.0,12345678,
5067,Luismi Exposito,,,1,bar|restaurant,1.0,12345678,
5068,Gabry Sardiña,,,1,bar|restaurant,1.0,12345678,
5069,María José Guerrero Macias,,,1,bakery|meal_delivery|meal_takeaway,,12345678,
5070,nazaret gallego,,,1,bakery|meal_delivery|meal_takeaway,1.0,12345678,
5071,Paco Tico Loco,,,1,bakery|meal_delivery|meal_takeaway,1.0,12345678,
5072,Isabel tikitiki,,,1,bakery|meal_delivery|meal_takeaway,,12345678,
5073,Sonia García,,,1,restaurant,,12345678,
5074,balaverde,,,1,restaurant,,12345678,
5075,ivan algaba,,,1,restaurant,,12345678,
5076,Cristobal Pedr,,,1,restaurant,,12345678,
5077,Ana maria lopez,,,1,bar,1.0,12345678,
5078,rocio arenas,,,1,bar,1.0,12345678,
5079,Berenice Orozco,,,1,bar,1.0,12345678,
5080,Marlon Escoto Garcia,,,1,bar,1.0,12345678,
5081,Victor Montiel,,,1,bar,1.0,12345678,
5082,Maria Del Mar Guzman,,,1,bar,1.0,12345678,
5083,Alfonso Rivillas Robles,,,1,bar,1.0,12345678,
5084,Subakai,,,1,bar,,12345678,
5085,Macarena Tejada Cedron,,,1,bar,,12345678,
5086,juani perez,,,2,bar|restaurant,3.0,12345678,
5087,José Miguel,,,4,restaurant,2.0,12345678,
5088,Dionisio Romo Garcia,,,1,restaurant,,12345678,
5089,Antonio Jesus Peinado,,,1,restaurant,,12345678,
5090,Carmen María Flores Cayuela,,,1,restaurant,,12345678,
5091,M A G,,,1,bar,1.0,12345678,
5092,wowiwo,,,2,bar|meal_delivery|meal_takeaway,1.0,12345678,
5093,Alejandro,,,7,restaurant|bar,1.86,12345678,
5094,guguel jesus,,,1,bar,,12345678,
5095,Rosa María Artero Valero,,,1,bar|restaurant,,12345678,
5096,Juan Jose Plaza Exposito,,,1,bar|restaurant,1.0,12345678,
5097,Victor Esteo,,,1,bar|restaurant,1.0,12345678,
5098,Julia Muñoz,,,1,meal_delivery,,12345678,
5099,Pedro Perales,,,1,meal_delivery,,12345678,
5100,xiana toledo gallardo,,,1,meal_delivery,,12345678,
5101,Kristy Jaen Jaen,,,0,,,12345678,
5102,Angel Molina,,,0,,,12345678,
5103,Abelardo cañones,,,0,,,12345678,
5104,Rafael Barbancho Manchon,,,0,,,12345678,
5105,JOSE AUGUSTO DE VEGA,,,1,bar|cafe,1.0,12345678,
5106,Juan Cruz,,,1,bar|cafe,1.0,12345678,
5107,Alberto sl,,,1,bar|cafe,,12345678,
5108,Richar KLOM KLOM,,,1,bar|cafe,,12345678,
5109,Miguel Angel Pérez,,,1,bar|cafe,1.0,12345678,
5110,Mariano Bernal Montero,,,1,restaurant,,12345678,
5111,santi martinez,,,1,restaurant,,12345678,
5112,Sonia Rodriguez Lora,,,1,restaurant,2.0,12345678,
5113,Paula Gomez cabello,,,1,restaurant,2.0,12345678,
5114,David Mora,,,1,restaurant,2.0,12345678,
5115,Salvador Martínez Cardeña,,,1,restaurant,2.0,12345678,
5116,Pilar Miñarro,,,1,restaurant,2.0,12345678,
5117,Javi Nuñez,,,0,,,12345678,
5118,Jose Javier Hervás,,,0,,,12345678,
5119,Isaias Padial,,,0,,,12345678,
5120,J.Ricardo Granados,,,1,bar|restaurant,1.0,12345678,
5121,Luz Salas Yague,,,0,,,12345678,
5122,Christian Albietz,,,1,restaurant,1.0,12345678,
5123,Señor de los Musgos,,,1,restaurant,1.0,12345678,
5124,Juan Carlos Muñoz Serrano,,,1,restaurant,1.0,12345678,
5125,Paula Zafra Montoro,,,1,restaurant,1.0,12345678,
5126,Antonio Obrero,,,2,restaurant,,12345678,
5127,sherina mehmedova,,,1,bar|restaurant,1.0,12345678,
5128,Lv,,,1,bar|restaurant,1.0,12345678,
5129,MERCEDES MIJAN,,,2,bar|restaurant,1.0,12345678,
5130,Raquel Corachan,,,1,bar|restaurant,1.0,12345678,
5131,Noelia Garcia,,,2,restaurant,,12345678,
5132,Esther Talavera,,,1,restaurant,,12345678,
5133,Maria Fernández Luján,,,2,restaurant,1.0,12345678,
5134,antonio Ríos Fuentes,,,1,cafe,,12345678,
5135,Fran Benítez,,,1,cafe,,12345678,
5136,Andrés Rodríguez Saavedra,,,1,cafe,,12345678,
5137,Antorchaza Olimpika,,,1,cafe,,12345678,
5138,RM M,,,1,cafe,,12345678,
5139,Yolanda Soriano,,,1,cafe,,12345678,
5140,Isidoro Espinosa,,,1,cafe,,12345678,
5141,luis alvaro garcia lorite,,,1,bar,1.0,12345678,
5142,Antonio Anguís Montes,,,1,bar,1.0,12345678,
5143,Adrian Perez Cordon,,,1,bar,1.0,12345678,
5144,Daniel Caro Talegón,,,1,bar,1.0,12345678,
5145,Ana Caballero,,,2,bar|night_club|restaurant,1.5,12345678,
5146,Núria Jiménez Ruiz,,,3,restaurant|bakery|bar,1.5,12345678,
5147,Carmen RS,,,1,bar|night_club|restaurant,1.0,12345678,
5148,Juan Deutor Quesada,,,1,bar|night_club|restaurant,,12345678,
5149,Joaquin Ramirez,,,1,bar,,12345678,
5150,Manuel Campos Jiménez,,,1,bar,,12345678,
5151,Ilde,,,1,bar,,12345678,
5152,Grilldefons Garcia,,,1,bar,,12345678,
5153,Francisco Rodríguez Maíllo,,,0,,,12345678,
5154,Al,,,1,restaurant,3.0,12345678,
5155,Beatriz,,,0,,,12345678,
5156,Luisa María Sarazá,,,0,,,12345678,
5157,Cristina León GarcÍa,,,1,bar,,12345678,
5158,Maite Gómez,,,1,bar,,12345678,
5159,Oliver S.,,,1,bakery,1.0,12345678,
5160,jose juan Lopez,,,1,bakery,1.0,12345678,
5161,Alfonso F,,,1,bakery,1.0,12345678,
5162,Rosario Castro,,,1,bakery,1.0,12345678,
5163,José María Pérez,,,2,bar|restaurant,1.0,12345678,
5164,Juan Jose Dirube,,,1,restaurant,1.0,12345678,
5165,Andres Brox F,,,1,bar|restaurant,1.0,12345678,
5166,Alba Polo Hervás,,,1,bar|restaurant,1.0,12345678,
5167,Iván Podadera,,,2,bakery|bar|restaurant,1.0,12345678,
5168,Francisco Aranda,,,1,bar|restaurant,,12345678,
5169,ermellyldsma,,,1,bakery,1.0,12345678,
5170,Juan Manuel Guerrero Solas,,,1,bakery,1.0,12345678,
5171,Mateo,,,2,bakery|restaurant,,12345678,
5172,Man. Canena,,,1,bakery,1.0,12345678,
5173,Juan Ramirez Vilches,,,1,bakery,1.0,12345678,
5174,Tetyana Leutska,,,1,bar,1.0,12345678,
5175,Maricarmen Jimenez,,,1,bar,1.0,12345678,
5176,Ángel Sánchez Aguilar,,,1,bar,,12345678,
5177,monica arcas martinez,,,1,bar,,12345678,
5178,Mari Carmen Sánchez Palomares,,,2,bar|cafe|restaurant,,12345678,
5179,Josse Mariell Trujillo,,,1,bar|restaurant,,12345678,
5180,Manuela Moreno Poza,,,1,bar|restaurant,,12345678,
5181,Dennis Martínez Gómez,,,1,restaurant,,12345678,
5182,Antonio Lucio,,,1,restaurant,,12345678,
5183,Sara Sánchez Pérez,,,1,restaurant,,12345678,
5184,UNAI,,,1,restaurant,,12345678,
5185,Fco. Javier “Fco. Javier” Vilches Serrano,,,1,bar,,12345678,
5186,Pedro Jesus Garrido Campos,,,2,restaurant|bar,1.0,12345678,
5187,Josenajera 28865,,,1,bar|restaurant,1.0,12345678,
5188,Félix Villasevil,,,1,bar|restaurant,1.0,12345678,
5189,Juan Antonio Villacañas,,,1,bar|restaurant,1.0,12345678,
5190,Joseliiin joseliithoor,,,1,bar,,12345678,
5191,Fode Sanogo,,,1,bar,,12345678,
5192,Joaquin Marín Fernandez,,,1,bar,,12345678,
5193,Armando Gisbert Herrero,,,1,bar,,12345678,
5194,cristobal garcia,,,1,bar,,12345678,
5195,Andrea Moral Pegalajar,,,1,cafe,,12345678,
5196,Khadija Dhaouadi,,,1,cafe,,12345678,
5197,Sandra Araque,,,1,cafe,,12345678,
5198,Jorge Ruiz poyatos,,,1,cafe,,12345678,
5199,Juanillo GG,,,1,cafe,,12345678,
5200,RICARDO SANCHEZ CANO,,,1,bar,,12345678,
5201,Ana Victoria Pérez Cintado,,,1,bar,,12345678,
5202,Ignacio Romero,,,1,bar,,12345678,
5203,Ramón,,,2,bar,1.0,12345678,
5204,francisco,,,2,cafe|restaurant,,12345678,
5205,Eli García,,,1,restaurant,,12345678,
5206,Maritina Perez,,,1,bar,,12345678,
5207,Isabel María Garcia vazquez,,,1,bar,,12345678,
5208,José Baza,,,1,bar,,12345678,
5209,Juanito Lopez Morillo,,,1,meal_delivery,,12345678,
5210,Nico Poza Perez,,,1,meal_delivery,,12345678,
5211,Jesus Rus,,,1,meal_delivery,,12345678,
5212,Jose Ruiz,,,2,restaurant|taberna,2.0,12345678,
5213,Julio Rubiales,,,1,restaurant,,12345678,
5214,manuel AP,,,2,bar|restaurant,1.0,12345678,
5215,Diego Fuentes Calderon,,,1,restaurant,,12345678,
5216,Gibalbin Horchata,,,0,,,12345678,
5217,Mari Marti,,,0,,,12345678,
5218,Ángel Olivares,,,0,,,12345678,
5219,Antonio Cabrera,,,0,,,12345678,
5220,Miguel Ángel Castro,,,0,,,12345678,
5221,Adriana Román,,,0,,,12345678,
5222,Alfonso Calleja,,,0,,,12345678,
5223,Maria Teresa Angullo Ruiz,,,0,,,12345678,
5224,maria jesus,,,0,,,12345678,
5225,ISMAEL VERSYS 1100,,,1,bar|restaurant,1.0,12345678,
5226,Heiby Alejandra Castillo Balcena,,,1,bar|restaurant,1.0,12345678,
5227,pakusss,,,1,bar|restaurant,1.0,12345678,
5228,Victor Muñoz Valera,,,1,bar|restaurant,1.0,12345678,
5229,Loli sandoica mesa,,,1,restaurant,,12345678,
5230,Soledad Álvarez Benítez,,,2,restaurant|bar,1.0,12345678,
5231,manuel cribaño plaza,,,1,restaurant,,12345678,
5232,Montse Montoro Sanchez,,,1,restaurant,,12345678,
5233,Antonio Aranda,,,2,bakery|restaurant,,12345678,
5234,Arturo Ruiz escudero,,,1,bar,,12345678,
5235,S K,,,0,,,12345678,
5236,Antonio Miguel Fernández (TheAnzonit939),,,0,,,12345678,
5237,Barrie Simpson,,,1,bar,,12345678,
5238,Jacal,,,1,bar,,12345678,
5239,Celia Hervas,,,1,bar,,12345678,
5240,VICTORIA CALVENTE,,,1,bar,,12345678,
5241,Thomas,,,1,cafe,1.0,12345678,
5242,Rasami viajeros,,,2,bar|cafe,1.0,12345678,
5243,diego,,,1,cafe,1.0,12345678,
5244,Borja Ruiz,,,1,cafe,1.0,12345678,
5245,124 456,,,1,cafe,1.0,12345678,
5246,lidia ruiz,,,1,restaurant,1.0,12345678,
5247,Fran Fdez Campos,,,2,restaurant,1.0,12345678,
5248,Joseda Cerezo,,,1,restaurant,1.0,12345678,
5249,Adolfo Rey,,,1,restaurant,1.0,12345678,
5250,Juan Carlos García,,,1,restaurant,1.0,12345678,
5251,Victoria Viedma,,,1,bar,1.0,12345678,
5252,IG,,,1,bar,1.0,12345678,
5253,Nieves Alvarez Cabanillas,,,1,bar,1.0,12345678,
5254,Lola Campos,,,1,bar,1.0,12345678,
5255,ismael neff,,,1,bar,1.0,12345678,
5256,Francisco moreno torres,,,1,bar,1.0,12345678,
5257,Mario Vaauerizo,,,1,bar,1.0,12345678,
5258,Inma Molina Quirós,,,1,bar,1.0,12345678,
5259,Oswaldo del Pino,,,1,bakery,,12345678,
5260,Nicolás Fernández,,,1,bakery,,12345678,
5261,Manuel C,,,1,bakery,,12345678,
5262,g pdlf,,,1,bakery,,12345678,
5263,Endulzaderos Casa,,,1,bakery,,12345678,
5264,Francisca Mora,,,1,bakery,,12345678,
5265,Alicia González Maldonado,,,1,bar,1.0,12345678,
5266,Pepi Jimena,,,1,bar,1.0,12345678,
5267,Yo Benji,,,1,bar,,12345678,
5268,Juan M S,,,1,bar,1.0,12345678,
5269,Antonio Tuba,,,2,bar|restaurant,,12345678,
5270,Ray Lopez,,,1,bar,,12345678,
5271,Anita Arriaza Lozano,,,1,bar,,12345678,
5272,Juan Cholbi,,,1,bar,,12345678,
5273,Jose A. Mateos,,,1,bar,,12345678,
5274,Nuria Fuentes,,,1,bar,,12345678,
5275,José Luis Gómez Tornero,,,1,bar,,12345678,
5276,Cristina Parraga Tello,,,1,bar,,12345678,
5277,Paqui Vico,,,1,bakery,,12345678,
5278,María Brunton,,,1,meal_delivery,,12345678,
5279,Pedro Quiros Navarrete,,,1,meal_delivery,,12345678,
5280,Alfonso Martinez Roa,,,1,meal_delivery,,12345678,
5281,Pepe Navarrete,,,1,meal_delivery,,12345678,
5282,MA G,,,0,,,12345678,
5283,Ale Moril,,,0,,,12345678,
5284,Cameron Franco. (Athara),,,0,,,12345678,
5285,Ginés Ciudad Real Núñez,,,1,restaurant,1.0,12345678,
5286,Alba Checa,,,1,restaurant,1.0,12345678,
5287,Angel Javier Arcos Heredia,,,2,restaurant,1.0,12345678,
5288,Eduina Rodríguez Cordero,,,1,bar,1.0,12345678,
5289,Tomas Sanchez,,,1,bar,1.0,12345678,
5290,Angel Martin,,,2,bar|restaurant,1.0,12345678,
5291,Esther Moreno Ruiz,,,1,bar,1.0,12345678,
5292,Mercedes Fernandez Gil,,,1,bar,1.0,12345678,
5293,Juan Estrada Tello,,,1,bar,,12345678,
5294,APlaMor,,,2,bar|restaurant,1.0,12345678,
5295,Antonio M,,,2,bar|restaurant,,12345678,
5296,Álvaro Caler Rodríguez,,,1,bar,,12345678,
5297,César José De La Torre,,,1,bakery,,12345678,
5298,Manuel Garrido Caro,,,1,bakery,,12345678,
5299,miguel parra fernandez,,,1,bakery,,12345678,
5300,Rebeca Parra Navarrete,,,1,bakery,,12345678,
5301,Ana Maria Lopez Saez,,,1,cafe,,12345678,
5302,Gonzalo Amat,,,1,bar,,12345678,
5303,Juanra Mon,,,1,bar,,12345678,
5304,Juan M.,,,2,bar|restaurant,,12345678,
5305,dyt pm,,,1,bar,,12345678,
5306,Javier Navoz Rubio,,,1,bar,,12345678,
5307,Cristóbal M. E.,,,1,bar|restaurant,1.0,12345678,
5308,Héctor Medina Barranco,,,1,bar|restaurant,1.0,12345678,
5309,Isco Egea,,,1,bar|restaurant,1.0,12345678,
5310,Juan Carlos,,,4,restaurant|Bar|bar,2.0,12345678,
5310,Juan Carlos,,,4,restaurant|Bar|bar,2.0,12345678,
5311,Anna TORRES,,,1,bar|restaurant,,12345678,
5312,Ramón “CapriXosso” Aranda,,,1,bar|restaurant,1.0,12345678,
5313,Iker Perez Prieto,,,1,bar|restaurant,1.0,12345678,
5314,David Bravo,,,1,bar|restaurant,1.0,12345678,
5315,Esther Llavero Espí,,,1,restaurant,,12345678,
5316,Pirata FB,,,1,restaurant,,12345678,
5317,Francisco Miguel Martin Castaño,,,1,restaurant,,12345678,
5318,Antonio Hm.,,,1,bar|restaurant,,12345678,
5319,Pedro Bravo,,,1,bar|restaurant,,12345678,
5320,Inmaculada Cuenca,,,1,bar|restaurant,,12345678,
5321,G.H.G,,,1,bar,1.0,12345678,
5322,Pedro S.R.,,,1,bar,1.0,12345678,
5323,Jesús Escobar Sevilla,,,1,bar,1.0,12345678,
5324,Rober Riquelme,,,1,bar,1.0,12345678,
5325,Belén Bermúdez Robles,,,1,bar,1.0,12345678,
5326,sheila ramirez gallego,,,1,restaurant,,12345678,
5327,Encarna Gonzalez,,,1,restaurant,,12345678,
5328,ana maria luque gomez,,,1,restaurant,,12345678,
5329,Leyre Becerra,,,1,restaurant,,12345678,
5330,Jesús Figueroa Martínez,,,2,cafe|restaurant,2.0,12345678,
5331,Juan Cazorla,,,2,bar|cafe,,12345678,
5332,Salva Ruiz,,,2,cafe|restaurant,2.0,12345678,
5333,Tony Cortes Camacho,,,1,cafe,,12345678,
5334,Jose Bonachera Sanchez,,,2,cafe|restaurant,,12345678,
5335,Felix Castagno,,,1,bar,,12345678,
5336,Maria Jose De Pradas,,,1,bar,,12345678,
5337,Eliseo De Pradas Chicharro,,,1,bar,,12345678,
5338,Pedro Jose Fernandez,,,1,bar,,12345678,
5339,CAPITAN,,,2,cafe|restaurant,,12345678,
5340,Yago Bachir Belalia Abad,,,1,restaurant,,12345678,
5341,Pl Ru,,,1,restaurant,,12345678,
5342,Ana Rodriguez,,,1,restaurant,,12345678,
5343,Juan Ignacio Beltran,,,1,bar,,12345678,
5344,Jose Guerrero Martinez,,,1,cafe,,12345678,
5345,M.Ángeles Cobo Gonzalez,,,1,cafe,,12345678,
5346,Jose David,,,1,restaurant,1.0,12345678,
5347,Jorge González Gómez,,,1,restaurant,1.0,12345678,
5348,Rafael Girón Guijarro,,,1,restaurant,1.0,12345678,
5349,MAKINA POWER,,,1,restaurant,1.0,12345678,
5350,Sandra Silva,,,1,bakery,,12345678,
5351,Annais C,,,1,bakery,,12345678,
5352,Jose García,,,1,bakery,,12345678,
5353,María del Mar Rfer,,,2,bakery|restaurant,2.0,12345678,
5354,Jose Rodríguez,,,1,bakery,,12345678,
5355,David Carrascosa,,,2,restaurant|bar|cafe,1.0,12345678,
5356,Roger,,,1,bar|cafe|restaurant,1.0,12345678,
5357,Mac Roldan,,,2,bar|cafe|restaurant,1.0,12345678,
5358,Vicky Flores,,,1,bar,1.0,12345678,
5359,Juan Gomez,,,1,bar,1.0,12345678,
5360,Dario Conde lopez,,,0,,,12345678,
5361,eldelmedioOoO! H2chek,,,0,,,12345678,
5362,Zorena Moreno,,,2,restaurant|bar|cafe,1.0,12345678,
5363,maykalinares,,,1,meal_takeaway|restaurant,,12345678,
5364,Paula Lerida Arboledas,,,1,restaurant,,12345678,
5365,Seba Ruiz Nevado,,,1,restaurant,2.0,12345678,
5366,Andres Goiri,,,7,restaurant|bar,2.17,12345678,
5367,Emilio Eusebio,,,1,restaurant,2.0,12345678,
5368,Jose Maria Jimenez,,,1,bar|restaurant,,12345678,
5369,Beatriz S.,,,2,restaurant|bar,2.0,12345678,
5370,Antonio MM,,,1,bar|restaurant,,12345678,
5371,Paliyoutube,,,1,bar|cafe,1.0,12345678,
5372,Araceli,,,2,bar|cafe|restaurant,1.0,12345678,
5373,Brunner68,,,2,bar|cafe|restaurant,1.0,12345678,
5374,Jose Manuel Caballero Rodriguez,,,1,bar|cafe,1.0,12345678,
5375,Mari Feli,,,1,bar|cafe,1.0,12345678,
5376,Izan Peña Baena,,,1,bar|cafe|restaurant,1.0,12345678,
5377,Elisa,,,1,bar|cafe|restaurant,1.0,12345678,
5378,Patro Toledano Moreno,,,1,bar|cafe|restaurant,1.0,12345678,
5379,Natalia Sánchez,,,1,bar|cafe|restaurant,1.0,12345678,
5380,David Pérez,,,1,bar,1.0,12345678,
5381,Juan Carlos Bravo Salvador,,,1,bar,1.0,12345678,
5382,maria isac rodriguez,,,2,bar|restaurant,1.0,12345678,
5383,manuel barragan,,,1,meal_takeaway|restaurant,1.0,12345678,
5384,Sonia Lopez,,,1,meal_takeaway|restaurant,1.0,12345678,
5385,Fernando Martínez Marín,,,2,bar|meal_takeaway|restaurant,1.0,12345678,
5386,José Elitio Abadía Martínez,,,1,meal_takeaway|restaurant,1.0,12345678,
5387,Kitchen To the point,,,1,meal_takeaway|restaurant,1.0,12345678,
5388,mamen Mamenchu,,,1,bar|restaurant,1.0,12345678,
5389,Tienekarma2011,,,1,bar|restaurant,1.0,12345678,
5390,A. Jiménez,,,1,bar|restaurant,1.0,12345678,
5391,F. LOPEZ AVALOS,,,1,bar|restaurant,1.0,12345678,
5392,Germán AG,,,1,bar|restaurant,1.0,12345678,
5393,Victor Manuel Martinez Vargas,,,1,bar|cafe|restaurant,1.0,12345678,
5394,Mercedes Najar,,,1,bar|cafe|restaurant,,12345678,
5395,Ana Martinez Montoya,,,1,bar|cafe|restaurant,1.0,12345678,
5396,AZMC 2001,,,0,,,12345678,
5397,Amparo Mena,,,0,,,12345678,
5398,DVS,,,1,restaurant,,12345678,
5399,Felipe Carlos,,,0,,,12345678,
5400,enrique olea bellido,,,0,,,12345678,
5401,Rocío Cobo,,,1,restaurant,,12345678,
5402,Luis Miguel SanBaeza,,,1,restaurant,,12345678,
5403,Viajeros Cuatro,,,4,restaurant|meal_takeaway,1.0,12345678,
5404,mia abril,,,2,restaurant,,12345678,
5405,Agus Leon,,,2,restaurant|bar|cafe,1.0,12345678,
5406,Iñigo Fernández,,,1,bar|restaurant,1.0,12345678,
5407,Nerea Agudo,,,1,bar|restaurant,1.0,12345678,
5408,Gema R,,,2,meal_takeaway|restaurant,,12345678,
5409,Eva Serrano,,,1,meal_takeaway|restaurant,,12345678,
5410,CRISTINA Sinmas,,,0,,,12345678,
5411,Shabby Chic,,,0,,,12345678,
5412,Cristina Arboledas,,,0,,,12345678,
5413,Martin Bueno Senise,,,1,bar,2.0,12345678,
5414,Eduardo Santis,,,1,bar,1.0,12345678,
5415,Inma Rodriguez,,,1,bar,1.0,12345678,
5416,queguasatieneeltio queguasatieneeltio,,,0,,,12345678,
5417,Monica Summer,,,2,restaurant,1.0,12345678,
5418,Maria Car,,,0,,,12345678,
5419,Rasalve,,,0,,,12345678,
5420,Mari Carmen Lopez,,,0,,,12345678,
5421,Eldarion,,,3,restaurant|cafe,2.0,12345678,
5422,Ka Cófreces,,,1,cafe,,12345678,
5423,S LP,,,1,cafe,,12345678,
5424,lino garcia,,,0,,,12345678,
5425,Yolanda Torres quevedo,,,0,,,12345678,
5426,Jose Antonio Jimenez Trejo,,,0,,,12345678,
5427,js Ospina Osorio,,,1,bar|restaurant,,12345678,
5428,José Sánchez Fernández,,,1,bar|restaurant,,12345678,
5429,Oscar Garrido Lanzas,,,1,bar|restaurant,1.0,12345678,
5430,Juan manuel Diaz Mateos,,,1,bar|restaurant,1.0,12345678,
5431,Nieves Nieto,,,1,restaurant,1.0,12345678,
5432,ruben ponce moreno,,,1,restaurant,,12345678,
5433,Daniel Rodriguez,,,1,restaurant,1.0,12345678,
5434,Sandra Cuenca,,,1,restaurant,,12345678,
5435,Inés Carmona Pérez,,,0,,,12345678,
5436,Lukas,,,0,,,12345678,
5437,Noelia PV,,,0,,,12345678,
5438,Maria jose Martes ortega,,,0,,,12345678,
5439,Nieves Ortega,,,0,,,12345678,
5440,Aleix C.,,,1,restaurant,1.0,12345678,
5441,Jose Ant,,,2,restaurant|bar|cafe,1.0,12345678,
5442,Sindo Garrido,,,1,cafe|restaurant,,12345678,
5443,MJ OG,,,1,cafe|restaurant,,12345678,
5444,Kelly Montemayor,,,1,restaurant,,12345678,
5445,Daniel RO,,,1,restaurant,1.0,12345678,
5446,Antonio Díaz,,,1,restaurant,1.0,12345678,
5447,avjho zab,,,1,meal_delivery,,12345678,
5448,Alejandro Martínez,,,1,meal_delivery,,12345678,
5449,Cristina Castro,,,1,meal_delivery,,12345678,
5450,Ana Belén Martínez Carruana,,,1,meal_delivery,,12345678,
5451,M.L.O.,,,1,meal_delivery,,12345678,
5452,Benjamin Fernández,,,1,meal_takeaway|restaurant,1.0,12345678,
5453,86Maiteg,,,1,meal_takeaway|restaurant,1.0,12345678,
5454,María Triviño,,,1,meal_takeaway|restaurant,,12345678,
5455,Alicia Navarro Quesada,,,1,meal_takeaway|restaurant,,12345678,
5456,Jose Luis M. G.,,,1,restaurant,,12345678,
5457,Irene Garcia,,,2,restaurant,,12345678,
5458,Javi Rodado,,,2,bar|restaurant,2.0,12345678,
5459,Ismael Garcia Rios,,,1,restaurant,,12345678,
5460,Israel Villanueva,,,1,restaurant,,12345678,
5461,patricia,,,3,restaurant|Restaurante,3.0,12345678,
5462,Acanto King,,,1,restaurant,,12345678,
5463,juan jose herrera rodriguez,,,1,cafe,,12345678,
5464,Marcelina Medja Mangue Nchama,,,1,cafe,,12345678,
5465,Marta Martos Cabrero,,,1,cafe,,12345678,
5466,jessica cerdá,,,1,cafe,,12345678,
5467,Álvaro Gómez,,,1,cafe,,12345678,
5468,Marcos Navas Blázquez,,,1,bar,,12345678,
5469,Rafa Martin MP,,,3,bar|restaurant,,12345678,
5470,Che Andrade,,,1,bar,,12345678,
5471,Daniel Vega Romero,,,1,bar,,12345678,
5472,Jose Manuel Garcia Hurtado,,,1,bar,,12345678,
5473,Rafael Zayas Muñoz-Cobo,,,4,bar|restaurant,1.33,12345678,
5474,Pablo Miñambres,,,2,restaurant|bar,1.0,12345678,
5475,Sarah Nevado Esteban,,,1,bar|restaurant,1.0,12345678,
5476,Danilg,,,1,bar|restaurant,1.0,12345678,
5477,Cristian Ramirez Martinez,,,0,,,12345678,
5478,Juana González Cerezo,,,2,restaurant,2.0,12345678,
5479,Daniel Pérez Abad,,,2,restaurant,2.0,12345678,
5480,juan jose martinez,,,1,restaurant,2.0,12345678,
5481,Julio E. Lescano Carroll,,,2,restaurant,2.0,12345678,
5482,Fernando B.,,,2,restaurant,1.0,12345678,
5483,Rubén Suárez,,,2,restaurant,1.5,12345678,
5484,Borja Izquierdo,,,1,restaurant,1.0,12345678,
5485,Miriam,,,2,restaurant|bakery|cafe,1.0,12345678,
5486,Manuel Ortiz,,,1,bar|restaurant,1.0,12345678,
5487,ESTHER RUIZ FERNANDEZ,,,1,bar|restaurant,1.0,12345678,
5488,SECRETARIO SECRETARIO,,,1,bar|restaurant,1.0,12345678,
5489,isabel navarrete mejias,,,1,bar|restaurant,1.0,12345678,
5490,Fran Go,,,1,restaurant,1.0,12345678,
5491,Sandra Liliana Mogollón León (Sally ML),,,1,restaurant,1.0,12345678,
5492,German Álvarez Buzón,,,1,restaurant,1.0,12345678,
5493,Jesús Aguilar,,,2,restaurant|bar,1.0,12345678,
5494,Elena Rodríguez García,,,1,restaurant,1.0,12345678,
5495,Manuel García (Elessien),,,1,meal_takeaway|restaurant,,12345678,
5496,Juan Rubio Moral,,,2,restaurant|bar|cafe,,12345678,
5496,Juan Rubio Moral,,,2,restaurant|bar|cafe,,12345678,
5497,David Morera,,,1,meal_takeaway|restaurant,1.0,12345678,
5498,el patica 1999,,,1,meal_takeaway|restaurant,,12345678,
5499,Bienvenida DIAZ CASADO,,,1,restaurant,2.0,12345678,
5500,Maria Dolores Vico Caceres,,,1,restaurant,2.0,12345678,
5501,Jesus Palmero,,,1,restaurant,2.0,12345678,
5502,Isaac Mena Peralta,,,1,bar|restaurant,2.0,12345678,
5503,david nicolás,,,1,bar|restaurant,2.0,12345678,
5504,jesus garcia,,,1,bar|restaurant,1.0,12345678,
5505,Joaquín Villalba (Joaky),,,1,bar|restaurant,1.0,12345678,
5506,Pilar Jimenez Bernad,,,1,bar|restaurant,1.0,12345678,
5507,Marisa Clares Medina,,,2,restaurant,,12345678,
5508,RTHUT,,,1,restaurant,,12345678,
5509,Javier Fernández,,,1,restaurant,,12345678,
5510,Paqui Solana Prieto,,,1,restaurant,,12345678,
5511,blas moreno,,,1,bar|restaurant,1.0,12345678,
5512,Juan Luis Montiel,,,2,bar|restaurant,1.0,12345678,
5513,Carolina,,,1,bar|restaurant,1.0,12345678,
5514,Karla Santos,,,1,cafe,1.0,12345678,
5515,Maria Jose Jimenez,,,1,cafe,,12345678,
5516,Alejandra Velasco,,,1,cafe,1.0,12345678,
5517,Emilio del moral,,,1,bakery|cafe|restaurant,1.0,12345678,
5518,Susana León López,,,1,bakery|cafe|restaurant,1.0,12345678,
5519,Javier Uranga Lopez,,,1,bakery|cafe|restaurant,1.0,12345678,
5520,Antonio Jose Rodriguez,,,1,bakery|cafe|restaurant,1.0,12345678,
5521,Merche Arance,,,1,restaurant,1.0,12345678,
5522,Vanessa Reina,,,1,restaurant,1.0,12345678,
5523,Sbjn,,,1,restaurant,1.0,12345678,
5524,Fina De Diego,,,1,restaurant,,12345678,
5525,Antonio Carmona,,,2,cafe|restaurant,,12345678,
5526,Nieves Gonzalez Martinez,,,1,restaurant,,12345678,
5527,Antonio Entrena U.,,,1,restaurant,,12345678,
5528,Dani Prada,,,1,restaurant,,12345678,
5529,Rafa Toledano Cano,,,1,night_club,3.0,12345678,
5530,Xexu SP,,,3,restaurant|night_club,2.67,12345678,
5531,Iván Simarro Rivero,,,1,night_club,3.0,12345678,
5532,CAPI Capiweb,,,3,restaurant|cafe|night_club,2.5,12345678,
5533,Ignacio Vidal,,,1,bar|cafe|restaurant,1.0,12345678,
5534,Luis Martínez,,,1,bar|cafe|restaurant,1.0,12345678,
5535,Paola Dominguez Lopez,,,1,bar|cafe|restaurant,1.0,12345678,
5536,Fernando Alcala,,,1,bar|restaurant,,12345678,
5537,Alfredo Muñiz Casado,,,3,bar|restaurant,1.0,12345678,
5538,Javier Soriano,,,1,bar|restaurant,,12345678,
5539,Juan Carlos Camargo,,,1,bar|restaurant,,12345678,
5540,jose angel lopez,,,2,bar|cafe|restaurant,,12345678,
5541,Carmina Frias Lopez,,,1,restaurant,1.0,12345678,
5542,Andres Herrera Jurado,,,3,restaurant|bar|cafe,1.0,12345678,
5543,DG-n,,,1,restaurant,1.0,12345678,
5544,Laura TM,,,1,restaurant,1.0,12345678,
5545,AnaRosa Martin,,,1,restaurant,1.0,12345678,
5546,Carlos Navarro Aguilar,,,1,bar|restaurant,1.0,12345678,
5547,Reyes García,,,1,bar|restaurant,1.0,12345678,
5548,MD,,,1,bar|restaurant,,12345678,
5549,Toni Cañabate,,,1,bar|cafe|restaurant,1.0,12345678,
5550,Luis Miguel Vazquez,,,1,bar|cafe|restaurant,1.0,12345678,
5551,Cecilia Louvet,,,1,bar|cafe|restaurant,,12345678,
5552,Juan Carlos Gonzalez,,,1,bar|cafe|restaurant,1.0,12345678,
5553,Julio MM,,,1,bar|cafe|restaurant,1.0,12345678,
5554,Mari Lina Navío González,,,0,,,12345678,
5555,NICO JUSAPOL LINARES B.L,,,0,,,12345678,
5556,daniel ariño montañes,,,0,,,12345678,
5557,Vicente Moral,,,0,,,12345678,
5558,Jose Luis Villarejo Linares,,,2,bakery|cafe,,12345678,
5559,Manuel Jesús Cintas Romero,,,1,bakery,,12345678,
5560,Manolo Gonzgal,,,1,bakery,,12345678,
5561,manolo gonzalez,,,1,bakery,,12345678,
5562,Manupalomi8857@gmail.com Ma8857bn,,,1,bakery,,12345678,
5563,Javier Majoni Leon,,,1,cafe,,12345678,
5564,Jose Temprado,,,1,cafe,,12345678,
5565,Paqui Moreno,,,1,night_club,,12345678,
5566,Raúl D.,,,1,night_club,,12345678,
5567,Pedro José Mira Núñez,,,1,night_club,,12345678,
5568,Lorena Nadal Mora,,,2,restaurant,3.0,12345678,
5569,IsmaelBG,,,1,restaurant,,12345678,
5570,Sergio Velasco,,,1,restaurant,,12345678,
5571,Isabel Roldán Córdoba,,,1,restaurant,,12345678,
5572,Lillian Cespedes Gonzalez,,,1,restaurant,,12345678,
5573,David Vilches,,,1,restaurant,,12345678,
5574,isabel maria martinez jimenez,,,1,restaurant,,12345678,
5575,C H,,,1,restaurant,,12345678,
5576,Arii Maldonado,,,1,restaurant,,12345678,
5577,Valeria Moreno,,,1,restaurant,,12345678,
5578,Miguel Marco garrido,,,1,restaurant,1.0,12345678,
5579,Roberto Fernandez,,,2,restaurant,1.0,12345678,
5580,ABC,,,1,restaurant,1.0,12345678,
5581,Ahirus Arariggs,,,1,restaurant,1.0,12345678,
5582,Isabel Ruiz,,,1,bar,1.0,12345678,
5583,Javier Sancho,,,1,bar,1.0,12345678,
5584,Eduardo Cárdenas Cortes,,,1,bar,1.0,12345678,
5585,Sofia ho,,,1,bar,1.0,12345678,
5586,Juan Antonio Del Arco Espinosa,,,1,bar,,12345678,
5587,Puchu,,,1,bar,2.0,12345678,
5588,Anselmo Martinez,,,1,bar,2.0,12345678,
5589,Lillian C G,,,1,bar|restaurant,,12345678,
5590,Juan Lc,,,1,bar|restaurant,1.0,12345678,
5591,Adela Durillo Fernández,,,1,bar|restaurant,1.0,12345678,
5592,Antonio A,,,1,bar|restaurant,1.0,12345678,
5593,viablegutierrez,,,1,bar|restaurant,1.0,12345678,
5594,inmaculada marquez rusillo,,,0,,,12345678,
5595,Amparo Medina Garcia,,,0,,,12345678,
5596,Alanda Alasfinashierbas,,,0,,,12345678,
5597,Soraya Taslimi Sequera,,,0,,,12345678,
5598,Juana María Castilla Ibáñez,,,0,,,12345678,
5599,Jesus Marin,,,1,bar|cafe,1.0,12345678,
5600,VALENTIN BELLO FERNANDEZ,,,2,bar|cafe,2.0,12345678,
5601,Nuria Bernal,,,1,bakery|cafe,,12345678,
5602,Beatrix,,,1,bakery|cafe,,12345678,
5603,C. Liñán,,,1,bakery|cafe,,12345678,
5604,Oswaldo García Falcón,,,1,bakery|cafe,,12345678,
5605,ManuelIM Dhuran,,,1,bar|restaurant,1.0,12345678,
5606,Agueda Navarro,,,1,bar|restaurant,1.0,12345678,
5607,Mari Leal,,,1,bar|restaurant,1.0,12345678,
5608,Domi Lacrete,,,1,bar|restaurant,,12345678,
5609,Paula Gonzalez,,,1,bar|restaurant,,12345678,
5610,Gabi Gallen,,,1,bar|cafe|restaurant,1.0,12345678,
5611,Joaquin LEMUS,,,1,bar|cafe|restaurant,,12345678,
5612,maria T,,,1,bar|cafe|restaurant,1.0,12345678,
5613,Javier Mañas Romero,,,0,,,12345678,
5614,Miguel hernandez navas,,,0,,,12345678,
5615,Mariela Carbajal,,,0,,,12345678,
5616,Antonia Ochoa,,,0,,,12345678,
5617,Seve Garcia Ibañez,,,1,meal_delivery|meal_takeaway|restaurant,,12345678,
5618,Sureya Hafeez,,,1,meal_delivery|meal_takeaway|restaurant,1.0,12345678,
5619,Marcelina Mangue Nchama,,,1,meal_delivery|meal_takeaway|restaurant,1.0,12345678,
5620,Shaila Olivares Ríos,,,1,meal_delivery|meal_takeaway|restaurant,,12345678,
5621,Amparo,,,2,bar|restaurant,2.0,12345678,
5622,Daniel Inman,,,1,restaurant,2.0,12345678,
5623,Jesús Checa,,,1,restaurant,2.0,12345678,
5624,Carmen Garrido,,,1,restaurant,2.0,12345678,
5625,Rafael Martínez navajas,,,1,restaurant,2.0,12345678,
5626,Lia,,,1,bar|cafe|restaurant,,12345678,
5627,Noa Fernández,,,1,bar|cafe|restaurant,,12345678,
5628,German Fonseca,,,1,bar|cafe|restaurant,,12345678,
5629,Ana María Arias,,,0,,,12345678,
5630,Camionero en ruta,,,0,,,12345678,
5631,Mariló Martínez López,,,0,,,12345678,
5632,Luis Jimeno,,,0,,,12345678,
5633,Jose carlos moreno,,,0,,,12345678,
5634,Raúl García Caballero,,,0,,,12345678,
5635,Inmaculada Bustos Romero,,,0,,,12345678,
5636,minirocky2007@gmail.com Reina,,,0,,,12345678,
5637,Luis Miguel Rusillo cisneros,,,0,,,12345678,
5638,Angela Sánchez,,,1,bar|restaurant,1.0,12345678,
5639,ESTHER ANTEQUERA RAMOS,,,1,bar|restaurant,1.0,12345678,
5640,Antonio Garcia Oltra,,,1,bar|restaurant,,12345678,
5641,Luis Mi Ao,,,1,bar|restaurant,1.0,12345678,
5642,Daniel Palomares,,,1,cafe|restaurant,,12345678,
5643,Jose Martinez,,,1,restaurant,,12345678,
5644,Antonio Lorente,,,1,restaurant,,12345678,
5645,pilar puertollano,,,1,restaurant,,12345678,
5646,Fran de (Moñete),,,1,restaurant,,12345678,
5647,Laura S.p,,,0,,,12345678,
5648,Juan Manuel Quevedo Alcala,,,0,,,12345678,
5649,Cristina Gutiérrez,,,0,,,12345678,
5650,MIGUEL A. MARTÍN,,,0,,,12345678,
5651,Patxi Alcázar,,,1,restaurant,1.0,12345678,
5652,PABLO GUTIÉRREZ MARTÍNEZ,,,1,restaurant,1.0,12345678,
5653,Jose I Ramos,,,1,restaurant,1.0,12345678,
5654,Marta Tomillo,,,1,restaurant,,12345678,
5655,jesus blanquero,,,1,restaurant,,12345678,
5656,Paula,,,2,cafe|restaurant,1.0,12345678,
5657,Maria Cristina Jurado Abad,,,1,cafe,1.0,12345678,
5658,Eduardo Marquez Teruel,,,1,cafe,1.0,12345678,
5659,Miguel Angel Cozar Alvarez,,,1,cafe,1.0,12345678,
5660,Africa Murciano Ocaña,,,1,restaurant,,12345678,
5661,Alejandra Nieves,,,1,restaurant,,12345678,
5662,Andrés Vicente,,,1,restaurant,,12345678,
5663,sasse gm,,,1,restaurant,,12345678,
5664,Francisca Ramón,,,1,restaurant,1.0,12345678,
5665,Pedro Pedrito,,,2,bakery|cafe|restaurant,1.0,12345678,
5666,Monica Morales,,,1,bar,1.0,12345678,
5667,Ana Perez,,,1,bar,1.0,12345678,
5668,Gloria de San Isidro Molina Rosales,,,1,bar,1.0,12345678,
5669,Cacatúa Turner,,,1,bar,1.0,12345678,
5670,Sergio Ruiz,,,1,restaurant,1.0,12345678,
5671,C C,,,1,restaurant,,12345678,
5672,Reme Sofía,,,1,restaurant,,12345678,
5673,Alvaro Mr,,,1,cafe|restaurant,1.0,12345678,
5674,Antonio Macías Sánchez,,,1,cafe|restaurant,1.0,12345678,
5675,José Molina Heredia,,,1,cafe|restaurant,1.0,12345678,
5676,Rosa M. Cobo López,,,1,cafe|restaurant,1.0,12345678,
5677,Esther Cases,,,1,cafe|restaurant,1.0,12345678,
5678,M KANO,,,0,,,12345678,
5679,m b,,,1,restaurant,,12345678,
5680,Melchor Moreno,,,0,,,12345678,
5681,Juan Ruiz,,,1,meal_delivery|meal_takeaway|restaurant,,12345678,
5682,castillopatonpedro 1,,,1,meal_delivery|meal_takeaway|restaurant,1.0,12345678,
5683,Manuel Zafora Roque,,,1,meal_delivery|meal_takeaway|restaurant,1.0,12345678,
5684,ChaRlie,,,2,bakery|cafe|restaurant,1.0,12345678,
5685,Sara Muñoz Godino,,,1,restaurant,1.0,12345678,
5686,Alber R. Cano,,,1,bar|restaurant,1.0,12345678,
5687,José Carlos Fernández Álvarez,,,1,bar|restaurant,1.0,12345678,
5688,Pedro Cid Murillo,,,1,bar|restaurant,1.0,12345678,
5689,Sinpelosenlalengua Sinpelosenlalengua,,,1,bakery,,12345678,
5690,Jaime Pedro Cabedo Vilalta,,,1,bakery,,12345678,
5691,Tomy Kanaya,,,1,bakery,,12345678,
5692,antonio collantes,,,1,bakery,,12345678,
5693,Yeissy Silveira,,,0,,,12345678,
5694,Jose Miguel Rodriguez Piña,,,0,,,12345678,
5695,Bárbara Martínez González,,,0,,,12345678,
5696,Lucia Arribas Martinez,,,0,,,12345678,
5697,Eric Galdon,,,0,,,12345678,
5698,Cristian Juan Ganga,,,0,,,12345678,
5699,Jorge M,,,0,,,12345678,
5700,Yolanda M,,,0,,,12345678,
5701,amelia lopez,,,0,,,12345678,
5702,LOSAS liloli,,,0,,,12345678,
5703,Higinio Lopez Llamas,,,1,bar|cafe,,12345678,
5704,GINES GARCIA,,,2,bar|cafe|restaurant,1.5,12345678,
5705,La Guinda de Ima,,,1,bar|cafe,1.0,12345678,
5706,manosdelana,,,1,bar|cafe,1.0,12345678,
5707,mery R,,,1,bar|cafe,1.0,12345678,
5708,Tony Soriano,,,1,bar|restaurant,,12345678,
5709,Natalia Perez vallez,,,1,bar|restaurant,,12345678,
5710,Manuel Morillo,,,1,bar|restaurant,,12345678,
5711,Jose Emilio Muñoz Marin,,,1,bar|restaurant,,12345678,
5712,FRANCISCO GUERRERO,,,2,bar|restaurant,,12345678,
5713,Fernando Rodriguez,,,1,bar,1.0,12345678,
5714,Mery Brotons,,,1,bar,,12345678,
5715,IGNACIO M,,,2,bar,,12345678,
5716,CRISTINA NEGRILLO,,,1,bar,1.0,12345678,
5717,Medina,,,2,bar|restaurant,1.0,12345678,
5718,Pakito Galera,,,1,restaurant,,12345678,
5719,JUANDE ACEITUNO,,,1,restaurant,,12345678,
5720,club Mas Ke Rutas,,,1,restaurant,,12345678,
5721,Jose López,,,1,restaurant,,12345678,
5722,Juan Pedro Robles Fernández,,,1,restaurant,,12345678,
5723,Mario Tocino Posado,,,0,,,12345678,
5724,Susana Horseman Aroca,,,0,,,12345678,
5725,Pablo MG,,,0,,,12345678,
5726,Inma Soldán Jaén,,,0,,,12345678,
5727,M.jose Herrero,,,0,,,12345678,
5728,Emilio Cruz Martinez,,,1,bar,1.0,12345678,
5729,Jose Lara,,,1,bar,1.0,12345678,
5730,Inmaculada García Martínez,,,1,bar,1.0,12345678,
5731,nacho navarro mora,,,1,bar,1.0,12345678,
5732,Isabel Buendía,,,1,bar,,12345678,
5733,Isabel Perez,,,1,bar,,12345678,
5734,Olayo Arribas,,,1,bar,,12345678,
5735,Iván youtube,,,1,bar,,12345678,
5736,Mada Jarca,,,1,bar,,12345678,
5737,Dstyle Zaragoza,,,1,restaurant,,12345678,
5738,Miguel Cuadros,,,1,restaurant,,12345678,
5739,el ciclista diabetico,,,1,restaurant,,12345678,
5740,Jose Manuel Divieso Lendinez,,,1,restaurant,,12345678,
5741,Maria Inmaculada Torrero,,,1,restaurant,,12345678,
5742,Joan Pont,,,1,bar,,12345678,
5743,beatpsycho1,,,1,bar,,12345678,
5744,ADRYAN ELIAS,,,1,bar,,12345678,
5745,juan jimenez mora,,,3,bar|restaurant,1.0,12345678,
5746,elena tierra soto,,,0,,,12345678,
5747,Paula Martinez,,,0,,,12345678,
5748,juan antonio miras fernandes,,,0,,,12345678,
5749,Mari carmen Saez Ruiz,,,0,,,12345678,
5750,lauragoatt lauragoatt,,,1,restaurant,,12345678,
5751,Mireya Morote,,,1,restaurant,,12345678,
5752,Hassan,,,1,restaurant,,12345678,
5753,antonia maria cañadas fernandez,,,1,restaurant,,12345678,
5754,Israel Fábrega Lorente,,,1,restaurant,,12345678,
5755,Rafael Alagarda,,,1,bar|cafe|restaurant,1.0,12345678,
5756,Eloalda Cánovas,,,1,bar|cafe|restaurant,1.0,12345678,
5757,Jose Chiner Cerveró,,,3,bar|restaurant|cafe,1.67,12345678,
5758,Jesús Vega,,,1,bar|cafe|restaurant,,12345678,
5759,Mario Pérez,,,1,bar|cafe|restaurant,1.0,12345678,
5760,Francisco Aguilar Díaz,,,6,restaurant|bakery|cafe,2.0,12345678,
5761,Antonio García,,,3,bakery,1.0,12345678,
5762,belen martinez fernandez,,,1,bakery,,12345678,
5763,Antonio Casero,,,4,bakery|restaurant|bar,1.0,12345678,
5764,Gabriel José Agudo Morales,,,3,restaurant|cafe,,12345678,
5765,vanesa vicente ramirez,,,2,restaurant,,12345678,
5766,Ramon Jose Diaz Chaves,,,4,cafe|restaurant,1.0,12345678,
5767,JUAN,,,1,restaurant,,12345678,
5768,MMG,,,1,restaurant,,12345678,
5769,Ana Isabel Martínez Ruiz,,,1,bar,1.0,12345678,
5770,Rosi Manjon,,,2,bar|restaurant,1.0,12345678,
5771,José Luis Rock&Blues,,,1,bar,1.0,12345678,
5772,juan carlos suarez,,,2,bar|restaurant,1.0,12345678,
5773,Juanjo L.,,,1,bar,1.0,12345678,
5774,Jose Benitez,,,1,bar,1.0,12345678,
5775,Maria Eugenia Gimenez Lombardo,,,1,bar,1.0,12345678,
5776,F Oc,,,2,cafe|bakery,1.0,12345678,
5777,Joyeria Vela Villacarrillo,,,1,bakery|cafe,1.0,12345678,
5778,Gonzalo Salido,,,1,bakery|cafe,1.0,12345678,
5779,prudencio villar sanchez,,,1,bakery|cafe,1.0,12345678,
5780,Miguel De la Torre Estrada,,,1,bakery|cafe,1.0,12345678,
5781,Gabriel Gallego Bustos,,,2,restaurant,,12345678,
5782,Marta Hidalgo,,,1,restaurant,,12345678,
5783,Iris Megías,,,1,restaurant,,12345678,
5784,Kira W.D,,,1,restaurant,,12345678,
5785,jaume andres,,,1,restaurant,,12345678,
5786,Francisco De La Torre Moya,,,2,cafe|restaurant,1.0,12345678,
5787,Esteban,,,1,cafe,,12345678,
5788,Padre Carras,,,1,cafe,,12345678,
5789,Vero Lopesino,,,1,cafe,,12345678,
5790,Alfonso David Fernández Muñoz,,,2,bar|restaurant,1.0,12345678,
5791,Bürge Turan Demircan,,,1,bar|restaurant,1.0,12345678,
5792,antonio gonzalez,,,1,restaurant,,12345678,
5793,primos dragon,,,1,restaurant,,12345678,
5794,Juani Jimenez Ruiz,,,1,restaurant,,12345678,
5795,Aroa Vázquez Recio,,,1,restaurant,,12345678,
5796,Luis Manjón,,,1,restaurant,,12345678,
5797,Juan José Fernández Sánchez,,,1,bar|restaurant,,12345678,
5798,Beggy Lorite,,,1,bar|restaurant,,12345678,
5799,Irene G,,,1,bar|restaurant,,12345678,
5800,Heliopolitano,,,1,bar|restaurant,,12345678,
5801,Inmaculada,,,1,bar|restaurant,,12345678,
5802,Elisabeth Gonzalez,,,1,restaurant,,12345678,
5803,Adia Traducciones Interpretación Simultánea,,,1,restaurant,1.0,12345678,
5804,Manuel González Campos,,,5,cafe|bakery|bar,1.0,12345678,
5805,Rocío Navarro,,,1,restaurant,1.0,12345678,
5806,Zira,,,1,cafe,,12345678,
5807,sergio JR,,,1,cafe,,12345678,
5808,Jose maria Lorite ochoa,,,2,bar,1.0,12345678,
5809,Alfonso Serrano Altarejos,,,1,bar,1.0,12345678,
5810,Agustín Ruiz Linares (AgustRuiz),,,1,bar,1.0,12345678,
5811,Eva Abarca,,,1,bar,1.0,12345678,
5812,Francis Cruz,,,1,cafe,,12345678,
5813,maxi quiroga,,,1,cafe,1.0,12345678,
5814,Antonio Mejias Martnez,,,1,cafe,,12345678,
5815,Binome El Surenyo,,,1,cafe,,12345678,
5816,Mirella Soria Martínez,,,1,restaurant,1.0,12345678,
5817,Blanca Farnós Hernández,,,2,restaurant,1.0,12345678,
5818,Alejandro Pérez Roda,,,1,restaurant,1.0,12345678,
5819,Irene Beltrán,,,2,Bar|restaurant,1.0,12345678,
5820,Rosario Rios,,,1,bar|restaurant,1.0,12345678,
5821,Judit Barrera,,,1,bar|restaurant,1.0,12345678,
5822,Julian Puerta Bravo,,,1,bar|restaurant,1.0,12345678,
5823,Mar Arribas,,,1,restaurant,1.0,12345678,
5824,Aranxa Alcolea Flores,,,1,restaurant,1.0,12345678,
5825,Ariadna García Maya,,,1,restaurant,1.0,12345678,
5826,Alba Cámara Rodríguez,,,1,restaurant,1.0,12345678,
5827,Daniel Pardo Ferrando,,,1,restaurant,1.0,12345678,
5828,Beatriz García,,,1,restaurant,,12345678,
5829,Laura Nieto Garrido,,,2,bar|restaurant,1.0,12345678,
5830,Elena Nieto Garrido,,,2,bar|restaurant,1.0,12345678,
5831,Isidoro mf,,,1,restaurant,,12345678,
5832,Carlos Rodriguez,,,1,restaurant,,12345678,
5833,Marisa Vilches,,,1,restaurant,,12345678,
5834,Andrea Muñoz,,,2,restaurant|bar,1.0,12345678,
5835,Xana Martinez,,,1,restaurant,1.0,12345678,
5836,Kiles 71,,,1,restaurant,1.0,12345678,
5837,ENRIQUE0310,,,1,restaurant,1.0,12345678,
5838,MARÍA CASAS,,,1,bakery,,12345678,
5839,Agueda Martinez Galera,,,1,bakery,,12345678,
5840,Chiscu Mapez,,,1,bakery,,12345678,
5841,Antonio Jesus Armenteros,,,1,bakery,,12345678,
5842,Patricia Marín,,,2,restaurant|cafe,,12345678,
5843,carlos parra,,,1,cafe|restaurant,,12345678,
5844,Jose R. Diaz,,,1,cafe|restaurant,,12345678,
5845,Salvador Espino,,,1,cafe|restaurant,1.0,12345678,
5846,ROSALIA MARTINEZ,,,1,cafe|restaurant,1.0,12345678,
5847,Rocio,,,1,restaurant,,12345678,
5848,Irene Rama Maigler,,,1,restaurant,,12345678,
5849,Sonia Román Fdez,,,1,restaurant,,12345678,
5850,Lucia García,,,1,restaurant,,12345678,
5851,Manuel Gallego,,,1,restaurant,,12345678,
5852,Aurora Wright,,,1,restaurant,,12345678,
5853,José Jimenez,,,1,restaurant,,12345678,
5854,Mery Blody,,,1,restaurant,,12345678,
5855,Yolanda Plaza,,,1,meal_takeaway|restaurant,1.0,12345678,
5856,inmaculada ramirez,,,1,meal_takeaway|restaurant,,12345678,
5857,Maria Martinez rodriguez,,,1,meal_takeaway|restaurant,,12345678,
5858,Elisa Ramos,,,1,restaurant,1.0,12345678,
5859,José Miguel Rangel,,,1,restaurant,1.0,12345678,
5860,J. Carlos P.M.,,,1,restaurant,1.0,12345678,
5861,Jesús González,,,0,,,12345678,
5862,Fam CJ,,,0,,,12345678,
5863,Manu MD,,,0,,,12345678,
5864,Correcaminos,,,0,,,12345678,
5865,Jesús V García,,,0,,,12345678,
5866,juana maria quesada garrido,,,1,cafe,,12345678,
5867,Pepe camuñas,,,1,cafe,,12345678,
5868,Juan J. Cruz,,,1,cafe,,12345678,
5869,María NG,,,1,cafe,,12345678,
5870,Bubble Smash,,,1,bar|restaurant,1.0,12345678,
5871,Bea,,,1,bar|restaurant,1.0,12345678,
5872,rosario borrego,,,1,bar|restaurant,1.0,12345678,
5873,Eduardo Robles Gonzalez,,,1,bar|restaurant,1.0,12345678,
5874,Coro peña,,,1,bar|restaurant,1.0,12345678,
5875,Alba Padrino,,,1,bar,,12345678,
5876,Laura S.P.,,,1,bar,,12345678,
5877,Teresa Martínez,,,1,bar,,12345678,
5878,María Tornero Rodríguez,,,1,bar,,12345678,
5879,ISA CGC,,,1,bar,,12345678,
5880,Sierra Las Villas,,,1,bar,,12345678,
5881,Francisco Lopez Torres,,,1,bar,,12345678,
5882,PEDRO JAVIER ORTEGA GUIRADO,,,1,bar,,12345678,
5883,Iznatoraf Jaen,,,2,bar|cafe,,12345678,
5884,dani hernandez,,,1,bar,,12345678,
5885,Aaron Martinez,,,1,bar,,12345678,
5886,Manuel Perez de la Rosa,,,1,bar,,12345678,
5887,Merche Hernández,,,1,bar,,12345678,
5888,Nuria Ibeas,,,1,bar,,12345678,
5889,Amaia Pinillos,,,1,bar,,12345678,
5890,L.Luna Vilchez,,,2,bar|meal_takeaway|restaurant,,12345678,
5891,Dominique Sestillange,,,1,bar,,12345678,
5892,Alvaro Recio,,,1,cafe,,12345678,
5893,Pedro Leal Pinel,,,1,cafe,,12345678,
5894,M. ÁNGELES SEGARRA SÁNCHEZ,,,0,,,12345678,
5895,Andreea Mirica,,,0,,,12345678,
5896,Luis MM EA,,,0,,,12345678,
5897,Elena Marin,,,0,,,12345678,
5898,Josema Caser,,,0,,,12345678,
5899,ricardo Lavernia,,,1,restaurant,1.0,12345678,
5900,Ainara Salas Laredo,,,1,restaurant,1.0,12345678,
5901,Nico S. F.,,,1,restaurant,1.0,12345678,
5902,Manuela Aránega del Río,,,1,restaurant,1.0,12345678,
5903,Tía Mari Huevo,,,1,restaurant,1.0,12345678,
5904,Lola Rivas olmedo,,,1,cafe|restaurant,,12345678,
5905,Merche Muñoz,,,1,cafe|restaurant,,12345678,
5906,Elvira Conde,,,1,cafe|restaurant,,12345678,
5907,Cádiz 1980,,,1,cafe|restaurant,,12345678,
5908,Conchi García,,,2,bar|cafe|restaurant,1.0,12345678,
5909,Mª Jesus Navarro Jimenez,,,0,,,12345678,
5910,Visitacion Rodríguez Palomares,,,0,,,12345678,
5911,Andrea P,,,2,bar|restaurant,1.0,12345678,
5912,Julian Plaza,,,2,bar|cafe|restaurant,1.0,12345678,
5913,tirso abril mezquita,,,1,bar,1.0,12345678,
5914,Raúl cano cameros,,,1,bar|cafe|meal_takeaway,1.0,12345678,
5915,Ana Maria,,,1,bar|cafe|meal_takeaway,1.0,12345678,
5916,Borja Villares,,,1,bar|cafe|meal_takeaway,,12345678,
5917,Jesús Cantero Sánchez,,,1,cafe,,12345678,
5918,Francisco Jose Del Pozo,,,3,cafe|bakery,1.0,12345678,
5919,María José MG,,,1,cafe,,12345678,
5920,Angeles Fernandez,,,1,cafe,,12345678,
5921,Electroromera outletelectricidad,,,1,bar|night_club,,12345678,
5922,Mariany Añez,,,1,bar|night_club,,12345678,
5923,Luciallc Luciallk,,,1,bar|night_club,,12345678,
5924,Rafa García Ruiz,,,1,bar|night_club,,12345678,
5925,Manuel Berbel muñoz,,,1,bar|restaurant,1.0,12345678,
5926,Esperanza Victoria,,,1,bar|restaurant,1.0,12345678,
5927,Adielo S.F.,,,1,bar|restaurant,1.0,12345678,
5928,Angel Benito,,,1,bar|restaurant,1.0,12345678,
5929,CSM,,,1,restaurant,,12345678,
5930,Julia Rojano,,,1,restaurant,,12345678,
5931,Adrián Rodríguez García,,,1,restaurant,1.0,12345678,
5932,Yolanda Yoli,,,1,restaurant,1.0,12345678,
5933,Lola Lopez,,,2,restaurant,,12345678,
5934,Carlos Herguedas,,,1,bakery,1.0,12345678,
5935,María Del Mar Sanchez,,,1,bakery,1.0,12345678,
5936,Antonio Canton,,,1,restaurant,,12345678,
5937,Ramón Rico,,,1,restaurant,,12345678,
5938,Eduardo Rabasco,,,1,restaurant,,12345678,
5939,Maria Jose Robles Chinchilla,,,1,restaurant,,12345678,
5940,Edu Cañizares,,,1,restaurant,,12345678,
5941,Jairo Carcelen Ruiz,,,1,restaurant,,12345678,
5942,Adam Bennouna jmili,,,2,restaurant,,12345678,
5943,Jose Roman,,,1,bakery,,12345678,
5944,Guillermo Lorente,,,1,bakery,,12345678,
5945,Olmedo Tour,,,1,bar,2.0,12345678,
5946,Jose GONZALEZ LEON,,,2,bar|restaurant,2.0,12345678,
5947,Pitblack,,,1,bar,2.0,12345678,
5948,Almudena Rodríguez,,,1,bar,2.0,12345678,
5949,Nat,,,1,bar,,12345678,
5950,Jesús Martín Ramos,,,1,bakery,,12345678,
5951,Juditworld,,,1,bakery,,12345678,
5952,JUAN JOSE FRIAS RODELGO,,,1,bakery,,12345678,
5953,Eloy Garcia,,,1,restaurant,,12345678,
5954,Jaime Soria Valero,,,1,restaurant,,12345678,
5955,Rocío Moreno,,,1,restaurant,,12345678,
5956,Leo Guzmán,,,1,restaurant,,12345678,
5957,yolanda franco,,,1,restaurant,,12345678,
5958,Ricardo Aire,,,1,restaurant,,12345678,
5959,teresa babiloni,,,1,restaurant,,12345678,
5960,Raul Labrador,,,1,restaurant,,12345678,
5961,Esther M.M,,,1,restaurant,,12345678,
5962,Estefania G.S.,,,1,bar,,12345678,
5963,Antonio Suarezboza,,,2,bakery|bar,,12345678,
5964,Isabel Pérez Pérez,,,1,bar,,12345678,
5965,Jose Antonio Martínez Delgado,,,1,bar,,12345678,
5966,Toni,,,2,bar,3.0,12345678,
5967,Izar Pérez Lara,,,1,cafe,1.0,12345678,
5968,Rebeca Vega,,,1,cafe,1.0,12345678,
5969,Maria Sanchez,,,1,cafe,1.0,12345678,
5970,Flor Flor,,,1,cafe,1.0,12345678,
5971,Melina Lopes Ruiz,,,1,restaurant,,12345678,
5972,Sergio García,,,1,restaurant,,12345678,
5973,Owen Miles,,,1,restaurant,,12345678,
5974,Jose Miguel Aibar Gonzalez,,,1,restaurant,,12345678,
5975,Magda Sevilla,,,0,,,12345678,
5976,emilioj. aranda corona,,,0,,,12345678,
5977,Arturo Ferreras,,,0,,,12345678,
5978,Eva orce,,,0,,,12345678,
5979,Shakil Ahmed,,,0,,,12345678,
5980,Juan Lopez,,,2,bar,2.0,12345678,
5981,Amalia Hidalgo De La Torre,,,0,,,12345678,
5982,Sabrina Moreno,,,0,,,12345678,
5983,Muebles Carrascosa,,,1,bar|restaurant,,12345678,
5984,Amparo Gimenez,,,2,bar|restaurant,,12345678,
5985,Jose Romo Hidalgo,,,1,bar|restaurant,,12345678,
5986,jose manuel montes jimenez,,,1,bar|restaurant,,12345678,
5987,Marina RoRo,,,1,bar|restaurant,,12345678,
5988,miguel angel Ayala,,,1,bar|restaurant,,12345678,
5989,Ros Sanchez,,,1,bar|restaurant,,12345678,
5990,Mayte Pérez,,,1,bar|restaurant,,12345678,
5991,María Sanjuanbenito,,,1,bar|restaurant,,12345678,
5992,barbara ramirez,,,1,bar|restaurant,,12345678,
5993,Cris Cris,,,2,bar|restaurant,2.0,12345678,
5994,che perez,,,0,,,12345678,
5995,Mago oz mitua,,,0,,,12345678,
5996,Jose Antonio Garcia Lopez,,,0,,,12345678,
5997,Rio MusicShow,,,1,bar|restaurant,1.0,12345678,
5998,Olivia,,,2,restaurant|bar,1.0,12345678,
5999,Juan Antonio Rubio,,,1,bar|restaurant,1.0,12345678,
6000,Belen Jusa,,,1,bar|restaurant,1.0,12345678,
6001,JUAN RODRÍGUEZ ORTEGA,,,1,bar|restaurant,1.0,12345678,
6002,Nuria,,,2,restaurant|bar|cafe,1.0,12345678,
6003,Fran Martos,,,1,bar|cafe|restaurant,1.0,12345678,
6004,Janire Alfranca,,,1,bar|cafe|restaurant,1.0,12345678,
6005,Consuelo,,,2,cafe|bar|restaurant,1.0,12345678,
6006,vanessa castro,,,0,,,12345678,
6007,Alonso Ruiz,,,0,,,12345678,
6008,israel gonzalez bueno,,,0,,,12345678,
6009,inocente callejas frutos,,,0,,,12345678,
6010,Eva María Duque,,,0,,,12345678,
6011,RAFAEL CAMINO LEÓN,,,1,restaurant,,12345678,
6012,Eduardo W. Sánchez Godoy,,,2,bar|restaurant,,12345678,
6013,Joaquín Manuel Mendoza Rus,,,1,restaurant,,12345678,
6014,David Rodríguez McDonough,,,2,restaurant,,12345678,
6015,Mara Macías,,,1,restaurant,,12345678,
6016,Susana Jiménez,,,1,restaurant,,12345678,
6017,Alfonso Sancho Rodríguez,,,3,restaurant|bar,1.0,12345678,
6018,Tom,,,1,restaurant,,12345678,
6019,SONIA Gonzalez,,,2,cafe|restaurant,,12345678,
6020,Francisco José Hernández Martínez,,,1,cafe,,12345678,
6021,Luis Manuel (LM),,,1,cafe,,12345678,
6022,Sonia Pérez,,,1,bar|cafe|restaurant,,12345678,
6023,Pilar Pérez,,,1,bar|cafe|restaurant,,12345678,
6024,Sandrix,,,1,bar|cafe|restaurant,,12345678,
6025,Natalia Jarillo Del Pliego,,,1,bar|cafe|restaurant,,12345678,
6026,Macarena Sánchez Vázquez,,,1,bar|cafe|restaurant,,12345678,
6027,Rocio Molina Martinez,,,0,,,12345678,
6028,J. L. Bayo,,,0,,,12345678,
6029,Fran,,,2,bar|restaurant|taberna,1.5,12345678,
6030,Gema Cofrades,,,2,bar|cafe|restaurant,1.0,12345678,
6031,gloria tapiador serrano,,,1,restaurant,,12345678,
6032,Eduardo Guerrero,,,1,restaurant,,12345678,
6033,Juan Bomba,,,1,restaurant,,12345678,
6034,P M,,,1,bakery,,12345678,
6035,Carmen Martinez,,,1,bakery,,12345678,
6036,Margarita Illan,,,1,bakery,,12345678,
6037,Margarita Prados Ortega,,,1,bakery,,12345678,
6038,AMPARO RUBIÑO,,,1,bakery,,12345678,
6039,Paco Gines,,,1,bakery,,12345678,
6040,Blas Warner,,,5,bar|bakery|cafe,,12345678,
6041,Federico Vasco,,,1,bakery,,12345678,
6042,qJuan Sanchez,,,1,bakery,,12345678,
6043,nahi. m.l,,,1,bakery,,12345678,
6044,Alex Del Arco,,,1,bar|cafe,,12345678,
6045,Danny Cárdenas,,,1,bar|cafe,,12345678,
6046,Juan Manuel Oliveras Navarro,,,1,bar|cafe,,12345678,
6047,Isaac Gomez Naranjo,,,1,bar|cafe,,12345678,
6048,Pablo Vidal,,,1,bar,1.0,12345678,
6049,Isabel Ramírez,,,1,bar,1.0,12345678,
6050,Teresa C,,,4,restaurant|bar|cafe,1.33,12345678,
6051,Álvaro Carrasco Casals,,,3,bar|restaurant,1.33,12345678,
6052,Faus,,,1,bar,1.0,12345678,
6053,Jose Heras,,,1,bar,,12345678,
6054,Jorge Rus,,,1,bar,,12345678,
6055,eduardo rosello agudo,,,1,bar,,12345678,
6056,José Manuel Sánchez Moreno,,,1,bar,,12345678,
6057,Lisbeth Montiel,,,1,bar|cafe,,12345678,
6058,Maria Teresa Carrión,,,1,bar|cafe,1.0,12345678,
6059,Mariana Gómez.,,,1,bar|cafe,1.0,12345678,
6060,Cris Cicatriz,,,1,bar|cafe,1.0,12345678,
6061,Soraya Fernandez,,,1,bar|restaurant,1.0,12345678,
6062,Inma Domínguez,,,1,bar|restaurant,1.0,12345678,
6063,Rafael Jiménez García,,,1,bar|restaurant,1.0,12345678,
6064,Sandra Bermudez Jimenez,,,1,bar|restaurant,1.0,12345678,
6065,Tirma Herranz,,,1,bar|restaurant,1.0,12345678,
6066,Felipe Prados Ortega,,,1,bar,,12345678,
6067,Alexandra Lara lara,,,1,bar,,12345678,
6068,M Lour,,,1,bar,,12345678,
6069,Mercedes Pardo,,,1,bar|restaurant,,12345678,
6070,Mireia R. G.,,,1,bar|restaurant,,12345678,
6071,Samux,,,1,bar|restaurant,,12345678,
6072,e c,,,1,bar|restaurant,,12345678,
6073,Anmaju “AMJ”,,,1,bar|restaurant,,12345678,
6074,Mohamed Bagdad,,,1,night_club,,12345678,
6075,Gonzalito Cordobés,,,1,night_club,,12345678,
6076,Panadeitor Xbox,,,1,night_club,,12345678,
6077,Juanjo Pérez,,,1,night_club,,12345678,
6078,Fran Muñoz,,,1,restaurant,2.0,12345678,
6079,Esther Gallego Martínez,,,1,restaurant,2.0,12345678,
6080,Juan Manuel Conesa Martinez,,,1,restaurant,2.0,12345678,
6081,Jose Vargas,,,1,bar|restaurant,,12345678,
6082,OLIVIA-VALERIA LEBRON GONZALEZ,,,1,bar|restaurant,1.0,12345678,
6083,Andres,,,1,bar|restaurant,1.0,12345678,
6084,Maria Jesus Alemán Moreno,,,1,restaurant,,12345678,
6085,Angela,,,1,restaurant,,12345678,
6086,Happycakesbenidorm,,,1,restaurant,,12345678,
6087,G. J.H,,,1,restaurant,,12345678,
6088,Eva De Castro Ortiz,,,1,restaurant,1.0,12345678,
6089,j sanz,,,1,restaurant,,12345678,
6090,Nando García,,,2,restaurant|bar,1.5,12345678,
6091,KMD,,,1,restaurant,1.0,12345678,
6092,Fernando Gallardo,,,1,meal_takeaway|restaurant,,12345678,
6093,Styl,,,1,meal_takeaway|restaurant,,12345678,
6094,Yogui PitBull,,,1,restaurant,1.0,12345678,
6095,Tarik Jiménez Contreras,,,1,restaurant,,12345678,
6096,Tim Jr,,,1,restaurant,,12345678,
6097,Othman Bouita akif,,,1,restaurant,,12345678,
6098,AHIVASTUDIOS,,,1,restaurant,2.0,12345678,
6099,Esther Heredia,,,1,restaurant,2.0,12345678,
6100,Fillobiker - FILLO,,,1,restaurant,2.0,12345678,
6101,alejandro morillo iglesias,,,1,restaurant,2.0,12345678,
6102,Diego Jiménez García,,,2,bakery|restaurant,1.5,12345678,
6103,Julia Toledo,,,1,bakery,1.0,12345678,
6104,Ascensión Rodriguez,,,1,bakery,1.0,12345678,
6105,Alicia Martín,,,1,bakery,1.0,12345678,
6106,hassan azalim,,,1,restaurant,,12345678,
6107,Juan Jose Garrido García,,,1,restaurant,,12345678,
6108,Faisal Rahman,,,1,restaurant,,12345678,
6109,Nick Brook,,,1,restaurant,,12345678,
6110,ade gumilar,,,1,restaurant,,12345678,
6111,NICAR,,,1,bakery,,12345678,
6112,Estephania Perez,,,1,bakery,1.0,12345678,
6113,marta cd,,,1,bakery,,12345678,
6114,sonia reina contreras,,,1,bakery,1.0,12345678,
6115,Odri Jaén Sur,,,2,bakery|restaurant,1.0,12345678,
6116,Isanbar,,,1,bar|cafe,1.0,12345678,
6117,Arkaitz Marteles,,,1,bar|cafe,1.0,12345678,
6118,Alicia Perez,,,1,bar|cafe,1.0,12345678,
6119,Nerea Segovia,,,1,bar|cafe,1.0,12345678,
6120,juan frejo,,,1,bar|cafe,1.0,12345678,
6121,Laura Fabra Jiménez,,,1,bakery,,12345678,
6122,Ainhoa Román Fernández,,,1,bakery,,12345678,
6123,Montse Bermudez,,,1,bakery,,12345678,
6124,Adela,,,2,bakery|taberna,2.0,12345678,
6125,Alfonso Barrios Sanz,,,1,bakery,,12345678,
6126,Iván y Lidia Martínez-Quintanilla,,,1,bar,1.0,12345678,
6127,Carlos López Perales,,,1,bar,1.0,12345678,
6128,Cristina Ortega,,,3,Bar|bar|restaurant,1.67,12345678,
6129,hector,,,1,bar,,12345678,
6130,Javier Scarceles,,,1,bar|night_club,1.0,12345678,
6131,R.L.S,,,1,bar|night_club,1.0,12345678,
6132,270plus,,,1,bar|night_club,,12345678,
6133,Sergio Montiel martin,,,1,bar|night_club,1.0,12345678,
6134,Eva Corcuera Torres,,,1,bar|night_club,,12345678,
6135,ACEITES ANDOLUCAS,,,1,bakery,1.0,12345678,
6136,Rebeca Colmenero,,,1,bakery,,12345678,
6137,juan jose lucas valcarcel,,,1,bakery,1.0,12345678,
6138,Amalia Boluda,,,1,bakery,1.0,12345678,
6139,Agustín Caballero,,,1,bakery,1.0,12345678,
6140,Er Peter,,,1,restaurant,,12345678,
6141,Cristóbal M y H,,,1,bar,1.0,12345678,
6142,feote 1,,,1,bar,,12345678,
6143,Jose Antonio Bustos (Trastos Viejos),,,1,bar,1.0,12345678,
6144,Alfonso Diaz Morales,,,1,bar,1.0,12345678,
6145,Pilar Mateos Septiembre,,,1,bar,,12345678,
6146,Esther Segura calabria,,,1,bar,,12345678,
6147,Franbw 10,,,1,bar,,12345678,
6148,marta herreeo,,,1,bar,,12345678,
6149,Juan Fernández flores,,,1,bar,,12345678,
6150,Jesus Aguilar,,,1,bar,,12345678,
6151,David Aguilar,,,1,bar,,12345678,
6152,Ricardo Gil,,,1,bar,,12345678,
6153,Eloy Quesada,,,1,restaurant,1.0,12345678,
6154,A. Medina,,,1,restaurant,1.0,12345678,
6155,Manuel Sanchez,,,3,restaurant,1.0,12345678,
6156,Alee Al,,,1,restaurant,1.0,12345678,
6157,Charo Merino,,,1,restaurant,,12345678,
6158,Juanfran Rodriguez,,,2,restaurant,2.0,12345678,
6159,L M.,,,1,restaurant,,12345678,
6160,Álvaro Martínez,,,2,restaurant,2.0,12345678,
6161,ALEJANDRO MORALES,,,1,restaurant,1.0,12345678,
6162,Ruben Franco,,,1,restaurant,,12345678,
6163,Beatriz Garcia Cepeda,,,1,restaurant,1.0,12345678,
6164,Josué Sánchez Jiménez,,,0,,,12345678,
6165,Jose María Ruiz Rodriguez,,,0,,,12345678,
6166,Producciones PRF Arquillos,,,0,,,12345678,
6167,Lourdes Martinez,,,0,,,12345678,
6168,Alfonso Nieto Delgado,,,0,,,12345678,
6169,Aroa Armijo,,,1,bakery,1.0,12345678,
6170,Andrés Cabrera Sequera,,,1,bakery,1.0,12345678,
6171,margarita garcia jurado,,,1,bakery,1.0,12345678,
6172,Filo Valderas,,,1,bakery,1.0,12345678,
6173,Agustin Herrera,,,1,cafe,,12345678,
6174,Paco Ruera,,,1,cafe,,12345678,
6175,Dorka Batista,,,1,cafe,,12345678,
6176,Amalia Gil,,,1,cafe,,12345678,
6177,Jose Luis Torres Martínez,,,1,cafe,1.0,12345678,
6178,Belén Sánchez,,,1,cafe,1.0,12345678,
6179,Antonia Torres Martínez,,,1,cafe,1.0,12345678,
6180,antonio Karpin,,,1,cafe,1.0,12345678,
6181,Luis Zapata Cozar,,,1,cafe,1.0,12345678,
6182,ricardo garcia,,,1,bar,1.0,12345678,
6183,Luisa Carrasco Armijo,,,1,bar,1.0,12345678,
6184,manuel raya garcia,,,1,bar,1.0,12345678,
6185,Juan Checa Torrubia,,,2,bar|restaurant,1.0,12345678,
6186,Alejandro Fornell Martinez,,,1,bar,1.0,12345678,
6187,Triple Nieve,,,1,restaurant,,12345678,
6188,ANA MARÍA MENDOZA BARCELONA,,,1,restaurant,,12345678,
6189,Ana María García,,,2,restaurant,2.0,12345678,
6190,LUIS PLANES GARCIA,,,1,restaurant,,12345678,
6191,miguel angel madrid-salvador ramirez,,,3,restaurant|cafe,,12345678,
6192,Jose A. Gómez,,,1,restaurant,,12345678,
6193,We Weddings,,,1,restaurant,,12345678,
6194,Biker U,,,1,restaurant,,12345678,
6195,Miguel Ángel Burgos,,,4,restaurant,1.25,12345678,
6196,Pedro Luis Ibáñez Rodriguez,,,1,restaurant,1.0,12345678,
6197,D MD,,,1,restaurant,1.0,12345678,
6198,Elisa Martin Jimenez,,,1,restaurant,1.0,12345678,
6199,Elmo Chazo,,,0,,,12345678,
6200,The Trucker,,,0,,,12345678,
6201,Rebeca Infante Valencia,,,0,,,12345678,
6202,Mario Suárez Galvín,,,0,,,12345678,
6203,ana maria ion,,,0,,,12345678,
6204,Pedro Macias,,,1,restaurant,1.0,12345678,
6205,YASMINA MARTINEZ,,,1,restaurant,1.0,12345678,
6206,Meri Meri,,,1,restaurant,1.0,12345678,
6207,Aidely,,,1,restaurant,2.0,12345678,
6208,Celia PDuran,,,1,restaurant,,12345678,
6209,David Jiménez Solera,,,1,restaurant,2.0,12345678,
6210,Rebeca Pérez,,,1,restaurant,2.0,12345678,
6211,Ángela Díaz López,,,1,restaurant,,12345678,
6212,BRM,,,1,restaurant,,12345678,
6213,vartelejkata V,,,1,restaurant,,12345678,
6214,Manuel Gomez,,,1,restaurant,,12345678,
6215,Miguel Vago,,,1,restaurant,,12345678,
6216,A Chm,,,1,bakery,,12345678,
6217,Rafa Ruiz,,,2,bakery,,12345678,
6218,MariC CC,,,1,bakery,1.0,12345678,
6219,PVM TCCT,,,1,bakery,,12345678,
6220,restitutio integrum,,,1,bakery,1.0,12345678,
6221,Ana Vila,,,1,restaurant,,12345678,
6222,Miguel_tr6,,,1,restaurant,,12345678,
6223,Cruz Barrionuevo,,,2,bar|restaurant,,12345678,
6224,Nancy Made,,,1,bar,,12345678,
6225,Paula Guinot,,,1,bar,,12345678,
6226,Diego Jokano,,,1,bar,,12345678,
6227,Mel Kruse,,,2,restaurant,1.5,12345678,
6228,Isabel María Verdú García,,,2,restaurant,1.5,12345678,
6229,José Luis Serrano,,,2,restaurant,1.5,12345678,
6230,Amalia Garcia,,,2,restaurant,1.5,12345678,
6231,Francisco Manuel Sánchez,,,2,restaurant,1.5,12345678,
6232,ana maria romerosa arias,,,2,Restaurante|restaurant,1.5,12345678,
6233,Alicice,,,2,restaurant,1.5,12345678,
6234,Elena Sánchez,,,1,restaurant,1.0,12345678,
6235,Mateo Romero Beitez,,,1,restaurant,1.0,12345678,
6236,Marta Palacios Romero,,,1,bar|restaurant,1.0,12345678,
6237,Vicente,,,1,bar|restaurant,,12345678,
6238,Angela Ponferrada,,,1,bar|restaurant,,12345678,
6239,Patricia Martínez Molina,,,1,bar|restaurant,,12345678,
6240,Manuel Parra Lucha,,,1,bar|restaurant,,12345678,
6241,Ginés G.G.,,,0,,,12345678,
6242,JUAN sanchez,,,0,,,12345678,
6243,Antone Vazquez,,,0,,,12345678,
6244,Bru Ja,,,0,,,12345678,
6245,Silvia Rodriguez,,,1,bakery,,12345678,
6246,J. M. E.,,,1,bakery,,12345678,
6247,Á A,,,2,bakery|restaurant,,12345678,
6248,Miguel Aznar,,,1,bakery,,12345678,
6249,Javier Roldán Beas,,,1,bakery,,12345678,
6250,Elena Escribano,,,1,cafe,,12345678,
6251,Emilio Morcillo Moreno,,,1,cafe,,12345678,
6252,Theo Rosier,,,1,cafe,,12345678,
6253,Rocio Medina,,,1,cafe,,12345678,
6254,Álvaro Cuadros,,,1,cafe,,12345678,
6255,Cris,,,1,restaurant,,12345678,
6256,enrique palacios,,,1,restaurant,,12345678,
6257,Elena Martos Extremera,,,1,restaurant,,12345678,
6258,Javi Díez Díaz,,,1,restaurant,,12345678,
6259,Felipe Lopez martinez,,,1,bar,,12345678,
6260,Pablo García Blasco,,,1,bar,,12345678,
6261,Víctor Checa Moreno,,,1,bar,,12345678,
6262,EMGV27,,,1,bar,,12345678,
6263,María Francisca González Martínez,,,1,bar,,12345678,
6264,Inma Jiménez,,,1,bar,1.0,12345678,
6265,juan francisco garcia torres,,,1,bar,1.0,12345678,
6266,Manuel Jesús,,,4,restaurant|bar,1.67,12345678,
6267,Mateo Vidal Arco Jimenez,,,1,bar,1.0,12345678,
6268,Marc zaragoza jover,,,1,bar,,12345678,
6269,Maria Cervilla Campos,,,1,bar,,12345678,
6270,Pilar Rodríguez,,,1,bar,,12345678,
6271,Manoli san,,,1,bar,,12345678,
6272,Juancar Morales,,,1,bar,,12345678,
6273,Daniel Peinado espín,,,1,bar,1.0,12345678,
6274,juan Castillo,,,2,bar,1.0,12345678,
6275,Encarna Sanchez Tavira,,,1,bar,1.0,12345678,
6276,Montse Reino fernandez,,,1,bar,1.0,12345678,
6277,Violeta K F,,,1,bar,1.0,12345678,
6278,Ivan Llana,,,1,bar|restaurant,1.0,12345678,
6279,Matías Navarro,,,1,bar|restaurant,1.0,12345678,
6280,Gustavo Jimenez,,,1,bar|restaurant,1.0,12345678,
6281,A SS,,,3,bar|cafe|restaurant,,12345678,
6282,Elena Marqués,,,1,bar|restaurant,1.0,12345678,
6283,Enrique Huetos,,,1,bar,,12345678,
6284,Tamara Rozas Gutierrez,,,1,bar,,12345678,
6285,Roberto Ugena,,,1,bar,,12345678,
6286,Juan Carlos Lozano,,,1,bar,,12345678,
6287,Aitor García navarro,,,1,bar,,12345678,
6288,juan jose idañez hervas,,,1,bar,1.0,12345678,
6289,Sebastian Garcia Lorite,,,2,bar|cafe,1.0,12345678,
6290,Hector Linares Linares,,,1,bar,1.0,12345678,
6291,Jose Manuel Leal Gomez,,,1,bar,1.0,12345678,
6292,NIKO,,,1,cafe,1.0,12345678,
6293,Luisa Ruiz Martinez,,,1,cafe,1.0,12345678,
6294,Yayo Moreno,,,2,bar|cafe,1.0,12345678,
6295,Quintín Ruiz Díaz,,,1,bakery,,12345678,
6296,Angela sanchez magaña,,,1,bakery,,12345678,
6297,Abel Rasero Rodríguez,,,1,bakery,,12345678,
6298,Juani Hurtado Moreno,,,1,bakery,,12345678,
6299,Carmen Maria Martinez Segura,,,1,bakery,,12345678,
6300,Curiya 17,,,1,bar,,12345678,
6301,Pablo R.,,,1,bar,,12345678,
6302,Loli Anaya Ucles,,,1,bar,,12345678,
6303,Santiago Langreo,,,1,restaurant,1.0,12345678,
6304,David Remacha,,,2,cafe|restaurant,1.0,12345678,
6305,JD Taranilla,,,1,restaurant,,12345678,
6306,David Martínez Vicente,,,1,restaurant,,12345678,
6307,Mª Dolores mdbf,,,3,bakery|restaurant,1.0,12345678,
6308,Hardware Point,,,1,restaurant,,12345678,
6309,Nuria Bravo,,,1,restaurant,,12345678,
6310,jose julian alarcon palomar,,,2,restaurant,1.5,12345678,
6311,Mara Sellés,,,1,restaurant,,12345678,
6312,Miguel Ángel García Suárez (Chapu),,,5,bar|cafe|restaurant,1.0,12345678,
6313,Aitana Sánchez,,,1,restaurant,,12345678,
6314,Alvaro Navarro,,,2,bar|restaurant,,12345678,
6315,javi javi,,,1,bar,,12345678,
6316,rada Gvozdenovic,,,0,,,12345678,
6317,Carmen Ballester Gómez,,,0,,,12345678,
6318,Gabiga11,,,0,,,12345678,
6319,Missdeprit,,,0,,,12345678,
6320,Paco Quico,,,3,cafe|bar|restaurant,2.0,12345678,
6321,JOSE TORDESILLAS SÁNCHEZ,,,1,cafe,,12345678,
6322,Antonio Jesús Carrion Tello,,,2,cafe|restaurant,,12345678,
6323,Fran Zurita,,,1,restaurant,,12345678,
6324,Antonio Martínez Berrio,,,1,restaurant,,12345678,
6325,mara merchante de julian,,,1,restaurant,,12345678,
6326,Esmeralda Franco,,,1,restaurant,,12345678,
6327,Monica PR,,,1,bar|cafe,,12345678,
6328,silvia magdaleno,,,1,bar|cafe,,12345678,
6329,Sergio Bueno,,,1,bar|restaurant,,12345678,
6330,Antonio Jose Lozano lopez,,,1,bar|restaurant,,12345678,
6331,pepe gonzalez,,,1,bar|restaurant,,12345678,
6332,José Luis,,,1,bakery,,12345678,
6333,Belen Mora martinez,,,1,bakery,,12345678,
6334,Laila,,,1,cafe,,12345678,
6335,Jessica Tauste López,,,1,cafe,,12345678,
6336,Maria Victoria De las Vecillas,,,1,cafe,,12345678,
6337,Elisa M,,,1,cafe,,12345678,
6338,Miguel de la Torre Perez,,,1,bar|cafe,1.0,12345678,
6339,a t,,,1,bar|cafe,1.0,12345678,
6340,Tomas Sánchez,,,1,bar|cafe,1.0,12345678,
6341,Rafa Justicia Justicia,,,1,bakery,,12345678,
6342,Pedro Fernandez,,,1,bakery,,12345678,
6343,Roberto Cañizares,,,1,bakery,,12345678,
6344,Pedro Morcillo,,,1,bar,,12345678,
6345,Sergio González Caravaca,,,1,bar,,12345678,
6346,Carlos Lorente Sánchez,,,1,bar,,12345678,
6347,Mabrext03,,,1,bakery,,12345678,
6348,Leizar Segura,,,1,bakery,,12345678,
6349,Cristina Ortiz Pulido,,,1,restaurant,,12345678,
6350,Guillermo Moreno,,,1,restaurant,,12345678,
6351,Mikel,,,4,restaurant|bar,1.0,12345678,
6352,Sabrina Perez,,,1,restaurant,,12345678,
6353,Sayra Keber,,,1,restaurant,,12345678,
6354,noris lorena gonzalez barragan,,,1,restaurant,,12345678,
6355,Beatriz H,,,1,restaurant,,12345678,
6356,Fátima Vilaplana Bras,,,1,bar|restaurant,1.0,12345678,
6357,Jose Carlos Hermoso,,,1,bar|restaurant,1.0,12345678,
6358,pedro consuegra vivo,,,1,restaurant,1.0,12345678,
6359,Adrian Heredia Cespedes,,,1,restaurant,1.0,12345678,
6360,Alex González,,,1,restaurant,1.0,12345678,
6361,helena torres,,,1,restaurant,1.0,12345678,
6362,Fina Osuna,,,1,bar|restaurant,,12345678,
6363,Eric Diaz Osuna,,,1,bar|restaurant,,12345678,
6364,Fabrizzio Morales-Angulo,,,2,bar|restaurant,1.0,12345678,
6365,Maria Raya Fernandez,,,1,bar|restaurant,1.0,12345678,
6366,Ana Teruel Schaschek,,,1,bar,1.0,12345678,
6367,Marilina,,,2,bar|cafe,,12345678,
6368,Joao Paulo Sivas Dias,,,5,bar|cafe|night_club,1.0,12345678,
6369,Alla Ailarova,,,1,cafe,1.0,12345678,
6370,Niicol Dorado,,,1,cafe,1.0,12345678,
6371,Susana Garcia Ramos,,,1,cafe,,12345678,
6372,JUAN DIEGO ARANDA MEDINA,,,1,cafe,,12345678,
6373,Cristina Mena Escamilla,,,1,bakery,1.0,12345678,
6374,Bichoflux,,,1,bakery,1.0,12345678,
6375,Raül Largo Fontecha,,,4,bakery|restaurant,1.0,12345678,
6376,Lola Espuny,,,1,bakery,1.0,12345678,
6377,Jose Lagares,,,1,bakery,1.0,12345678,
6378,Ftmeireles Teixeira,,,1,bakery,,12345678,
6379,Xavier Berzal Roa,,,4,bar|bakery|cafe,1.0,12345678,
6380,Jose Manuel Cardenas Reina,,,1,bar,1.0,12345678,
6381,Carmen Martínez Villanueva,,,1,bar,1.0,12345678,
6382,Francisco Javier Alamo Gil,,,1,bar,1.0,12345678,
6383,ADRYAN ILIE,,,1,bar|cafe,1.0,12345678,
6384,Verónica MR,,,1,bar|cafe,1.0,12345678,
6385,Vida Agarimo,,,1,bakery,1.0,12345678,
6386,Inma Gonzalez-ortega,,,1,bakery,1.0,12345678,
6387,Ana B. G,,,1,bar|cafe,,12345678,
6388,Andrea Marín,,,1,bar|cafe,2.0,12345678,
6389,Javier Romero Señoret,,,1,bar|cafe,2.0,12345678,
6390,Juan Francisco Belmonte Soriano (WolfBelmi88),,,1,bar|cafe,2.0,12345678,
6391,Alfredo Pascual,,,1,bar|cafe,2.0,12345678,
6392,Rosa Prieto,,,1,bar,,12345678,
6393,Carlos Luna,,,1,bar,,12345678,
6394,antonio a morata,,,2,bar|restaurant,1.0,12345678,
6395,Elena Herrera Robles,,,1,bar,,12345678,
6396,nieves dias duque,,,1,bar,,12345678,
6397,José Luís Herrera Barbero,,,1,bar,,12345678,
6398,Candida Robles fernandez,,,1,bar,,12345678,
6399,Lola Gilabert,,,2,night_club|restaurant,2.0,12345678,
6400,Jose laguna,,,1,night_club,,12345678,
6401,Vicente Estrada Mendoza,,,2,bakery|night_club,,12345678,
6402,Luis Miguel Clavijo,,,1,night_club,,12345678,
6403,Maria Fernandez,,,4,restaurant|bar|night_club,1.67,12345678,
6404,Ch Tauseef,,,2,restaurant,,12345678,
6405,Cristina Ochando Sánchez,,,1,bar,,12345678,
6406,Javier Morales Atienza,,,1,bar,,12345678,
6407,Juan antonio Rivas plaza,,,1,bar,,12345678,
6408,Aaron Salazar Arredondo,,,1,night_club,,12345678,
6409,Buyo aibar lopez,,,2,bakery|cafe|restaurant,1.0,12345678,
6410,Ignacio Regueiro,,,1,restaurant,,12345678,
6411,José Culpián,,,1,restaurant,1.0,12345678,
6412,David Laita,,,4,bar|cafe|restaurant,1.5,12345678,
6413,Manuel Bueno Gómez,,,0,,,12345678,
6414,Mohombi M'Batter,,,0,,,12345678,
6415,Ana Isabel Heredia Jimenez,,,1,bar,,12345678,
6416,Miguel Angel Leon,,,0,,,12345678,
6417,Rosa Heredia Jacobe,,,0,,,12345678,
6418,Mónica Gonzalo Martinez,,,0,,,12345678,
6419,Ana Isabel,,,0,,,12345678,
6420,TEJOPULGUI,,,0,,,12345678,
6421,Charlie Gonzalez,,,2,restaurant,1.5,12345678,
6422,Eduardo Fandiño,,,0,,,12345678,
6423,Gonzalo Miró,,,0,,,12345678,
6424,ANGEL LOPEZ GARCIA,,,0,,,12345678,
6425,FJGM,,,1,cafe,,12345678,
6426,ADNAN MEZIANE,,,2,bakery|cafe,,12345678,
6427,Juan Friwind,,,3,bar|cafe|restaurant,1.0,12345678,
6428,Alejandro Martin,,,1,bar|restaurant,,12345678,
6429,Lucía Arévalo,,,1,bar|restaurant,,12345678,
6430,Paco Leon,,,1,bar|restaurant,,12345678,
6431,Juanjo Fdez,,,1,bar|restaurant,,12345678,
6432,Lisette Peñaloza,,,1,bar,1.0,12345678,
6433,Javier Perez,,,3,bar|cafe|restaurant,1.0,12345678,
6434,Jose Fernando Donaire Sanchez,,,1,bar,1.0,12345678,
6435,Emilia Castillo garcia,,,1,bar|restaurant,1.0,12345678,
6436,Txema Saborido Martin,,,1,bar|restaurant,1.0,12345678,
6437,Rafi Del Moral,,,1,bar|restaurant,1.0,12345678,
6438,Mireia,,,1,bakery|cafe,,12345678,
6439,Eva Rodríguez,,,1,bakery|cafe,,12345678,
6440,MJOSE RAMSAN,,,1,bakery|cafe,,12345678,
6441,juanmanuxw D,,,1,bar|restaurant,1.0,12345678,
6442,Francisco Rodriguez Perez,,,1,bar|restaurant,1.0,12345678,
6443,Jimmy,,,1,bar|restaurant,,12345678,
6444,IGNACIO José Cano Valero,,,1,night_club,1.0,12345678,
6445,Alberto Calahorro,,,1,night_club,1.0,12345678,
6446,Maite Cano,,,1,night_club,1.0,12345678,
6447,Pedro Bordal,,,1,night_club,1.0,12345678,
6448,José María Serrano García,,,1,night_club,1.0,12345678,
6449,Pedro I,,,1,bar|restaurant,,12345678,
6450,Faustino LoMe,,,1,bar|restaurant,,12345678,
6451,Selu martinez morales,,,1,bar|restaurant,,12345678,
6452,Juan Pedro Luna Botias,,,1,bar|restaurant,,12345678,
6453,Alejo Ortegón,,,1,bar|restaurant,,12345678,
6454,Lucia Anton,,,1,restaurant,1.0,12345678,
6455,Rosario Pastor Martinez,,,1,restaurant,,12345678,
6456,Jose maria Ropero,,,1,restaurant,1.0,12345678,
6457,Juanin Asturias,,,1,restaurant,,12345678,
6458,Antonio Garcia Martinez,,,1,restaurant,,12345678,
6459,Chari Muñoz,,,1,restaurant,,12345678,
6460,Arturo Lopez fernandez,,,1,restaurant,,12345678,
6461,María José Caiña,,,1,bar,,12345678,
6462,Jose Luis López Camins,,,1,bar,,12345678,
6463,JALCO13,,,2,bar,1.0,12345678,
6464,Manuel Ángel Muñoz Velasco,,,1,bar,,12345678,
6465,Juanjo Moneo,,,1,bar,1.0,12345678,
6466,Rodolfo Romera Valderas,,,1,bar,1.0,12345678,
6467,Cristina Pérez Jiménez,,,1,bar,1.0,12345678,
6468,Israel Liñán,,,1,bar,,12345678,
6469,Esther Moreno,,,1,bar,,12345678,
6470,Raul xitoo,,,1,bar,,12345678,
6471,José Carlos García,,,1,bar,,12345678,
6472,Jose A. Martínez Sedano,,,1,meal_takeaway|restaurant,,12345678,
6473,Adryan Martinez,,,1,meal_takeaway|restaurant,,12345678,
6474,Cristian Martínez,,,1,meal_takeaway|restaurant,,12345678,
6475,Carolina Sánchez,,,1,bakery,,12345678,
6476,Gerardo Coronil Casas,,,2,bakery,,12345678,
6477,Marimar García romera,,,1,bar,1.0,12345678,
6478,Maria Garrido,,,1,bar,1.0,12345678,
6479,Future Segura Comunicaciones,,,1,bar,1.0,12345678,
6480,sebastian garcia fernandez,,,1,bar,1.0,12345678,
6481,Carlos Latorre,,,4,bar|bakery|restaurant,1.67,12345678,
6482,María Dolores Valiente,,,1,bakery,,12345678,
6483,begoña ortiz carpintero,,,1,bakery,,12345678,
6484,Rehman Rajpoot,,,1,restaurant,,12345678,
6485,Antonio Jose Martinez,,,1,restaurant,,12345678,
6486,Diego,,,1,restaurant,,12345678,
6487,ely vela,,,1,restaurant,,12345678,
6488,Jaume Fernández,,,1,restaurant,,12345678,
6489,Irene Jaén Martínez,,,1,restaurant,1.0,12345678,
6490,Paloma Renedo,,,1,restaurant,1.0,12345678,
6491,Arturo c,,,1,restaurant,1.0,12345678,
6492,c QS,,,1,restaurant,1.0,12345678,
6493,Danny,,,1,bar|restaurant,1.0,12345678,
6494,Carlos Heredia,,,1,bar|restaurant,1.0,12345678,
6495,Lluis R.,,,1,bar|restaurant,1.0,12345678,
6496,Lara Toledano,,,1,bar|restaurant,1.0,12345678,
6497,Raquel Gavira,,,1,bar|restaurant,1.0,12345678,
6498,alvfib,,,1,restaurant,2.0,12345678,
6499,Aure Montes,,,1,restaurant,2.0,12345678,
6500,laura Peiro,,,1,restaurant,2.0,12345678,
6501,Margot Vila,,,1,restaurant,2.0,12345678,
6502,Carmen María Fdez-Kofbler Casas-Neff,,,1,restaurant,2.0,12345678,
6503,Isabel Martinez,,,0,,,12345678,
6504,Carlos Caro,,,0,,,12345678,
6505,Emma I,,,1,bakery|cafe,1.0,12345678,
6506,Fernando Yazlle,,,1,bakery|cafe,1.0,12345678,
6507,José Manuel Serrano Usero,,,1,restaurant,1.0,12345678,
6508,Alberto paguillo,,,1,restaurant,1.0,12345678,
6509,Eva Garcia Bretin,,,1,restaurant,1.0,12345678,
6510,Luis Miguel Morales,,,1,restaurant,1.0,12345678,
6511,Mariola Moreno,,,3,restaurant|bar|cafe,2.0,12345678,
6512,Maria Moral,,,1,bar|cafe|restaurant,,12345678,
6513,john s.s,,,1,bar|cafe|restaurant,,12345678,
6514,Karla Postigo Fernández,,,1,bar|cafe|restaurant,,12345678,
6515,Manu Fernandez,,,1,cafe,,12345678,
6516,Alba Rojas,,,1,cafe,,12345678,
6517,Adrián Vera Muñoz,,,2,cafe|bar|restaurant,,12345678,
6518,Sara Lozano,,,1,cafe,,12345678,
6519,Paco Fernández,,,1,restaurant,,12345678,
6520,Laura martin,,,1,restaurant,1.0,12345678,
6521,Laura Ramos mondejar,,,1,restaurant,,12345678,
6522,Elisabeth Aguilera,,,1,restaurant,1.0,12345678,
6523,SU,,,1,restaurant,1.0,12345678,
6524,Eduardo Español Herrero,,,1,bar,1.0,12345678,
6525,Javier López-Roberts Arroyo,,,1,bar,,12345678,
6526,Fernando Jiménez,,,1,bar,1.0,12345678,
6527,Marmotona,,,1,bar,1.0,12345678,
6528,Martuka García Alvarez,,,1,bar,1.0,12345678,
6529,Asier Valiente,,,1,bar,1.0,12345678,
6530,Verónica Navas,,,1,bar,1.0,12345678,
6531,Juan Ayuga,,,1,bar,1.0,12345678,
6532,m.m.r,,,1,cafe,1.0,12345678,
6533,Bernardo Martinez Chico,,,1,restaurant,,12345678,
6534,Jaime Augusto Serrano Fernández,,,1,restaurant,,12345678,
6535,Alejandro Edsant,,,1,restaurant,,12345678,
6536,Inma Muela Arroyes,,,1,restaurant,,12345678,
6537,Maripi R.ramirez,,,1,restaurant,,12345678,
6538,Ana Maria Temprado Cordoba,,,1,bar|cafe|restaurant,1.0,12345678,
6539,Francisco Jover franco,,,1,bar|cafe|restaurant,1.0,12345678,
6540,Eduardo Polo Martin,,,1,bar|cafe|restaurant,,12345678,
6541,Maria Lopez,,,0,,,12345678,
6542,Juana Maria Rico Martinez,,,0,,,12345678,
6543,Manuel Muñoz,,,1,cafe,,12345678,
6544,Mercedes Ramírez,,,0,,,12345678,
6545,Rafael García Puyol,,,1,bar,1.0,12345678,
6546,Irima Gonzalez Linares,,,1,bar,,12345678,
6547,Melisenda Linares,,,1,bar,,12345678,
6548,Mª Ángeles Hernández Martín,,,1,bar,1.0,12345678,
6549,Juan Ruiz Cofrades,,,1,cafe,,12345678,
6550,Pili Lopez,,,1,cafe,,12345678,
6551,Gabriel Torres,,,1,cafe,,12345678,
6552,Rosa Carrillo Martínez,,,1,cafe,,12345678,
6553,jose antonio fernandez,,,1,restaurant,1.0,12345678,
6554,Fernando Aranda Gómez,,,1,restaurant,1.0,12345678,
6555,lidia albanchez carrasco,,,2,cafe|restaurant,1.0,12345678,
6556,Soraya,,,1,restaurant,1.0,12345678,
6557,Carolina Padilla,,,1,restaurant,,12345678,
6558,Nicolás Navidad Fernández,,,1,restaurant,,12345678,
6559,Gualdatsu_,,,1,restaurant,,12345678,
6560,Juan Carlos Romero bustos (Juanki2308),,,1,restaurant,1.0,12345678,
6561,miriam mesa cruz,,,1,restaurant,,12345678,
6562,Veronica Ocaña,,,1,bar|cafe|restaurant,,12345678,
6563,Hojas de Hermandad,,,1,bar|cafe|restaurant,,12345678,
6564,Christian Nosti Ruiz,,,1,bar|cafe|restaurant,,12345678,
6565,Mel,,,1,bar|cafe|restaurant,,12345678,
6566,francisco javier palomares campos,,,1,bar|cafe|restaurant,,12345678,
6567,Marta Ayas,,,2,restaurant,1.5,12345678,
6568,marcos belmonte montero,,,2,restaurant,1.5,12345678,
6569,Víctor Manuel Ruiz González,,,1,bar|restaurant,1.0,12345678,
6570,Manu Nava,,,1,bar|restaurant,1.0,12345678,
6571,Top cars ocasion,,,1,bar|restaurant,1.0,12345678,
6572,Marisol S,,,1,cafe|restaurant,,12345678,
6573,Manu Pop,,,1,cafe|restaurant,,12345678,
6574,Leonardo Lopez,,,1,cafe|restaurant,,12345678,
6575,Juan Ignacio Caballero Garzón,,,1,cafe|restaurant,,12345678,
6576,Kendrick melo,,,1,cafe|restaurant,,12345678,
6577,M. C,,,2,bar|restaurant,1.5,12345678,
6578,Juan manuel Hervas solana,,,1,bar,1.0,12345678,
6579,Antonio Lloreda Ahufinger,,,1,bar,1.0,12345678,
6580,Roberto Lloreda Cruz,,,1,bar,1.0,12345678,
6581,Jose Gonzalez Moreno,,,1,bar,1.0,12345678,
6582,La viajera,,,1,cafe|restaurant,2.0,12345678,
6583,Rafael López Gámiz,,,1,cafe|restaurant,,12345678,
6584,Guillermo Martinez,,,1,cafe|restaurant,,12345678,
6585,Migdalia García de Paz,,,1,cafe|restaurant,2.0,12345678,
6586,Samuel Gomez,,,1,cafe|restaurant,2.0,12345678,
6587,Elsa MBV,,,1,bar,,12345678,
6588,Sofía Molina-Olea Portales,,,1,bar,,12345678,
6589,Marina O.,,,1,bar,,12345678,
6590,Francisco R S,,,1,bar,,12345678,
6591,PALOMITA,,,1,bar,,12345678,
6592,Angela Santamaria Gil,,,3,restaurant|bar,1.0,12345678,
6593,Thelma Tarantino,,,2,restaurant|bar,1.0,12345678,
6594,maria jose,,,2,restaurant|bar,1.0,12345678,
6595,Ramón B.F,,,3,restaurant|bar,1.0,12345678,
6596,Carel Calpe,,,1,restaurant,1.0,12345678,
6597,Jesus LG,,,1,restaurant,,12345678,
6598,Ignacio RGV,,,1,restaurant,,12345678,
6599,Juan Trigo,,,2,bar|restaurant,,12345678,
6600,David Pérez Maciá,,,1,bar|restaurant,1.0,12345678,
6601,Juanra Hernández,,,1,bar|restaurant,1.0,12345678,
6602,Núria Iglesias,,,1,bar|restaurant,1.0,12345678,
6603,Miguel Ledesma,,,4,restaurant|bakery,2.5,12345678,
6604,JC juan,,,1,bakery,,12345678,
6605,Rosa Isabel Maximiano Blazquez,,,1,bakery,,12345678,
6606,Ana Belen Gonzalez,,,1,bar|restaurant,,12345678,
6607,Radu Gabriel,,,1,bar|restaurant,1.0,12345678,
6608,Natalia CS,,,1,bar|restaurant,1.0,12345678,
6609,Irene Alegria Sandoval,,,1,cafe,,12345678,
6610,Maria José Gómez,,,1,cafe,,12345678,
6611,Juan Calero,,,1,bar,,12345678,
6612,Ana Belen Moreno,,,1,bar,,12345678,
6613,Pablo Hidalgo Ruiz,,,1,bar,,12345678,
6614,Jennifer Hernández Pérez,,,1,bar,,12345678,
6615,Antonio David Martínez García,,,1,cafe|meal_takeaway|restaurant,2.0,12345678,
6616,Juan Antonio Jiménez garcía,,,1,cafe|meal_takeaway|restaurant,2.0,12345678,
6617,A Dke,,,1,cafe|meal_takeaway|restaurant,,12345678,
6618,ANGEL DIAZ (AZELOT),,,1,cafe|meal_takeaway|restaurant,2.0,12345678,
6619,Antonia 1206,,,1,restaurant,1.0,12345678,
6620,Aaron Urbano,,,1,restaurant,1.0,12345678,
6621,A M M,,,1,bakery|cafe,,12345678,
6622,Gonzalo Arroyo,,,1,bakery|cafe,,12345678,
6623,Harry Callahan,,,1,bakery|cafe,,12345678,
6624,Luis Lloreda,,,1,bakery|cafe,1.0,12345678,
6625,Maria Gomez Garcia,,,1,bar|restaurant,1.0,12345678,
6626,Ignacio MR,,,2,bar|restaurant,1.0,12345678,
6627,dani cano,,,1,bar|restaurant,1.0,12345678,
6628,Rania García,,,1,bar|restaurant,1.0,12345678,
6629,Adrián Guardiola,,,1,bar|restaurant,1.0,12345678,
6630,Marta Lopez,,,1,cafe,1.0,12345678,
6631,Maria Belen Carrasco Gomez,,,1,cafe,1.0,12345678,
6632,Alexis Ortega,,,1,cafe,1.0,12345678,
6633,Juani López,,,1,cafe,1.0,12345678,
6634,Pepe Garcia,,,0,,,12345678,
6635,Javier Archeni,,,0,,,12345678,
6636,Miguel Montávez,,,2,bar|cafe|restaurant,,12345678,
6637,Ramon Perez,,,2,cafe|restaurant,1.0,12345678,
6638,gro mevi,,,2,bar|cafe|restaurant,,12345678,
6639,Ma del Pilar Ardilla,,,1,bar,,12345678,
6640,Alberto Pozo Bermúdez,,,1,bar,,12345678,
6641,Tony Sánchez,,,2,bakery|bar,,12345678,
6642,Magdalena Bellido Chacon,,,1,bar,,12345678,
6643,gema gonzalez perez,,,1,restaurant,,12345678,
6644,Caty Ruiz Ruiz,,,1,restaurant,,12345678,
6645,Silvia Alejo,,,1,restaurant,,12345678,
6646,Laura Leon Hernández,,,1,restaurant,,12345678,
6647,Juan Sanchez Aladid,,,1,bakery,,12345678,
6648,Enrique Hernando,,,1,bar|restaurant,1.0,12345678,
6649,Francisco Gomez Uceda,,,1,bar|restaurant,1.0,12345678,
6650,Filo Madrigal Moreno,,,1,bar|restaurant,1.0,12345678,
6651,Fernando Espinosa,,,1,bakery,,12345678,
6652,Javier Cano Mejías,,,1,bakery,,12345678,
6653,alba escabia,,,1,bakery,,12345678,
6654,J Perona,,,1,bakery,,12345678,
6655,Maite Martinez,,,1,bakery,,12345678,
6656,Juanfra Cascales,,,1,bar|restaurant,1.0,12345678,
6657,Carlos Barrio,,,1,bar|restaurant,1.0,12345678,
6658,Fermín Rodríguez de Castro,,,1,bar|restaurant,1.0,12345678,
6659,Miguel Angel Quereda Leguey,,,1,bar|restaurant,1.0,12345678,
6660,Encarni Montiel,,,1,bar|restaurant,1.0,12345678,
6661,Sol Olivares,,,1,bar|restaurant,1.0,12345678,
6662,ainhoa,,,1,bar|restaurant,,12345678,
6663,Valeria Peñaloza,,,1,bar|restaurant,1.0,12345678,
6664,Maria Dolores Arias Frias,,,2,bakery|bar|restaurant,1.0,12345678,
6665,Pat Fitzner (Pat),,,1,bar|restaurant,1.0,12345678,
6666,Pablo Gutiérrez,,,1,bakery,,12345678,
6667,Rompesuelas.,,,1,bakery,,12345678,
6668,Lucio Hernandez Bocos,,,2,bakery,1.0,12345678,
6669,SILVIA HERNÁNDEZ MARTÍNEZ,,,1,bakery,,12345678,
6670,Andrés Navarro,,,4,restaurant|bakery|cafe,1.5,12345678,
6671,Rafael M.,,,1,bakery|cafe,,12345678,
6672,Paulo Francisco Vázquez Martínez,,,1,bakery|cafe,,12345678,
6673,Chema Ronda,,,1,bar,1.0,12345678,
6674,Antonio Lopez,,,2,bakery|bar,1.0,12345678,
6675,Paulis,,,2,bar|meal_takeaway|restaurant,1.0,12345678,
6676,Daniel Rodriguez Muñoz,,,1,cafe,,12345678,
6677,Asuncion Fernandez,,,2,bakery|cafe,1.0,12345678,
6678,Sonia Paez,,,1,cafe,,12345678,
6679,Antonio Camacho,,,2,bar|cafe|restaurant,2.0,12345678,
6680,Iamvikitheviking,,,2,bar|cafe,2.0,12345678,
6681,Francisco Javier Rubio Herrera,,,1,bar,,12345678,
6682,Adrián Jesús Ricoy Cano,,,1,bar,,12345678,
6683,Francisco Garcia,,,1,bar,,12345678,
6684,soray morales arroyo,,,1,bar,,12345678,
6685,Marta Julián hurtado,,,1,bar,,12345678,
6686,Cristina Cruz mora,,,1,bakery,,12345678,
6687,Rosa Lorente Vilar,,,1,bakery,1.0,12345678,
6688,Maria Munera Perez,,,1,bakery,1.0,12345678,
6689,Angelika Megne,,,1,bakery,1.0,12345678,
6690,Elisa Liceran,,,1,bakery,,12345678,
6691,Andrea Fernanz,,,1,restaurant,1.0,12345678,
6692,Fran Pelaez,,,1,restaurant,1.0,12345678,
6693,Mónica Romero,,,1,restaurant,1.0,12345678,
6694,Lidia C.N.,,,1,restaurant,1.0,12345678,
6695,Mariana Vidal,,,1,bakery,,12345678,
6696,Jesus Rivas Fernandez,,,1,bakery,,12345678,
6697,Lucia López romero,,,1,bakery,,12345678,
6698,Ana Belén Rubio Carriquí,,,1,bakery,,12345678,
6699,Maria Martinez,,,1,bakery,,12345678,
6700,A M,,,3,Bar restaurante|bar|restaurant,2.0,12345678,
6701,Lorenzo Sanchez Dolset,,,1,restaurant,,12345678,
6702,ItsKaoS,,,2,bakery|cafe,,12345678,
6703,Aurelio Gallego,,,1,cafe,,12345678,
6704,Alfonso Villar López,,,1,cafe,,12345678,
6705,Cristobal Diazmunuera,,,2,bakery|cafe,,12345678,
6706,juan antonio peña,,,2,bakery,,12345678,
6707,José Luis Divieso Siles,,,2,bakery,,12345678,
6708,Félix Ponce de León guerrero,,,1,bakery,,12345678,
6709,Angel Lopez Vela,,,1,bakery,,12345678,
6710,Lorena Cerdá Sánchez,,,1,bar|restaurant,,12345678,
6711,Ximo Poveda,,,1,bar|restaurant,,12345678,
6712,mariajose chacon zamora,,,1,bar|restaurant,,12345678,
6713,Judith Valero Veracruz,,,1,bar|restaurant,,12345678,
6714,Jesus Poveda,,,1,bar|restaurant,,12345678,
6715,R. A.A.,,,1,restaurant,,12345678,
6716,Antonio Báez,,,1,restaurant,,12345678,
6717,María P,,,1,restaurant,,12345678,
6718,ROCIO AVILA SANCHEZ,,,0,,,12345678,
6719,J. White,,,0,,,12345678,
6720,pincelpositivo,,,0,,,12345678,
6721,Ana Durañona,,,0,,,12345678,
6722,Blog del cole,,,0,,,12345678,
6723,Rosario Perez Jimenez,,,0,,,12345678,
6724,A. Salas,,,0,,,12345678,
6725,A. c.,,,0,,,12345678,
6726,Francisco Martínez,,,0,,,12345678,
6727,isabel salas,,,1,restaurant,1.0,12345678,
6728,Laura Gaspar,,,1,restaurant,1.0,12345678,
6729,Gustavo García Miranda,,,1,restaurant,1.0,12345678,
6730,Vanesa Teacher,,,1,restaurant,1.0,12345678,
6731,Steffy Mendez Salas,,,1,cafe,,12345678,
6732,valentina figaredo,,,1,cafe,,12345678,
6733,Eva Fernández,,,1,cafe,,12345678,
6734,CARLOS GOMEZ,,,1,cafe,,12345678,
6735,Antonio Martin Lucas,,,1,cafe,,12345678,
6736,Jaime Fernandez,,,1,bar|restaurant,2.0,12345678,
6737,Cristina García,,,1,bar|restaurant,,12345678,
6738,Ramón Camilo Alén Vázquez,,,1,bar|restaurant,2.0,12345678,
6739,Alfonso Benitez,,,1,bar|restaurant,2.0,12345678,
6740,QuiQue A.C,,,1,bar,,12345678,
6741,JoséRa Fe,,,2,bar|restaurant,,12345678,
6742,Isabel Frutos,,,1,bar,,12345678,
6743,Manuel Vela Martin,,,1,bar,,12345678,
6744,D Perez,,,1,restaurant,,12345678,
6745,Custodio Martínez Cantero,,,1,restaurant,,12345678,
6746,Raquel Castillo,,,1,restaurant,,12345678,
6747,Mar Comino,,,1,restaurant,1.0,12345678,
6748,Émile Terre,,,1,restaurant,,12345678,
6749,Fran Campoy,,,1,restaurant,1.0,12345678,
6750,Julia Fernandez,,,1,restaurant,2.0,12345678,
6751,Carmen P,,,1,restaurant,2.0,12345678,
6752,Hessah mubarak,,,1,restaurant,2.0,12345678,
6753,JUAN BAUTISTA JORDAN,,,1,restaurant,2.0,12345678,
6754,T C,,,1,restaurant,2.0,12345678,
6755,Nani Salas,,,2,bar|restaurant,1.0,12345678,
6756,V VJ,,,1,bar|restaurant,1.0,12345678,
6757,Fco Glez,,,1,bar|restaurant,1.0,12345678,
6758,Benjamin Soria,,,1,bar|restaurant,,12345678,
6759,José Carlos Fernández Velasco,,,1,bakery,1.0,12345678,
6760,Manuel Carbonero,,,1,bakery,1.0,12345678,
6761,Gemma P,,,2,bakery|bar,1.0,12345678,
6762,Sioni Ramos,,,1,bakery,1.0,12345678,
6763,Lady Turquesa,,,1,restaurant,,12345678,
6764,anita21489,,,1,restaurant,,12345678,
6765,JUAN LUIS GARCIA,,,1,restaurant,,12345678,
6766,Yeray Zarraga EVC,,,1,restaurant,,12345678,
6767,Pedro Martin,,,1,restaurant,,12345678,
6768,Luis Delgado,,,1,bar,,12345678,
6769,Rafael Arjona Gordillo,,,1,bar,,12345678,
6770,Carmen Franco,,,1,bar|restaurant,,12345678,
6771,Anselmo Herranz,,,1,bar|restaurant,,12345678,
6772,Mercedes Velázquez,,,1,bar|restaurant,,12345678,
6773,Javier Aldegunde,,,1,bar|restaurant,,12345678,
6774,José García Polo,,,1,bar|restaurant,,12345678,
6775,Javier Carbonell Piserra,,,1,cafe,,12345678,
6776,Juan Manuel,,,2,night_club|restaurant,,12345678,
6777,Agustin Alonso Gonzalez,,,1,night_club,,12345678,
6778,Francisco de Gracia.,,,1,night_club,,12345678,
6779,Lourdds Montavez,,,1,night_club,,12345678,
6780,Cristian Monsalve Perez,,,1,night_club,,12345678,
6781,CARLOS EGLER,,,1,restaurant,2.0,12345678,
6782,Carmen Jiménez,,,1,restaurant,2.0,12345678,
6783,Dani Campmany,,,2,bar|restaurant,2.0,12345678,
6784,Manu Martin,,,1,restaurant,1.0,12345678,
6785,Nayla “Sukki” González Lorenzo,,,1,restaurant,1.0,12345678,
6786,Ildefonso Ruiz Padilla,,,1,restaurant,1.0,12345678,
6787,Carlos Morales Morente,,,2,bar|restaurant,1.5,12345678,
6788,TioM,,,0,,,12345678,
6789,jc 47,,,0,,,12345678,
6790,Miguel A. Gámez,,,1,bar,1.0,12345678,
6791,CARLOS REOLID SÁNCHEZ (Correcaminos),,,1,bar,1.0,12345678,
6792,Joaquín Mulero Juárez,,,1,bar,,12345678,
6793,Ximena García Rubio,,,1,bar,,12345678,
6794,Marian Ortiz,,,1,bar,,12345678,
6795,Pablo Martos,,,1,bar,,12345678,
6796,antonio Serrano Aguilar,,,1,cafe,,12345678,
6797,Martí Punzano,,,1,cafe,1.0,12345678,
6798,DON PePe,,,1,cafe,1.0,12345678,
6799,Manuel Mota,,,1,cafe,1.0,12345678,
6800,Juan garcia santiago,,,2,bar|cafe|restaurant,1.0,12345678,
6801,Karin Grandberg,,,1,restaurant,,12345678,
6802,Susana Ginel,,,1,restaurant,,12345678,
6803,Jadi Naama Yumani,,,1,restaurant,,12345678,
6804,CORE TM,,,1,restaurant,,12345678,
6805,albert duran,,,1,restaurant,,12345678,
6806,Marcos Bernardis,,,1,bakery,,12345678,
6807,David Pintado Gigante,,,2,bakery|bar|restaurant,1.0,12345678,
6808,Magaceda Serrano Fernández,,,1,bakery,1.0,12345678,
6809,ascensión rivera,,,1,bar,,12345678,
6810,José Ramón Vera Pereira,,,1,bar,,12345678,
6811,N. V. I.,,,1,bar,,12345678,
6812,JESUS SOLDAN,,,1,bar,,12345678,
6813,Alfonso Lopez Diaz,,,1,bar,,12345678,
6814,Antonio Segura Martinez,,,1,bar,,12345678,
6815,Juan Ramon Garcia Hurtado,,,1,bar,,12345678,
6816,Jesus Parra Ramirez,,,1,bar,,12345678,
6817,Jesus Caballero,,,1,bakery,,12345678,
6818,Juan Valiente Martinez,,,1,bakery,,12345678,
6819,Irene Sandín,,,1,cafe,,12345678,
6820,Loli Rodríguez delgado,,,1,cafe,,12345678,
6821,ROCIO GARCIA CARDERA,,,1,cafe,,12345678,
6822,Albert Roger,,,1,cafe,,12345678,
6823,Teo Vizcaino,,,1,cafe,,12345678,
6824,ELENA I. J.,,,1,bakery,,12345678,
6825,MIGUEL ANGEL JIMENEZ PEREZ,,,1,bakery,,12345678,
6826,wil lara,,,2,bakery|bar|restaurant,,12345678,
6827,Nuria Mascuñano Hernandez,,,1,bakery,,12345678,
6828,António Lopes,,,1,bakery,,12345678,
6829,jose Marin Gomez,,,4,bar|cafe|restaurant,1.5,12345678,
6830,Francisco Rodriguez Mora,,,1,bakery,,12345678,
6831,carlos escabia soriano,,,1,bakery,,12345678,
6832,Lídia Alcaraz Mira,,,1,bakery,,12345678,
6833,Antonia Parapar,,,1,bakery,,12345678,
6834,Gabriel Garrido Poza,,,1,bakery,,12345678,
6835,Barbara Gomez Vidikbopali,,,1,restaurant,1.0,12345678,
6836,Ma Carmen Expo,,,1,restaurant,1.0,12345678,
6837,Pau G,,,1,restaurant,1.0,12345678,
6838,JUAN FRANCISCO SANZ LOPEZ,,,3,bar|restaurant,1.0,12345678,
6839,Tracy Pop,,,1,bar|restaurant,1.0,12345678,
6840,Irene Durá,,,1,bar|restaurant,1.0,12345678,
6841,Jenifer Munoz,,,1,restaurant,1.0,12345678,
6842,Alberto García,,,1,restaurant,1.0,12345678,
6843,Miguel Angel chaques González,,,1,restaurant,1.0,12345678,
6844,Merche SC,,,1,restaurant,1.0,12345678,
6845,Marisa Ramon,,,1,restaurant,1.0,12345678,
6846,George Food&Experience,,,1,bar,,12345678,
6847,Andrea Arráez,,,1,bar,,12345678,
6848,Rc Sm,,,1,bar,,12345678,
6849,RUBÉN SÁNCHEZ MALDONADO,,,1,bar,,12345678,
6850,CARMEN JULIA PARDO,,,1,bar,2.0,12345678,
6851,Tamara Garcia Carpintero,,,1,bar,2.0,12345678,
6852,ANTONIO FLORES GARCÍA,,,1,bar,2.0,12345678,
6853,Esteban MS,,,1,bar,1.0,12345678,
6854,Patricia Garcia,,,1,bar,,12345678,
6855,Paco Guerrero,,,1,bar,,12345678,
6856,esther leon martinez,,,1,bar,1.0,12345678,
6857,Laura R.,,,1,bar,,12345678,
6858,AH,,,1,bakery,,12345678,
6859,Pablo Rico,,,1,bakery,,12345678,
6860,Lauraa Taraj,,,1,bakery,,12345678,
6861,Nicasio Marin Gamez,,,4,bar|cafe|restaurant,2.0,12345678,
6862,rosa fernandez,,,1,cafe,,12345678,
6863,Alfonso Jesus Martos Carrascosa,,,1,cafe,,12345678,
6864,Natalia Martos,,,1,cafe,,12345678,
6865,Diego Martos,,,1,cafe,,12345678,
6866,Juan Francisco Gallego,,,1,bakery,,12345678,
6867,Ana S,,,1,bakery,,12345678,
6868,Ana Soriano Ruiz,,,1,bakery,,12345678,
6869,Loli Romero,,,1,bakery,1.0,12345678,
6870,Nacho gomez,,,1,restaurant,,12345678,
6871,raul munera,,,1,bar|cafe,1.0,12345678,
6872,Jose MG,,,1,bar|cafe,1.0,12345678,
6873,juan ruiz garcia,,,1,bar|cafe,,12345678,
6874,Juan C García,,,1,bar|cafe,,12345678,
6875,Mª Teresa Ruiz Campillo,,,1,bar|cafe,,12345678,
6876,David Solis Jiménez,,,1,bakery,,12345678,
6877,Carmen Blanco Chinchilla,,,1,bakery,,12345678,
6878,Silvia Vidal,,,1,bakery,,12345678,
6879,Maribel Díaz González,,,1,bar,1.0,12345678,
6880,Juan A. Ferré Gallego,,,1,bar,1.0,12345678,
6881,Antonio Torrente,,,1,bar,1.0,12345678,
6882,JL Electricidad y Fontaneria S XXI,,,1,bar,1.0,12345678,
6883,Margarita Navarro Berzosa,,,1,restaurant,,12345678,
6884,Desirée Álvarez,,,1,restaurant,,12345678,
6885,José Miguel Alba Perez,,,1,restaurant,1.0,12345678,
6886,Carolina Del Mazo Moreno,,,1,restaurant,1.0,12345678,
6887,Beatriz Machado,,,1,restaurant,1.0,12345678,
6888,Olga Carabaca Monge,,,1,bar,,12345678,
6889,Vidal Valls,,,1,bar,,12345678,
6890,José Avellan,,,1,bar,,12345678,
6891,MIGUEL ÁNGEL MARTÍNEZ PALOMARES,,,1,bar,,12345678,
6892,Gerard Loret,,,1,bar,,12345678,
6893,Vanesa Moreno,,,1,bar,,12345678,
6894,Chimo Lucas,,,1,bar,,12345678,
6895,Daniel Huerga,,,1,bar,1.0,12345678,
6896,Alvaro Izquierdo Contreras,,,1,bar,1.0,12345678,
6897,Elena Díaz,,,1,bar,1.0,12345678,
6898,David Ruiz Mejias,,,1,bar,1.0,12345678,
6899,David Fornells,,,1,bar|restaurant,1.0,12345678,
6900,Domingo G.,,,1,bar|restaurant,1.0,12345678,
6901,Irene Gonzalo Montesinos,,,1,bakery,1.0,12345678,
6902,Jose Ignacio Álvarez,,,1,bakery,,12345678,
6903,Loli De La Torre Garcia,,,1,bakery,1.0,12345678,
6904,Peter,,,1,bakery,1.0,12345678,
6905,Olga Sedano Benito,,,1,bakery,1.0,12345678,
6906,MG,,,1,bar,,12345678,
6907,jose sanchez,,,1,bar,,12345678,
6908,Marcos v.c,,,1,bar,,12345678,
6909,MagicRamy,,,1,bar,,12345678,
6910,María Montesinos Córdoba,,,1,bar,,12345678,
6911,Samuel Gómez Gómez,,,1,bar,,12345678,
6912,alejandro,,,2,bar,1.0,12345678,
6913,Alex Arco,,,1,bar,,12345678,
6914,Ruben San,,,1,bar,,12345678,
6915,didac caro,,,1,bar,,12345678,
6916,prevazu,,,1,bar,,12345678,
6917,Mike Pithouse,,,1,bar,,12345678,
6918,Manuel Rodríguez Fernández,,,0,,,12345678,
6919,Manuel Barranco,,,0,,,12345678,
6920,Candy Vela,,,0,,,12345678,
6921,Raquel Vela,,,0,,,12345678,
6922,carlos sanchez,,,0,,,12345678,
6923,Antonio Calabria Rubio,,,1,cafe,,12345678,
6924,Juanjo Palacios,,,1,cafe,,12345678,
6925,Panadería Almagro,,,2,cafe|restaurant,2.0,12345678,
6926,Carmen Garcia Lopez,,,1,bar|cafe|restaurant,1.0,12345678,
6927,Ernesto Napoles,,,1,bar|cafe|restaurant,1.0,12345678,
6928,Jose Manuel,,,2,bar|cafe|restaurant,,12345678,
6929,francisco unoil,,,1,cafe,1.0,12345678,
6930,Davinia,,,1,cafe,1.0,12345678,
6931,Jose Selles,,,1,cafe,1.0,12345678,
6932,Anita,,,2,bar,2.0,12345678,
6933,Laureano Unguetti Montes,,,1,bar,,12345678,
6934,mariana martinez martinez,,,1,bar,,12345678,
6935,Pedro Hoyos Navas,,,1,bar,,12345678,
6936,Iván López Giménez,,,2,restaurant|bar,1.0,12345678,
6937,maria jose garcia hurtado,,,1,bar|restaurant,1.0,12345678,
6938,Enrique Lopez Ortega,,,1,bar|restaurant,1.0,12345678,
6939,juan de la cruz lopez moreno,,,1,bar|restaurant,,12345678,
6940,maia gonzalez,,,1,bar|restaurant,1.0,12345678,
6941,Monica Lafuente,,,1,restaurant,,12345678,
6942,manu perez sanchez,,,1,restaurant,,12345678,
6943,Sirius Black Barbacoa,,,1,restaurant,,12345678,
6944,chunra,,,1,bar|restaurant,,12345678,
6945,Alba Mena,,,1,bar|restaurant,,12345678,
6946,Víctor López-Picazo,,,1,bar|restaurant,,12345678,
6947,Tuno Darkhyey,,,1,bar|restaurant,,12345678,
6948,Ruben Tomas Guillen Fernandez,,,1,bar|restaurant,,12345678,
6949,Susan B,,,0,,,12345678,
6950,Lucía M,,,0,,,12345678,
6951,Mercedes Torrecilla,,,0,,,12345678,
6952,David Gavilán,,,0,,,12345678,
6953,Churreria Hermanos Martinez,,,0,,,12345678,
6954,paula martinez buitrago,,,1,bar,1.0,12345678,
6955,Ester Belmonte,,,1,bar,1.0,12345678,
6956,Susana Lopez,,,1,bar,1.0,12345678,
6957,Villa Liman Mallorca,,,1,bar,,12345678,
6958,SarayBombay,,,1,restaurant,,12345678,
6959,MLG,,,1,restaurant,,12345678,
6960,Victoria Pina Narejos,,,1,restaurant,,12345678,
6961,CAROLINE VRANCKX,,,1,cafe,,12345678,
6962,Felix Lopez Herreros,,,1,cafe,,12345678,
6963,Judith Henares,,,1,cafe,,12345678,
6964,Cristina Soler,,,1,cafe,,12345678,
6965,Francesca Martinez,,,1,bakery,1.0,12345678,
6966,Kris Kiss Style,,,1,bakery,1.0,12345678,
6967,lucia pampliega franco,,,1,bakery,1.0,12345678,
6968,Juan Antonio Marin Glz De Lara,,,1,bakery,1.0,12345678,
6969,jordan Mendoza,,,1,bakery,1.0,12345678,
6970,David González,,,1,restaurant,,12345678,
6971,Raquel Butragueño,,,1,restaurant,,12345678,
6972,Maikel C. G.,,,1,restaurant,,12345678,
6973,Sara Artesero Sánchez,,,1,restaurant,,12345678,
6974,ana molina guerrero,,,1,bar,,12345678,
6975,chema maris,,,2,bakery|bar,,12345678,
6976,Victoret Benissa,,,1,bar,,12345678,
6977,Tomas Rodríguez González,,,1,bar,,12345678,
6978,alvaro ramirez carabantes,,,1,bar|restaurant,1.0,12345678,
6979,Diego C,,,1,bar|restaurant,1.0,12345678,
6980,Zitto Longbottom,,,1,bar|restaurant,1.0,12345678,
6981,Carlos García,,,1,bar|restaurant,,12345678,
6982,FRAN GARCIA,,,1,meal_takeaway|restaurant,,12345678,
6983,Jorge hernandez,,,1,meal_takeaway|restaurant,,12345678,
6984,David Sánchez,,,1,meal_takeaway|restaurant,,12345678,
6985,Jose Maria Castells Jimenez,,,1,bakery,1.0,12345678,
6986,jose pascual,,,1,bakery,1.0,12345678,
6987,Raquel Caballero López,,,1,bakery,1.0,12345678,
6988,Fireman CB,,,1,bakery,1.0,12345678,
6989,manufer,,,1,restaurant,,12345678,
6990,juan jurado cobos,,,1,bakery,,12345678,
6991,Pepi Sánchez Carrillo,,,1,bakery,,12345678,
6992,Estrella Piñero Granados,,,1,restaurant,,12345678,
6993,Maripaz Moreno,,,1,restaurant,,12345678,
6994,Josué Rodríguez Teruel,,,1,restaurant,,12345678,
6995,Pedro Antonio Rodriguez Fernandez,,,1,restaurant,,12345678,
6996,José Antonio García Álvarez,,,1,bar,,12345678,
6997,juan pagan chenique,,,1,bar,,12345678,
6998,David Chamorro Garrido,,,1,bar,,12345678,
6999,carlos pulpon,,,1,bar,,12345678,
7000,Celia Dominguez,,,1,bar,,12345678,
7001,DCH,,,1,bar,,12345678,
7002,Juanp Bauti,,,1,bar,,12345678,
7003,Lidia Belda,,,1,bar,,12345678,
7004,juan soriano,,,1,bar|cafe|restaurant,2.0,12345678,
7005,Benjamín Méndez Miras,,,1,bar|cafe|restaurant,2.0,12345678,
7006,Daniela Nicolescu,,,1,bar|cafe|restaurant,2.0,12345678,
7007,Alecay,,,1,bar|cafe|restaurant,2.0,12345678,
7008,Pablo Campuzano,,,1,bar|cafe|restaurant,2.0,12345678,
7009,Álvaro Ballesteros Martín,,,1,bar|restaurant,1.0,12345678,
7010,Ana Belén SánLó,,,1,bar|restaurant,1.0,12345678,
7011,ALFONSO JIMENEZ HERNANDEZ,,,1,bar|restaurant,1.0,12345678,
7012,Ismael Astillero García Muñoz,,,1,restaurant,,12345678,
7013,maite etxabe,,,1,restaurant,,12345678,
7014,Manuel Díaz Pérez,,,3,restaurant|bar,2.5,12345678,
7015,REKI,,,1,restaurant,,12345678,
7016,Mati,,,1,bakery,,12345678,
7017,B B,,,1,bakery,,12345678,
7018,Paula Medina,,,1,bakery,,12345678,
7019,Irati Ortun,,,1,bakery,,12345678,
7020,Ana Isabel Yago Navarro,,,1,bakery,,12345678,
7021,Fran Lloreda,,,1,restaurant,,12345678,
7022,Adrian Ulloa,,,1,restaurant,,12345678,
7023,MNH,,,1,restaurant,,12345678,
7024,Antonio Peralta Rodríguez,,,1,restaurant,,12345678,
7025,Azucena Aceves,,,1,bar,1.0,12345678,
7026,Pomper,,,1,bar,,12345678,
7027,Rafi Martinez Garcia,,,1,bar,,12345678,
7028,Domingo Quiles Roa,,,1,bar,,12345678,
7029,Sonia DcB,,,1,bar,1.0,12345678,
7030,Marga C,,,1,restaurant,,12345678,
7031,AUREA G,,,1,restaurant,,12345678,
7032,Aurora Galera,,,1,restaurant,,12345678,
7033,Felipe García Puentes,,,1,restaurant,,12345678,
7034,Jose Angel Gonzalez Palacios,,,1,restaurant,,12345678,
7035,Jesús Morata Segura,,,1,restaurant,,12345678,
7036,Javi Capricho,,,1,restaurant,,12345678,
7037,Hugo Medina Ruiz,,,1,bar,,12345678,
7038,Hector Alvarez,,,1,bar,,12345678,
7039,Alejandro Suárez Millán,,,1,bar,,12345678,
7040,Javi Peramo Zumaquero,,,1,bar,,12345678,
7041,Jose Muñoz,,,1,bar,,12345678,
7042,Francisco Millán García,,,1,bar|night_club,1.0,12345678,
7043,Francisco Martinez Rios,,,1,bar|night_club,1.0,12345678,
7044,ENCARNI BERMÚDEZ,,,1,bar|night_club,1.0,12345678,
7045,E. Gonzalez,,,1,bar|night_club,1.0,12345678,
7046,jose javier miguel llarena,,,1,bar|night_club,1.0,12345678,
7047,giovanna maldonado,,,1,bar|restaurant,1.0,12345678,
7048,Sara luisa García Martínez,,,1,bar|restaurant,1.0,12345678,
7049,Silvia gc,,,1,bar|restaurant,1.0,12345678,
7050,marian h c,,,1,bar|restaurant,1.0,12345678,
7051,rosa mª carrillo,,,1,bar|restaurant,1.0,12345678,
7052,mab,,,1,bar|cafe|restaurant,,12345678,
7053,valentina,,,1,restaurant,2.0,12345678,
7054,marta exposito sanchez-cañete,,,1,restaurant,,12345678,
7055,laura paola bello,,,1,cafe,,12345678,
7056,rosario calvo gutiérrez,,,1,restaurant,,12345678,
7057,annarce,,,1,bar|cafe|restaurant,1.0,12345678,
7058,confu romero,,,1,restaurant,1.0,12345678,
7059,alberto nacho,,,1,bar|restaurant,1.0,12345678,
7060,marina ortega,,,1,restaurant,2.0,12345678,
7061,marianela nuñez ariza,,,1,restaurant,2.0,12345678,
7062,rafael lopez cabrera,,,1,restaurant,1.0,12345678,
7063,nora esteban casamayor,,,1,restaurant,1.0,12345678,
7064,estefania rodriguez contreas,,,1,restaurant,1.0,12345678,
7065,mari castillo,,,1,bakery,,12345678,
7066,miriam aaaa,,,1,bakery,,12345678,
7067,josé peláez,,,1,restaurant,1.0,12345678,
7068,francisco fernandez,,,1,cafe,,12345678,
7069,fran fdez,,,1,cafe,,12345678,
7070,estibaliz escobar,,,1,restaurant,2.0,12345678,
7071,antonio morales,,,1,bakery,,12345678,
7072,antonio javier mayas,,,1,bakery,,12345678,
7073,jessica vico bolivar,,,1,restaurant,,12345678,
7074,naza perez,,,1,restaurant,,12345678,
7075,ramón trujillo ruz,,,1,cafe,,12345678,
7076,sampe,,,26,bar|restaurant|cafe,1.62,12345678,
7077,lourdes olmo,,,1,cafe,,12345678,
7078,lucia raya avila,,,1,bar,,12345678,
7079,ana maría torres carpio,,,1,restaurant,2.0,12345678,
7080,engaños,,,1,bakery,,12345678,
7081,alberto andres rubio,,,1,restaurant,1.0,12345678,
7082,elena luna marquez,,,1,bar,,12345678,
7083,elena jiménez hernandez,,,1,bar,,12345678,
7084,irfan ch,,,1,restaurant,,12345678,
7085,rafael vallejo montoro,,,1,restaurant,,12345678,
7086,mariacid cid,,,1,cafe,,12345678,
7087,eduardo dueñas,,,1,restaurant,,12345678,
7088,matias castillo,,,1,restaurant,,12345678,
7089,jose sóñora,,,1,cafe,1.0,12345678,
7090,maria molina castillo,,,1,restaurant,,12345678,
7091,jaime muñoz estrada,,,1,restaurant,1.0,12345678,
7092,benja castarnado,,,1,bar|cafe|restaurant,1.0,12345678,
7093,vanessa lp,,,1,restaurant,,12345678,
7094,maria gonzalez dominguez,,,1,restaurant,,12345678,
7095,manuel alejandro sanchez soto,,,1,bar,,12345678,
7096,tuti fruti,,,1,bar|restaurant,1.0,12345678,
7097,rosario martínez,,,1,bar|restaurant,1.0,12345678,
7098,carmenleya,,,1,bar|restaurant,1.0,12345678,
7099,lola rodríguez lópez,,,1,restaurant,1.0,12345678,
7100,rafael garcia sanchez,,,1,meal_takeaway|restaurant,,12345678,
7101,josé pepe guzmán garcía,,,1,bar,,12345678,
7102,oscar blasco,,,1,restaurant,,12345678,
7103,benjamín díaz,,,1,bar,,12345678,
7104,elena rodríguez lópez,,,1,night_club,,12345678,
7105,luis zc,,,1,bar,1.0,12345678,
7106,ramon arenas senso,,,1,bar,,12345678,
7107,juan caceres roman,,,1,restaurant,,12345678,
7108,ana raya,,,1,restaurant,1.0,12345678,
7109,teresa gil pereira,,,1,bar,,12345678,
7110,alberto rebollo,,,1,bar,,12345678,
7111,elyda,,,1,bakery,,12345678,
7112,bolona nice,,,1,restaurant,1.0,12345678,
7113,fer zamora,,,1,restaurant,1.0,12345678,
7114,silvia liebana,,,1,bakery,,12345678,
7115,davidcas,,,5,restaurant|bar|cafe,1.0,12345678,
7116,mario gonzales,,,1,cafe,1.0,12345678,
7117,antonio c.,,,2,restaurant|bar,2.0,12345678,
7118,javier g,,,1,bar|restaurant,2.0,12345678,
7119,pedro roa mora,,,1,restaurant,1.0,12345678,
7120,bea candela,,,1,bar|restaurant,1.0,12345678,
7121,rafa maroto,,,1,restaurant,,12345678,
7122,aymane bakkali,,,1,bar|restaurant,1.0,12345678,
7123,alvaro luis martinez ferrin,,,1,bar|restaurant,,12345678,
7124,josé manuel sevilla diez,,,1,bar,1.0,12345678,
7125,lucía lobón fariñas,,,1,bakery,1.0,12345678,
7126,opticalcon pozo alcón,,,1,bakery,1.0,12345678,
7127,juan manuel lara soler,,,2,bar,1.5,12345678,
7128,jose eugenio fernandez bailon,,,1,restaurant,,12345678,
7129,isabel maria garcia martin,,,1,bakery,,12345678,
7130,mati larios,,,1,bakery,,12345678,
7131,gerard,,,1,cafe,,12345678,
7132,luis lara,,,1,meal_takeaway|restaurant,,12345678,
7133,nuria pérez,,,1,meal_takeaway|restaurant,,12345678,
7134,pedro capdevila ayala,,,1,restaurant,1.0,12345678,
7135,harvey hernandez pazos,,,2,bar|restaurant,1.0,12345678,
7136,llc,,,1,bar|restaurant,,12345678,
7137,juan manuel garcía garcía,,,1,bar|restaurant,,12345678,
7138,mónica pereira,,,2,cafe|restaurant,,12345678,
7139,juanes plaza,,,3,cafe|restaurant,,12345678,
7140,sonia v.,,,1,bar|restaurant,,12345678,
7141,araceli ruiz montiel,,,1,bar|restaurant,1.0,12345678,
7142,carlos carloss,,,1,bar|restaurant,2.0,12345678,
7143,pablo risoto,,,1,bakery,1.0,12345678,
7144,antonio lechuga,,,1,bar|restaurant,,12345678,
7145,ma ángeles ruiz águila,,,1,bar|restaurant,,12345678,
7146,cristóbal quesada,,,2,bar|restaurant,2.0,12345678,
7147,nat bel,,,1,restaurant,1.0,12345678,
7148,antonio p,,,4,restaurant|bar|cafe,1.0,12345678,
7149,patricia pérez arias,,,1,restaurant,,12345678,
7150,vicenç adra,,,1,bar|restaurant,1.0,12345678,
7151,patrizio dentamaro,,,1,bar,,12345678,
7152,cielo díbran,,,1,bar|restaurant,,12345678,
7153,jose angel martinez chica,,,1,bakery,1.0,12345678,
7154,juan jose carnero rueda,,,1,bakery,1.0,12345678,
7155,f.j. ortega,,,1,bar,,12345678,
7156,antonio mateo rodriguez,,,1,restaurant,2.0,12345678,
7157,ana lirio lopez,,,1,bar,,12345678,
7158,manuel de jesus garrido estrella,,,1,bar,1.0,12345678,
7159,maria jose perez,,,1,meal_delivery,,12345678,
7160,david muñoz piedra,,,1,restaurant,2.0,12345678,
7161,juan ignacio velasco,,,1,restaurant,1.0,12345678,
7162,ivan parrillo hidalgo,,,1,restaurant,1.0,12345678,
7163,lo,,,1,cafe,1.0,12345678,
7164,r. bl,,,10,restaurant|bar,2.17,12345678,
7165,bel com,,,1,bar,2.0,12345678,
7166,m.j porteviry,,,1,bar,2.0,12345678,
7167,sebastian dominguez lopez,,,1,restaurant,1.0,12345678,
7168,yolanda garcía,,,1,restaurant,,12345678,
7169,rosa cantarero,,,1,bar|restaurant,,12345678,
7170,celia l,,,2,bar|restaurant,2.0,12345678,
7171,rocio sánchez,,,1,restaurant,,12345678,
7172,paqui garcia rueda,,,3,bar,2.0,12345678,
7173,nixer112,,,2,bar|restaurant,2.0,12345678,
7174,amara cueva hidalgo,,,1,restaurant,,12345678,
7175,maria luisa,,,3,restaurant|cafe,2.0,12345678,
7176,raul gallego martos,,,1,restaurant,,12345678,
7177,jr cp,,,2,bar|restaurant,1.0,12345678,
7178,jose antonio avalos perez.,,,1,bakery,1.0,12345678,
7179,juan jesus vera,,,1,bakery,1.0,12345678,
7180,juan cruz garcía,,,1,bakery,1.0,12345678,
7181,gloria barranco alcalde,,,2,restaurant|bar,1.5,12345678,
7182,alex lozano enriquez,,,1,bar|restaurant,2.0,12345678,
7183,antonio j. ureña muñoz,,,4,bar|restaurant,1.5,12345678,
7184,iván mor car,,,1,cerveceria,2.0,12345678,
7185,angel ac,,,2,cerveceria|restaurant,2.0,12345678,
7186,g ca,,,1,meal_delivery|meal_takeaway|restaurant,,12345678,
7187,juan josé florido ponce,,,1,bar,2.0,12345678,
7188,mamba negra,,,2,restaurant,2.5,12345678,
7189,gesti viciao primigenio,,,1,bar,1.0,12345678,
7190,ayar pardo,,,1,restaurant,,12345678,
7191,daniel garcía,,,1,restaurant,2.0,12345678,
7192,alonso marchena romero,,,1,cafe,1.0,12345678,
7193,eme montoro,,,1,bar|meal_delivery|meal_takeaway,2.0,12345678,
7194,antonio de horna,,,1,meal_takeaway|restaurant,2.0,12345678,
7195,enrique jimenez,,,1,meal_takeaway|restaurant,2.0,12345678,
7196,jose carlos garaje casmar jaén,,,1,restaurant,,12345678,
7197,nazareth paulano,,,1,restaurant,,12345678,
7198,francisco llusa criado,,,1,restaurant,3.0,12345678,
7199,jose “bellido”,,,1,bar,,12345678,
7200,carolina del pino,,,2,restaurant,,12345678,
7201,irene gc,,,2,restaurant,1.0,12345678,
7202,saray cárdenas,,,2,bar|restaurant,2.0,12345678,
7203,nazaret serrano villalba,,,1,cafe,,12345678,
7204,fernandoapie apie,,,1,cafe,,12345678,
7205,frasalben@gmail.com frank benoit,,,1,restaurant,1.0,12345678,
7206,patricia roman,,,1,bar|cafe,1.0,12345678,
7207,rocio martinez ramiro,,,1,restaurant,,12345678,
7208,antonio jose ocaña lara,,,1,bar,1.0,12345678,
7209,yoli,,,1,restaurant,,12345678,
7210,francisco cano,,,1,cafe,,12345678,
7211,isabel ramos mero,,,1,bar|cafe|meal_delivery,,12345678,
7212,francisco bueno portillo,,,1,restaurant,,12345678,
7213,david gutierrez martinez,,,1,restaurant,1.0,12345678,
7214,jesús luis molina cruz,,,1,bar,,12345678,
7215,miguel sevilla,,,3,restaurant|bar,2.5,12345678,
7216,sergio jaén travel,,,1,restaurant,,12345678,
7217,rosel padilla medina,,,3,bar|restaurant,1.5,12345678,
7218,carolina bo montesinos,,,1,cafe,1.0,12345678,
7219,alejandro gordillo fernández,,,1,restaurant,1.0,12345678,
7220,jose maria lopez,,,1,cafe,,12345678,
7221,victoria caro ruiz,,,1,bar|restaurant,1.0,12345678,
7222,tapiadorlopez@gmail.com laurita12,,,2,Bar|restaurant,2.5,12345678,
7223,eva maría gálvez domínguez,,,1,restaurant,3.0,12345678,
7224,ascension carrillo bailen,,,2,restaurant|bar,1.0,12345678,
7225,jose adan,,,1,bar,2.0,12345678,
7226,tiscar mar conde puertas,,,1,restaurant,,12345678,
7227,victoria maldonado,,,1,restaurant,2.0,12345678,
7228,raúl fernández lópez,,,3,bar|restaurant,2.0,12345678,
7229,ignacio beltrán mata,,,1,restaurant,,12345678,
7230,inma espinosa,,,2,bar|restaurant,2.0,12345678,
7231,juan luis barrera,,,1,restaurant,,12345678,
7232,diego martínez,,,1,restaurant,1.0,12345678,
7233,noelia gonzález,,,1,restaurant,2.0,12345678,
7234,jack torrans,,,1,restaurant,,12345678,
7235,ana aguilar,,,1,meal_takeaway|restaurant,,12345678,
7236,aitor,,,2,restaurant|bar|cafe,2.0,12345678,
7237,jay binel,,,2,restaurant|bar,2.0,12345678,
7238,elena anguita,,,1,meal_delivery|meal_takeaway|restaurant,,12345678,
7239,pedro j. chacón,,,1,bakery,1.0,12345678,
7240,paloma rodriguez,,,1,restaurant,2.0,12345678,
7241,miriam eliche martin,,,1,restaurant,2.0,12345678,
7242,carmen montero,,,1,meal_delivery|meal_takeaway|restaurant,1.0,12345678,
7243,mario moreno,,,1,restaurant,,12345678,
7244,myriam diaz del cañizo,,,1,restaurant,,12345678,
7245,quinesax. tc,,,1,restaurant,,12345678,
7246,ana gutierrez,,,1,restaurant,3.0,12345678,
7247,rachel rosen,,,1,restaurant,3.0,12345678,
7248,коломиец ева,,,1,cafe,1.0,12345678,
7249,jmc,,,2,bar,1.5,12345678,
7250,fernando martinez,,,8,bar|restaurant|Bar,1.67,12345678,
7251,marta ramírez martínez,,,2,bar|meal_delivery|meal_takeaway,,12345678,
7252,juan eduardo latorre gálvez,,,1,restaurant,,12345678,
7253,jeffry alexander muñoz muñoz,,,1,night_club,,12345678,
7254,noelia romero,,,1,meal_takeaway|restaurant,,12345678,
7255,maria sanchez valdivia,,,1,meal_takeaway|restaurant,,12345678,
7256,alberto menor,,,1,bakery,,12345678,
7257,hakim el hsissen,,,1,restaurant,,12345678,
7258,jüan lerma,,,1,restaurant,,12345678,
7259,ana pedrosa,,,1,cafe|restaurant,1.0,12345678,
7260,jessica rodríguez,,,1,meal_takeaway|restaurant,1.0,12345678,
7261,beatriz garcía segovia,,,1,meal_takeaway|restaurant,1.0,12345678,
7262,alejandra rienda cantera,,,1,meal_takeaway|restaurant,1.0,12345678,
7263,carlos cm,,,1,restaurant,1.0,12345678,
7264,carmen carpio fernández,,,1,restaurant,,12345678,
7265,maria del carmen romero gonzalez,,,1,bar|cafe|restaurant,1.0,12345678,
7266,efs,,,1,restaurant,2.0,12345678,
7267,tamara pico,,,1,restaurant,,12345678,
7268,emanuele russo,,,1,restaurant,,12345678,
7269,juan jesus garrido valenzuela,,,1,restaurant,1.0,12345678,
7270,antonio jesús medina,,,2,bar|restaurant,1.5,12345678,
7271,irene martinez,,,2,bar|restaurant,2.5,12345678,
7272,alba salas,,,1,bar,1.0,12345678,
7273,luis hervas,,,1,bar,,12345678,
7274,gisela llavore,,,1,bar|cafe|restaurant,1.0,12345678,
7275,marcos rueda montiel,,,1,bar|cafe|restaurant,1.0,12345678,
7276,josé m. hdez.,,,2,restaurant,2.0,12345678,
7277,juan bernardo martínez esteban,,,2,bar|restaurant,2.0,12345678,
7278,agustin martos,,,1,cafe,,12345678,
7279,teresa linares moral,,,2,bar|cafe|restaurant,2.0,12345678,
7280,jesus sampedro,,,2,bar|cafe,2.0,12345678,
7281,javier garcia,,,1,restaurant,2.0,12345678,
7282,ayoub fanou ennemiri,,,1,restaurant,1.0,12345678,
7283,gladiador85,,,2,restaurant,2.0,12345678,
7284,seyneser,,,1,bar|restaurant,,12345678,
7285,katia loeches,,,1,bar|restaurant,2.0,12345678,
7286,roberto mario parra lopez,,,1,bar|restaurant,,12345678,
7287,julo culo,,,1,bar,,12345678,
7288,antonio carrascosa,,,1,bar|cafe|restaurant,1.0,12345678,
7289,frances garcía jiménez,,,1,bar|restaurant,1.0,12345678,
7290,melodi lópez rodríguez,,,1,cafe,1.0,12345678,
7291,jorge grande,,,1,bar,,12345678,
7292,óscar tajuelo,,,1,restaurant,2.0,12345678,
7293,francisco javier romero,,,2,bar|restaurant,,12345678,
7294,fran j.,,,1,bar|restaurant,1.0,12345678,
7295,purifivacion m.l,,,1,bar,,12345678,
7296,francisco quesada,,,1,bar,,12345678,
7297,pedro garau alvarez garau alvarez.,,,1,restaurant,,12345678,
7298,azahara muñoz ramirez,,,1,bar,,12345678,
7299,marcos moreno molina,,,1,restaurant,,12345678,
7300,juana gamez gila,,,1,restaurant,,12345678,
7301,tamara gámez,,,1,restaurant,,12345678,
7302,mariac,,,1,meal_takeaway|restaurant,,12345678,
7303,olga lopez garcia,,,1,meal_takeaway|restaurant,1.0,12345678,
7304,ivan morales,,,1,restaurant,1.0,12345678,
7305,izan martinez,,,1,meal_delivery|meal_takeaway|restaurant,,12345678,
7306,alexsandra pincay santos,,,1,restaurant,,12345678,
7307,joana perez,,,1,restaurant,,12345678,
7308,azahara spoti,,,1,restaurant,,12345678,
7309,usuario google,,,1,restaurant,,12345678,
7310,juan carlos moya escribano,,,1,restaurant,2.0,12345678,
7311,ferran sanchez portella,,,1,cafe|restaurant,1.0,12345678,
7312,tomás díaz,,,1,bar|cafe|restaurant,1.0,12345678,
7313,june fernández,,,1,meal_delivery|meal_takeaway|restaurant,,12345678,
7314,leo garciolo de haro,,,2,bar|meal_takeaway|restaurant,1.5,12345678,
7315,aizhamal kuantay,,,2,cafe,,12345678,
7316,francisco jesus mengibar gutierrez,,,1,restaurant,,12345678,
7317,nieves,,,2,cafe|restaurant,2.0,12345678,
7318,javier hr,,,2,cafe|restaurant,,12345678,
7319,macarena perez,,,1,restaurant,,12345678,
7320,daniel niño miralles,,,2,restaurant|bar,1.5,12345678,
7321,fernando berzosa,,,1,restaurant,,12345678,
7322,maría rubio,,,1,restaurant,,12345678,
7323,mónica gonzález calvo,,,1,cafe|restaurant,,12345678,
7324,alexander gomez galvez,,,1,cafe|restaurant,1.0,12345678,
7325,francisco josé morales viedma,,,1,bar,,12345678,
7326,carmen torres gil,,,1,bar,,12345678,
7327,javi arias,,,1,bar,,12345678,
7328,maria de la villa milla tejero,,,1,cafe|restaurant,1.0,12345678,
7329,alfredo fdez,,,1,cafe|restaurant,1.0,12345678,
7330,ana fernandez,,,1,bar|restaurant,1.0,12345678,
7331,chato,,,1,bar|restaurant,1.0,12345678,
7332,fabrikus f,,,1,bar|restaurant,1.0,12345678,
7333,juan de dios,,,1,bar,,12345678,
7334,antonio zafra,,,1,restaurant,1.0,12345678,
7335,david de los santos,,,1,restaurant,,12345678,
7336,andres leal,,,1,bar|cafe|restaurant,,12345678,
7337,fco urda,,,1,bar|cafe|restaurant,,12345678,
7338,cecilia montes diaz,,,1,bar|restaurant,,12345678,
7339,francisco ruiz lozano,,,1,bar,,12345678,
7340,diego de la torre lagunas,,,1,bar|restaurant,,12345678,
7341,muhammad irfan,,,1,restaurant,,12345678,
7342,manuel jimenez,,,3,bar|Restaurante,2.0,12345678,
7343,ramon vargas balboa,,,1,bar|cafe,1.0,12345678,
7344,laxa._lalaieta 2007,,,1,restaurant,,12345678,
7345,andres sanchez,,,1,meal_delivery|meal_takeaway|restaurant,,12345678,
7346,txus martín,,,1,bar,,12345678,
7347,manuel jimenez gomez,,,1,bar,,12345678,
7348,shere sancho,,,1,bar|cafe|restaurant,1.0,12345678,
7349,manolito fortín,,,1,bar,,12345678,
7350,luis jimenez hernandez,,,1,bar,,12345678,
7351,pedro robles moreno,,,1,bar|cafe|restaurant,1.0,12345678,
7352,la vocecita c.e,,,1,restaurant,1.0,12345678,
7353,ismael saez,,,1,bar|restaurant,,12345678,
7354,laura jiménez,,,1,bar,1.0,12345678,
7355,natalia garcia cozar,,,1,bar|restaurant,,12345678,
7356,luis miguel martín,,,1,bar|restaurant,,12345678,
7357,rocío lópez sierra,,,1,restaurant,,12345678,
7358,ana signes arabí,,,1,bar,1.0,12345678,
7359,pedro j lole,,,1,bar,,12345678,
7360,venus7588,,,1,bakery,,12345678,
7361,antonio lfds,,,1,bar,,12345678,
7362,jordi jordi,,,1,bar,,12345678,
7363,ser gaviria,,,1,restaurant,,12345678,
7364,mari angeles diaz olmo,,,1,restaurant,,12345678,
7365,roberto r.,,,1,bar,,12345678,
7366,manuel jesús santiago ballesteros,,,1,bar,,12345678,
7367,kike arteaga,,,1,bar,1.0,12345678,
7368,luis zumaquero chiachio,,,1,night_club,,12345678,
7369,encarni prados,,,1,bar,,12345678,
7370,sergio ruiz garcía,,,1,bar,,12345678,
7371,lgc,,,1,restaurant,1.0,12345678,
7372,maria villaescusa,,,2,restaurant,2.0,12345678,
7373,inmaculada p-m l,,,2,restaurant|cafe,2.0,12345678,
7374,miriam pinedo,,,1,restaurant,,12345678,
7375,gisela or,,,1,meal_delivery|restaurant,,12345678,
7376,maca antequera,,,1,meal_delivery|restaurant,,12345678,
7377,sara de la fuente,,,1,restaurant,1.0,12345678,
7378,m.carmen postigo cabrera,,,1,restaurant,1.0,12345678,
7379,antonio casado,,,1,restaurant,1.0,12345678,
7380,andrea br,,,1,bar|restaurant,1.0,12345678,
7381,rosa maría lópez gómez,,,1,bar,1.0,12345678,
7382,daniela iossa,,,1,bar,1.0,12345678,
7383,alex b,,,1,restaurant,1.0,12345678,
7384,ana mesones,,,1,restaurant,1.0,12345678,
7385,rut ramírez garcía,,,1,bar|restaurant,1.0,12345678,
7386,pablo monti. garcia,,,1,bar|restaurant,,12345678,
7387,alberto aguayo ortiz,,,1,bar|restaurant,,12345678,
7388,antonio marín mora,,,1,bar,1.0,12345678,
7389,rafa guzman,,,1,restaurant,,12345678,
7390,ramon sans,,,1,bar|cafe,1.0,12345678,
7391,pedro jose roman rubio,,,1,meal_delivery|restaurant,,12345678,
7392,dani santi,,,1,bar|restaurant,1.0,12345678,
7393,alberto osorio,,,2,Restaurante|cafe,2.0,12345678,
7394,expecta mr,,,1,bar,1.0,12345678,
7395,maria a,,,1,cafe,1.0,12345678,
7396,jose jiménez,,,1,bar|restaurant,,12345678,
7397,candido armenteros moreno,,,1,restaurant,,12345678,
7398,josechu ubeda,,,1,bar|restaurant,,12345678,
7399,monica perez valverde,,,1,restaurant,,12345678,
7400,ipliksi mili,,,1,cafe|restaurant,2.0,12345678,
7401,luis manuel luque,,,3,bar|restaurant,1.0,12345678,
7402,antonio luis ocaña,,,1,bar|restaurant,1.0,12345678,
7403,javier olivaw,,,1,bar|cafe|restaurant,,12345678,
7404,miguel ángel corroto rodríguez,,,1,bar,1.0,12345678,
7405,silvia partido,,,1,bar,1.0,12345678,
7406,duplirapid,,,1,cafe,,12345678,
7407,mónica gonzalez,,,1,restaurant,1.0,12345678,
7408,paloma,,,1,restaurant,1.0,12345678,
7409,sofia gómez fernández,,,1,restaurant,1.0,12345678,
7410,yelba villalobos gonzález,,,1,bar|restaurant,1.0,12345678,
7411,miguel mc,,,1,bar,1.0,12345678,
7412,paco c. p,,,1,bar,,12345678,
7413,antonio talero,,,1,bar,1.0,12345678,
7414,manuela molina rodriguez,,,1,restaurant,,12345678,
7415,cristian perez,,,1,restaurant,,12345678,
7416,petronila extremera cachinero (petro),,,1,restaurant,,12345678,
7417,elvira gutierrez,,,1,bakery,1.0,12345678,
7418,gloria g.,,,1,restaurant,,12345678,
7419,noelia lorente garcia,,,2,restaurant|bar,1.0,12345678,
7420,manuel mayer,,,2,restaurant|bar,1.5,12345678,
7421,andrés flores,,,1,restaurant,2.0,12345678,
7422,rafi valera,,,1,restaurant,,12345678,
7423,mmar vg,,,1,restaurant,,12345678,
7424,javi ocon,,,1,restaurant,1.0,12345678,
7425,alejandro mg,,,1,restaurant,1.0,12345678,
7426,gcarmona,,,1,restaurant,,12345678,
7427,david martínez maldonado,,,1,restaurant,,12345678,
7428,silviasr,,,1,restaurant,,12345678,
7429,josé luis zaldívar gonzález,,,1,cafe,,12345678,
7430,andrea baño pascual,,,1,bar|restaurant,,12345678,
7431,rocio troyano beltran,,,1,bar|restaurant,,12345678,
7432,francisco garcía espinosa,,,1,restaurant,,12345678,
7433,maría verónica serrano,,,1,restaurant,,12345678,
7434,emilio moreno,,,1,restaurant,,12345678,
7435,isabel moreno,,,1,cafe,,12345678,
7436,fernando mermela,,,1,bar|restaurant,1.0,12345678,
7437,raquel gomez oliver,,,1,bar|restaurant,1.0,12345678,
7438,sebas morales,,,1,bakery,1.0,12345678,
7439,angel maria larrea,,,1,restaurant,,12345678,
7440,nacho ros,,,1,restaurant,1.0,12345678,
7441,lorena cuevas,,,1,restaurant,1.0,12345678,
7442,agustin usero guirado,,,1,bar|restaurant,,12345678,
7443,may villalba,,,1,restaurant,1.0,12345678,
7444,andrea blanco antunez,,,1,bar,1.0,12345678,
7445,pepa rodriguez,,,1,restaurant,,12345678,
7446,luisa lb,,,2,restaurant,2.0,12345678,
7447,alcotan304,,,1,bar|restaurant,,12345678,
7448,silvia urendez torres,,,1,bar,,12345678,
7449,francisca márquez castilla,,,1,restaurant,1.0,12345678,
7450,raquel d,,,1,bar|restaurant,1.0,12345678,
7451,anita trenas,,,1,bar|restaurant,,12345678,
7452,antonio torru,,,1,bar|cafe,,12345678,
7453,ali shah,,,1,restaurant,1.0,12345678,
7454,antonio cortes flores,,,1,restaurant,1.0,12345678,
7455,juan acosta,,,1,restaurant,1.0,12345678,
7456,maricarmen barranco,,,1,restaurant,1.0,12345678,
7457,rosalia de la cruz,,,1,bar,,12345678,
7458,juana titos garcía,,,1,bakery,,12345678,
7459,natalia capitán,,,1,cafe,1.0,12345678,
7460,vargas torredonjimeno,,,1,cafe,1.0,12345678,
7461,almería juzga,,,1,bar|cafe,1.0,12345678,
7462,salva,,,1,bar|restaurant,1.0,12345678,
7463,manoli la torre mesa,,,1,restaurant,,12345678,
7464,mari carmen ruiz serrano,,,1,meal_delivery,,12345678,
7465,manuel ruano,,,1,bar|restaurant,1.0,12345678,
7466,david peña,,,1,bar|restaurant,1.0,12345678,
7467,pedro jesus liebana,,,1,bar,,12345678,
7468,luis enrique guillen,,,1,restaurant,,12345678,
7469,mari loli rentero algar,,,1,restaurant,,12345678,
7470,julia rr,,,1,restaurant,1.0,12345678,
7471,rafael bueno,,,1,restaurant,1.0,12345678,
7472,daniel vaquerizo sanchez,,,1,restaurant,1.0,12345678,
7473,diego paredes,,,1,restaurant,,12345678,
7474,juan antonio cantarero,,,1,restaurant,,12345678,
7475,juan angel garcía,,,1,restaurant,,12345678,
7476,arantxa porras rivero,,,1,bakery,1.0,12345678,
7477,manu contero,,,1,restaurant,2.0,12345678,
7478,ainhoa segura zariquiegui,,,1,bar|night_club,,12345678,
7479,victoria ss,,,1,bar|cafe|night_club,1.0,12345678,
7480,ismael minguez,,,1,bar|cafe|night_club,1.0,12345678,
7481,alberto huerta ruiz,,,1,bar|restaurant,,12345678,
7482,luis jimenez arias,,,1,bar|restaurant,2.0,12345678,
7483,javier jimenez,,,1,bar|restaurant,1.0,12345678,
7484,valeriano sm,,,1,bakery|cafe,1.0,12345678,
7485,miriam gonzález castillo,,,1,cafe|restaurant,,12345678,
7486,vicente ramon garcia,,,1,restaurant,1.0,12345678,
7487,lázaro sánchez,,,1,bar|restaurant,1.0,12345678,
7488,carolina perez,,,1,bar|restaurant,1.0,12345678,
7489,ildefonso jesús araque ramirez,,,1,bar|restaurant,1.0,12345678,
7490,carolina m.,,,1,restaurant,,12345678,
7491,encarna ximénez,,,1,restaurant,,12345678,
7492,manuel jesus patricio moreno,,,1,restaurant,1.0,12345678,
7493,francisco heras tardío,,,1,restaurant,1.0,12345678,
7494,tania romero gonzalez,,,1,restaurant,1.0,12345678,
7495,maría mercedes cano,,,1,cafe,,12345678,
7496,lourdes morón,,,1,cafe,,12345678,
7497,sonia lópez,,,1,bar|restaurant,2.0,12345678,
7498,luis molina judas,,,1,cafe,,12345678,
7499,noelia cruz poza,,,1,restaurant,1.0,12345678,
7500,mony,,,1,bar,1.0,12345678,
7501,beiita feliz,,,2,bar|restaurant,1.5,12345678,
7502,maggothog,,,1,meal_delivery|meal_takeaway|restaurant,,12345678,
7503,vicente perez,,,3,bar|restaurant,1.5,12345678,
7504,pilar gonzález serrano,,,1,restaurant,2.0,12345678,
7505,rafael rivas,,,1,bar,,12345678,
7506,p fl,,,1,cafe,,12345678,
7507,rg,,,1,cafe,,12345678,
7508,diego fernandez arboledas,,,1,bakery|cafe,1.0,12345678,
7509,sergio cirujano,,,1,restaurant,,12345678,
7510,mar puente maya,,,2,bar|restaurant,2.0,12345678,
7511,alejandro ogalla,,,1,bar,,12345678,
7512,marco a. dasilva,,,1,cafe,,12345678,
7513,gabi serrano mellado,,,1,cafe,1.0,12345678,
7514,miguel angel alonso martos,,,1,restaurant,,12345678,
7515,paula santos,,,1,bar|restaurant,1.0,12345678,
7516,carmen fernández de santa cruz,,,1,bar|restaurant,1.0,12345678,
7517,irene m,,,1,bar|cafe|restaurant,1.0,12345678,
7518,pedro gomez,,,1,bar,,12345678,
7519,maría díaz,,,1,restaurant,2.0,12345678,
7520,almudena pina,,,1,bar|restaurant,1.0,12345678,
7521,carlos tracas tracas,,,1,bar|restaurant,2.0,12345678,
7522,marcos pons,,,1,bar|restaurant,1.0,12345678,
7523,cristobal perez,,,1,bar|restaurant,2.0,12345678,
7524,andrea martínez,,,1,restaurant,2.0,12345678,
7525,anselmo j. montes,,,1,restaurant,,12345678,
7526,carolina palacios,,,1,restaurant,,12345678,
7527,blas jesus diaz marin,,,2,restaurant|bar,2.0,12345678,
7528,antonio martín pérez,,,1,bar|restaurant,1.0,12345678,
7529,irene cuadrado,,,1,bar|restaurant,1.0,12345678,
7530,juana maría garcía gómez,,,1,restaurant,2.0,12345678,
7531,desire tomas,,,2,bar|restaurant,2.0,12345678,
7532,lucia viedma,,,1,restaurant,,12345678,
7533,germán rico,,,1,restaurant,2.0,12345678,
7534,javier robles,,,1,restaurant,,12345678,
7535,juan a martínez,,,1,restaurant,,12345678,
7536,juan antonio piris,,,1,restaurant,1.0,12345678,
7537,bernardo alvarez,,,1,restaurant,3.0,12345678,
7538,yolanda garcia bravo,,,1,meal_takeaway|restaurant,,12345678,
7539,juan manuel cano navarro,,,1,meal_takeaway|restaurant,,12345678,
7540,versace,,,2,restaurant,3.0,12345678,
7541,remi rodríguez,,,1,bar|restaurant,1.0,12345678,
7542,isabel catolica,,,1,restaurant,,12345678,
7543,maria jesús comino maeso,,,1,restaurant,,12345678,
7544,alfredo rivas,,,1,bakery|bar|cafe,1.0,12345678,
7545,alejandra garcía,,,1,bakery|bar|cafe,,12345678,
7546,luis manuel judas cruz,,,1,meal_delivery|meal_takeaway|restaurant,,12345678,
7547,eduardo montalvo ruiz,,,1,restaurant,,12345678,
7548,sergi solis,,,1,restaurant,,12345678,
7549,rocío álvarez corral,,,1,restaurant,1.0,12345678,
7550,irene cantero,,,1,bakery|cafe,,12345678,
7551,gabriel joya,,,1,bar,,12345678,
7552,sergio villoslada,,,1,bar,1.0,12345678,
7553,estefanía carriquí sances,,,1,restaurant,,12345678,
7554,naiara cortes romero,,,1,meal_delivery|meal_takeaway|restaurant,,12345678,
7555,quimiser,,,1,restaurant,,12345678,
7556,pako dt,,,1,cafe,1.0,12345678,
7557,caty t.p.,,,1,bar,,12345678,
7558,manurep71 sf,,,1,bar,,12345678,
7559,maya xx,,,1,meal_takeaway|restaurant,,12345678,
7560,vanesa pareja extremera,,,1,night_club,,12345678,
7561,sergio megias,,,1,bar|restaurant,,12345678,
7562,mario marin,,,1,bar,,12345678,
7563,jose gil,,,1,bakery,,12345678,
7564,andrés jiménez cuenca,,,1,bakery,,12345678,
7565,jox27 0512,,,1,restaurant,,12345678,
7566,l. a.,,,1,bar,1.0,12345678,
7567,alonso utebo,,,1,bar,1.0,12345678,
7568,jose maria ruiz ferrer,,,1,bar,1.0,12345678,
7569,gabriel cl,,,1,bar,,12345678,
7570,nombre apellidos,,,1,bar,,12345678,
7571,pepelou,,,1,bar,,12345678,
7572,laura lópez,,,1,restaurant,,12345678,
7573,jose manuel copado mejías,,,1,bar|meal_takeaway|restaurant,2.0,12345678,
7574,israel josué,,,2,restaurant|bar,,12345678,
7575,salva ceron,,,1,bar|restaurant,1.0,12345678,
7576,moto3z,,,2,bar|restaurant,1.0,12345678,
7577,sergio pérez montesinos,,,1,restaurant,1.0,12345678,
7578,marc cajaraville salas,,,1,restaurant,,12345678,
7579,maria del mar molina aguilar,,,1,bar,,12345678,
7580,francisco jose rodriguez mataran,,,1,bar|restaurant,1.0,12345678,
7581,a. s. plaza,,,1,bar,,12345678,
7582,raquel nùñez garcía,,,1,bar,,12345678,
7583,viajerayeyé,,,1,bar|restaurant,1.0,12345678,
7584,estefania oliver,,,1,bar|restaurant,1.0,12345678,
7585,mcarmen javega,,,1,bar|cafe|restaurant,1.0,12345678,
7586,ali martín,,,1,bar|restaurant,1.0,12345678,
7587,auxi,,,1,bar|restaurant,1.0,12345678,
7588,yesica,,,1,bakery,,12345678,
7589,jass,,,1,bakery,,12345678,
7590,andriiiu andriuuu,,,1,cafe|restaurant,1.0,12345678,
7591,carlos pn (xarly),,,1,meal_takeaway|restaurant,1.0,12345678,
7592,estefanía herráiz fernández,,,1,bar|restaurant,2.0,12345678,
7593,estefanía torres moreno,,,1,bar|restaurant,2.0,12345678,
7594,paqui valderde,,,1,bar|restaurant,1.0,12345678,
7595,elena martinez marin,,,1,restaurant,,12345678,
7596,jose manuel rodríguez laínez,,,1,cafe,1.0,12345678,
7597,belen martos,,,1,bakery,,12345678,
7598,luisa moreno jodar,,,1,bakery,,12345678,
7599,bernardo almagro martos,,,1,restaurant,,12345678,
7600,david fdez. a.,,,1,bar|restaurant,1.0,12345678,
7601,miguel angel perez,,,1,restaurant,1.0,12345678,
7602,josé pérez lopera,,,1,restaurant,,12345678,
7603,lukas almagro,,,1,restaurant,,12345678,
7604,jaime solas lara,,,1,restaurant,,12345678,
7605,antonio lopez pastor,,,1,bar|cafe|restaurant,1.0,12345678,
7606,mónica calderón santiago,,,1,bar,,12345678,
7607,felipe romero,,,1,bar,1.0,12345678,
7608,antonio delgado cárdenas,,,1,restaurant,1.0,12345678,
7609,mercedes diaz becerra,,,1,restaurant,1.0,12345678,
7610,francisco javier barragan garcia,,,1,restaurant,1.0,12345678,
7611,bernardino quiros vieco,,,1,restaurant,,12345678,
7612,arturo garcía,,,1,bar|restaurant,,12345678,
7613,carlos garcia de la torre,,,1,meal_delivery,,12345678,
7614,josé antonio navarro marin,,,1,meal_delivery,,12345678,
7615,veli,,,1,bar|cafe,1.0,12345678,
7616,rafael puerto,,,1,restaurant,2.0,12345678,
7617,migual aluminios,,,1,bar|restaurant,1.0,12345678,
7618,ramon muñoz,,,1,bar|night_club|restaurant,1.0,12345678,
7619,josé domingo r.v.,,,1,restaurant,1.0,12345678,
7620,jose construcciones civantos,,,1,bakery,1.0,12345678,
7621,fernando cifuentes duque,,,2,bar|restaurant|cafe,1.0,12345678,
7622,maría josé campos martínez,,,1,bar|restaurant,1.0,12345678,
7623,jomabama,,,1,bar,,12345678,
7624,pilar fuentes,,,1,bar,,12345678,
7625,germán peragón,,,1,bar,,12345678,
7626,jesus pareja,,,1,bar,,12345678,
7627,fredytaladro,,,1,bar,,12345678,
7628,ignacio caler rodriguez,,,1,bar,,12345678,
7629,tamara perez,,,1,bar|restaurant,1.0,12345678,
7630,angela cano,,,1,bar|restaurant,1.0,12345678,
7631,laura rubio menéndez,,,1,restaurant,,12345678,
7632,elu,,,1,bar|cafe|restaurant,1.0,12345678,
7633,isa moyano,,,1,bar,1.0,12345678,
7634,natalia f.a.,,,1,bar|restaurant,,12345678,
7635,bik rever,,,1,bar|cafe,1.0,12345678,
7636,encarni nagera,,,1,bar|cafe|restaurant,1.0,12345678,
7637,only,,,1,restaurant,,12345678,
7638,melchor ruiz garcía,,,1,restaurant,,12345678,
7639,vanessa chimeno mostaza,,,1,bar|restaurant,1.0,12345678,
7640,rouse marie,,,1,bar|restaurant,1.0,12345678,
7641,lolaloptor,,,1,meal_takeaway|restaurant,,12345678,
7642,conchi mm,,,1,bar|restaurant,1.0,12345678,
7643,tony farrayeh,,,1,restaurant,1.0,12345678,
7644,fonsi xr,,,1,restaurant,,12345678,
7645,sergio padilla,,,1,cafe|restaurant,,12345678,
7646,ceres vx,,,1,cafe|restaurant,,12345678,
7647,maria bravo fuentes,,,1,meal_delivery,,12345678,
7648,bor m,,,1,meal_takeaway|restaurant,1.0,12345678,
7649,sara naranjo,,,1,meal_takeaway|restaurant,1.0,12345678,
7650,margarita ortega,,,1,restaurant,,12345678,
7651,marinieves galindo calero,,,1,restaurant,,12345678,
7652,eduardo martinez,,,1,restaurant,,12345678,
7653,relu nicolae,,,1,cafe,,12345678,
7654,charo mu,,,1,bar,,12345678,
7655,carles galindo,,,1,bar|restaurant,1.0,12345678,
7656,lola p.a,,,1,restaurant,1.0,12345678,
7657,francisco martinez,,,1,restaurant,1.0,12345678,
7658,psyko paranoid,,,1,bar|restaurant,1.0,12345678,
7659,maría esperanza rubio hernán,,,1,restaurant,1.0,12345678,
7660,gonzalo rafael josé jurado nieto,,,1,restaurant,1.0,12345678,
7661,ainhoa palomares,,,1,meal_takeaway|restaurant,1.0,12345678,
7662,pedro rodríguez nájera,,,1,restaurant,,12345678,
7663,curro gonzález poyatos,,,2,restaurant|bakery|cafe,1.0,12345678,
7664,verónica alvarez,,,1,restaurant,,12345678,
7665,francisco javier perez,,,1,restaurant,,12345678,
7666,luis miguel gonzalez,,,2,restaurant,2.0,12345678,
7667,mongaba,,,1,restaurant,,12345678,
7668,pdero cuenca,,,1,night_club,3.0,12345678,
7669,merce valenzuela aguilera,,,1,bar|restaurant,,12345678,
7670,m.isabel rodriguez,,,1,restaurant,,12345678,
7671,rubén josé jiménez delgado,,,1,bar|restaurant,1.0,12345678,
7672,man go,,,2,Bar restaurante|bakery,2.0,12345678,
7673,tartana tartana,,,1,bakery,,12345678,
7674,juan manuel espinosa,,,1,night_club,,12345678,
7675,adrian fernandez guillen,,,1,restaurant,,12345678,
7676,dady sánchez,,,1,restaurant,,12345678,
7677,jose tamajon,,,1,bar,1.0,12345678,
7678,alecrín f.,,,1,bar|cafe,,12345678,
7679,jessica castro,,,1,bar|restaurant,1.0,12345678,
7680,francis muñoz fernandez,,,1,bar|restaurant,1.0,12345678,
7681,jesus ferri,,,1,meal_delivery|meal_takeaway|restaurant,,12345678,
7682,carlos nieto peris,,,1,restaurant,2.0,12345678,
7683,maría s.,,,1,bar|cafe|restaurant,,12345678,
7684,adrián méndez,,,1,bar|cafe|restaurant,1.0,12345678,
7685,yolanda cambra coaching,,,1,cafe|restaurant,,12345678,
7686,aragon spears,,,1,restaurant,,12345678,
7687,william benitez,,,1,restaurant,1.0,12345678,
7688,elisabeth lopez garzon,,,1,restaurant,,12345678,
7689,gloria de san isidro,,,1,bar,1.0,12345678,
7690,danimeloxx,,,1,restaurant,1.0,12345678,
7691,josé david vázquez martínez,,,1,bar|restaurant,1.0,12345678,
7692,gema guerrero,,,2,Restaurante|cafe|restaurant,1.5,12345678,
7693,serious fran,,,1,cafe|restaurant,1.0,12345678,
7694,laura bartolomé,,,1,cafe|restaurant,1.0,12345678,
7695,cecilia iturburu,,,1,bar,,12345678,
7696,josé luis garcía magaña,,,1,restaurant,,12345678,
7697,dolores ruiz gómez,,,1,bar,,12345678,
7698,jesús pérez fernández,,,1,bar|cafe|restaurant,1.0,12345678,
7699,chica con suerte,,,1,restaurant,,12345678,
7700,abjmedina,,,1,restaurant,1.0,12345678,
7701,juan fernando ruiz lópez,,,1,restaurant,1.0,12345678,
7702,nicolas quesada,,,1,bar|restaurant,1.0,12345678,
7703,ana carrasco,,,1,restaurant,1.0,12345678,
7704,jose marcos sánchez ayala,,,1,restaurant,1.0,12345678,
7705,carmen dengra puentes,,,1,bakery,,12345678,
7706,jesús molina,,,1,bakery,,12345678,
7707,miriam martínez,,,1,restaurant,,12345678,
7708,gerardo bustos pretel,,,1,restaurant,,12345678,
7709,francisco josé rodas gonzález (chisco),,,1,restaurant,2.0,12345678,
7710,sara g.h.,,,1,restaurant,2.0,12345678,
7711,nicolas fernandez,,,1,meal_takeaway|restaurant,1.0,12345678,
7712,j l,,,1,restaurant,1.0,12345678,
7713,alfredo lópez lozano,,,1,restaurant,,12345678,
7714,juan ruiz pino,,,1,cafe,,12345678,
7715,esteban peco,,,1,cafe,,12345678,
7716,emeterio goikoterrea,,,1,bar|restaurant,1.0,12345678,
7717,andrea zillner capitain,,,1,bar,,12345678,
7718,chema márquez,,,1,bar,,12345678,
7719,alba ruiz ruiz,,,1,bar,,12345678,
7720,laura sánchez cendrero,,,1,bar,,12345678,
7721,lucia t.r.,,,1,restaurant,1.0,12345678,
7722,maría santacana roales,,,1,cafe|restaurant,,12345678,
7723,baye souri fall,,,1,bar|night_club,,12345678,
7724,mónica jiménez nieto,,,1,bar|night_club,,12345678,
7725,elena rodriguez lopez,,,1,bar|restaurant,1.0,12345678,
7726,francis m,,,1,bakery,,12345678,
7727,roberto robles garcia,,,1,restaurant,,12345678,
7728,ana belén,,,2,bar|restaurant,2.0,12345678,
7729,magdalena b.,,,1,bar|cafe|restaurant,1.0,12345678,
7730,mara,,,2,Restaurante|restaurant,2.0,12345678,
7731,club de senderismo naturicue,,,1,cafe,,12345678,
7732,jesus villarejo,,,1,restaurant,,12345678,
7733,miguel vera,,,1,bar|cafe,,12345678,
7734,tita rodriguez,,,1,bar,1.0,12345678,
7735,tere morales,,,1,bar,1.0,12345678,
7736,angelica arias,,,1,bar,,12345678,
7737,isa m.,,,2,bakery|bar,,12345678,
7738,kutuki,,,1,restaurant,,12345678,
7739,lorena v,,,1,restaurant,,12345678,
7740,n mp (twm),,,1,restaurant,1.0,12345678,
7741,marinieves lorenzo alonso,,,1,restaurant,1.0,12345678,
7742,alex morillo,,,1,restaurant,2.0,12345678,
7743,irene garcía sánchez,,,1,bakery,1.0,12345678,
7744,ankla lagarty (lagarty27),,,1,bakery,1.0,12345678,
7745,hassan ntifi,,,1,restaurant,,12345678,
7746,travel expert,,,1,restaurant,,12345678,
7747,laia blanca gonzález-haba moro,,,1,bar|cafe,1.0,12345678,
7748,daniel lineal,,,1,bar,1.0,12345678,
7749,margarita korobeinik,,,1,bar,1.0,12345678,
7750,laaaureee_,,,1,bar,,12345678,
7751,laura parrilla rus,,,1,restaurant,1.0,12345678,
7752,maría a. sánchez,,,1,restaurant,1.0,12345678,
7753,fran v.m.,,,1,restaurant,,12345678,
7754,skullhongna chacón 2,,,1,restaurant,,12345678,
7755,prado,,,1,restaurant,1.0,12345678,
7756,ana cortés,,,1,restaurant,,12345678,
7757,jesús l. c.,,,1,restaurant,2.0,12345678,
7758,miguel arias,,,1,restaurant,,12345678,
7759,mayo valle,,,1,restaurant,,12345678,
7760,miguel6tr,,,1,restaurant,,12345678,
7761,yolanda mata,,,1,restaurant,1.0,12345678,
7762,alicia garcia albaladejo,,,1,bar|restaurant,1.0,12345678,
7763,natalia ramos,,,1,bar|restaurant,1.0,12345678,
7764,porloscerrosdeubeda,,,1,bar|restaurant,,12345678,
7765,mushu,,,1,restaurant,,12345678,
7766,mayka martinez,,,1,restaurant,,12345678,
7767,marco antonio moreno,,,1,bar,,12345678,
7768,heracles luzio,,,1,bar,,12345678,
7769,juan antonio quirós garcia,,,1,bar,1.0,12345678,
7770,sanchez,,,1,bakery,,12345678,
7771,marina cuesta expósito,,,2,bakery|restaurant,1.0,12345678,
7772,josé -ra,,,1,restaurant,1.0,12345678,
7773,wendy morillo,,,1,bar|cafe,1.0,12345678,
7774,isidoro hoz pina,,,1,bar|cafe,1.0,12345678,
7775,ana belén martínez bermejo,,,1,restaurant,,12345678,
7776,loly garre,,,1,restaurant,1.0,12345678,
7777,miguel catala gregori,,,1,restaurant,1.0,12345678,
7778,nazaret delfa,,,1,bar|restaurant,1.0,12345678,
7779,itxaso21,,,1,bar|cafe,1.0,12345678,
7780,mary jane,,,1,bar,,12345678,
7781,cayetano lopez robles,,,1,night_club,,12345678,
7782,josele,,,1,cafe,,12345678,
7783,maica salido martinez,,,1,restaurant,,12345678,
7784,sergi esteve,,,1,cafe,,12345678,
7785,laura gomez lopez,,,1,bar|restaurant,,12345678,
7786,pedro antonio fabrega cuevas,,,1,bakery|cafe,,12345678,
7787,fernando g,,,1,restaurant,,12345678,
7788,mohammed jmili jemoula,,,1,restaurant,,12345678,
7789,assia bennouna,,,1,restaurant,,12345678,
7790,josé maría quintana,,,1,bar,,12345678,
7791,francisco jose gomera,,,1,bar,1.0,12345678,
7792,olira,,,1,bar|restaurant,1.0,12345678,
7793,nr,,,1,bakery|cafe,1.0,12345678,
7794,pedro 1973,,,1,bakery|cafe,1.0,12345678,
7795,mari lópez,,,2,bar|restaurant,1.5,12345678,
7796,luis bartolome,,,1,bar|cafe|restaurant,,12345678,
7797,drake,,,1,bar|cafe|restaurant,,12345678,
7798,eva martinez,,,1,cafe,,12345678,
7799,elvin vivencias,,,1,bar,1.0,12345678,
7800,javier juarez,,,1,cafe,1.0,12345678,
7801,jesús torres millan,,,1,restaurant,,12345678,
7802,raúl casado,,,1,cafe,,12345678,
7803,juan almazán hernández,,,1,restaurant,1.0,12345678,
7804,sergio collado,,,2,restaurant,1.5,12345678,
7805,jesus pb,,,1,bar|restaurant,1.0,12345678,
7806,carlos bahlsen barros,,,1,cafe|restaurant,,12345678,
7807,jose maria moreno,,,1,bar,,12345678,
7808,tatiana,,,1,restaurant,,12345678,
7809,diana carolina calero murillo,,,1,bar|restaurant,1.0,12345678,
7810,lili vc,,,1,bar|restaurant,1.0,12345678,
7811,eli valencia,,,1,bar|restaurant,1.0,12345678,
7812,karlos martinez gonzalez,,,1,cafe,,12345678,
7813,felipe b.,,,1,cafe|meal_takeaway|restaurant,2.0,12345678,
7814,jose miguel,,,1,cafe|meal_takeaway|restaurant,2.0,12345678,
7815,francisco jiménez gutiérrez,,,1,restaurant,1.0,12345678,
7816,juli c,,,1,cafe,1.0,12345678,
7817,mari carmen quintero (codificate),,,1,cafe|restaurant,,12345678,
7818,óscar d.m.,,,1,cafe|restaurant,,12345678,
7819,francisco r.,,,1,bakery,,12345678,
7820,sergio munuera,,,1,bar|restaurant,1.0,12345678,
7821,fede.r,,,1,bar|restaurant,1.0,12345678,
7822,indiana indi,,,1,bar|restaurant,,12345678,
7823,irel,,,1,bakery,,12345678,
7824,amparo candelas,,,1,bakery|cafe,,12345678,
7825,susana medina marin,,,1,restaurant,,12345678,
7826,hila conde,,,1,cafe,,12345678,
7827,marisa garcia alonso,,,1,bar|restaurant,2.0,12345678,
7828,pedro serrano lópez,,,1,restaurant,,12345678,
7829,manuel garcia perez,,,2,restaurant|bar,2.0,12345678,
7830,pablo moreno,,,1,restaurant,,12345678,
7831,andres ojeda,,,1,restaurant,1.0,12345678,
7832,alejandro romero,,,1,restaurant,1.0,12345678,
7833,segundo mones,,,1,restaurant,2.0,12345678,
7834,pan oz,,,1,restaurant,2.0,12345678,
7835,alonso,,,1,restaurant,2.0,12345678,
7836,maria gonzalez,,,1,restaurant,2.0,12345678,
7837,rosa ruiz,,,1,bar|restaurant,1.0,12345678,
7838,eusebio santos,,,1,bar,,12345678,
7839,juanfernando ruiz,,,1,restaurant,2.0,12345678,
7840,caridad navarro sánchez,,,1,bar,1.0,12345678,
7841,jose marin,,,1,bar,,12345678,
7842,namake magassa,,,1,bar,,12345678,
7843,silvia r.,,,1,restaurant,1.0,12345678,
7844,lidia bueno rodriguez,,,1,bar|restaurant,1.0,12345678,
7845,ana uroz solier,,,1,restaurant,1.0,12345678,
7846,alexa lp,,,1,bar,2.0,12345678,
7847,ana sedano,,,1,bar,2.0,12345678,
7848,visitador 1111,,,1,cafe,,12345678,
7849,mari angeles moreno ruiz,,,1,bar|cafe,1.0,12345678,
7850,celia molina garcia,,,1,bar,,12345678,
7851,pedro antonio linares campos,,,1,bar,1.0,12345678,
7852,armando beltran,,,1,bar|cafe|restaurant,1.0,12345678,
7853,forcabar,,,1,bar|restaurant,1.0,12345678,
7854,sitios de españa,,,1,restaurant,,12345678,
7855,alberto toro,,,1,restaurant,,12345678,
7856,david garcia de pedro,,,1,bar|restaurant,,12345678,
7857,joaquín her.,,,1,bar,,12345678,
7858,marco ortiz,,,1,cafe,,12345678,
7859,violeta nieto,,,1,restaurant,,12345678,
7860,jaime perello bennasar,,,1,bar,,12345678,
7861,ariadna soriano diaz,,,1,bar|restaurant,1.0,12345678,
7862,antonio castilla ortiz,,,1,bar|cafe|restaurant,2.0,12345678,
7863,begoña gonzalez hermosilla,,,1,bar|restaurant,,12345678,
7864,jose luis velez pliego,,,1,bar|restaurant,1.0,12345678,
7865,roxi lmc,,,1,restaurant,,12345678,
7866,alvaro de rus,,,1,restaurant,,12345678,
7867,fati garcia martinez,,,1,restaurant,,12345678,
7868,pedro abad,,,1,bar,1.0,12345678,
7869,arturo,,,1,bar,1.0,12345678,
7870,jose gonzalez tendero,,,1,restaurant,,12345678,
7871,emiliano muñoz,,,1,restaurant,,12345678,
7872,santy gonzalez lopez,,,1,restaurant,,12345678,
7873,admin,,admin@ujaen.es0,0,,,administrador,2003-01-28
7874,Carlos Beltran,,,4,restaurant,3.0,12345678,
7875,Pedro Moreno,,,4,bar|restaurant,1.33,12345678,
7876,Yelitza ruiz,,,4,restaurant|bar,2.75,12345678,
7877,Marisa López,,,3,restaurant|bar,2.0,12345678,
7878,Raultp36,,,3,bar,2.0,12345678,
7879,Jesús C,,,5,bar|restaurant,1.6,12345678,
7880,DJ Jaen,,,4,bar,1.67,12345678,
7881,ANA Arroyo,,,3,Bar|bar|restaurant,2.67,12345678,
7882,Miguel Castillo,,,4,bar|restaurant|Bar,1.5,12345678,
7883,Pablo Fernández,,,6,restaurant,2.8,12345678,
7884,Antonio Carrillo,,,3,restaurant,3.0,12345678,
7885,Eva PA,,,3,Bar|bar|restaurant,2.0,12345678,
7886,Miguel Soto Lopez,,,3,restaurant,3.0,12345678,
7887,Martín de la Torre,,,3,bar|restaurant,2.0,12345678,
7888,Adolfo Calzadilla R,,,4,restaurant|bar,2.33,12345678,
7889,Rocío M.R,,,4,bar|Restaurante|restaurant,1.75,12345678,
7890,Alex Ureña,,,4,restaurant|Restaurante|bar,2.75,12345678,
7891,Joseto Olmedo,,,3,bar,1.5,12345678,
7892,maria1876,,,3,restaurant|bar,2.33,12345678,
7893,Juan Ignacio Martinez Mesa,,,3,restaurant,2.33,12345678,
7894,ana maria tello,,,3,restaurant|bar,2.5,12345678,
7895,agus diez,,,2,Bar|bar,2.0,12345678,
7896,Danooo,,,3,bar|restaurant,2.0,12345678,
7897,ana diaz,,,3,bar,2.0,12345678,
7897,ana diaz,,,3,bar,2.0,12345678,
7898,Miguel CB,,,2,restaurant,3.0,12345678,
7899,Ana Ibañez,,,2,restaurant|bar,1.5,12345678,
7900,Antonio Guillen,,,2,restaurant,2.5,12345678,
7901,José Luis Díaz,,,3,bar|restaurant,1.67,12345678,
7902,Rocio Extremera,,,2,restaurant,2.5,12345678,
7903,Ignacio Luque,,,2,restaurant,2.5,12345678,
7904,Ana Navarro,,,3,restaurant|bar,2.5,12345678,
7904,Ana Navarro,,,3,restaurant|bar,2.5,12345678,
7905,Andres Lopez Carvajal,,,2,restaurant,3.0,12345678,
7906,Andres Tamayo.,,,2,Bar de tapas|bar,2.0,12345678,
7907,Jose luis Vallecillos Reyes,,,2,restaurant|bar,2.5,12345678,
7908,Gustavo Fernández,,,2,restaurant|bar,2.5,12345678,
7909,Haruna _,,,2,restaurant,,12345678,
7910,fran fran,,,3,restaurant,3.0,12345678,
7910,fran fran,,,3,restaurant,3.0,12345678,
7911,conchadeviaje gonzalez “conchadeviaje”,,,2,bar|restaurant,2.0,12345678,
7912,Angelica Segura,,,2,bar|restaurant,2.0,12345678,
7913,Rakel Gutierrez Grrez,,,3,restaurant|bar,2.33,12345678,
7914,francisco javier llorente serrano,,,4,restaurant|bar,1.67,12345678,
7915,Gloria Maria A.F.,,,2,Bar restaurante|bar,2.0,12345678,
7916,Serafin,,,4,bar|restaurant,2.0,12345678,
7917,Javier Flores Chinchilla,,,2,restaurant,,12345678,
7918,Javier Bueno,,,3,bar|restaurant,2.0,12345678,
7919,Charo,,,2,Bar|bar,1.5,12345678,
7920,Jorge Casado aguilera,,,2,restaurant,3.0,12345678,
7921,Marta Bolaños Cardoso,,,2,bar|restaurant,2.0,12345678,
7922,Carmen Fernandez,,,2,restaurant|bar,3.0,12345678,
7923,Sin nombre,,,2,Bar restaurante|bar,2.0,12345678,
7924,Jacinto Angeles,,,2,bar,2.0,12345678,
7925,Carmen S Godoy,,,3,restaurant,2.33,12345678,
7926,Sheyla Sanchez,,,2,bar|restaurant,3.0,12345678,
7927,Sergio Poggio,,,2,restaurant|bar,1.5,12345678,
7928,JUAN FRANCISCO HEREDIA,,,2,bar|restaurant,2.5,12345678,
7929,Cris PG,,,2,Bar|bar,,12345678,
7930,Bien Comío y Bien Bebío,,,2,bar|restaurant,2.0,12345678,
7931,Yo Tu,,,2,'miércoles': '7:00–15:00'|Restaurante,2.0,12345678,
7932,Yasmin Said,,,2,Bar de tapas|Bar restaurante,2.0,12345678,
7933,Joaquin Armenteros,,,2,Bar de tapas|restaurant,2.0,12345678,
7934,Araceli Jubero Puntos,,,2,bar,1.5,12345678,
7935,Joagmo,,,3,bar|restaurant|cafe,2.0,12345678,
7936,DPLL,,,3,bar|restaurant,1.67,12345678,
7937,Víctor Pampliega Pedreira,,,3,restaurant|bar,2.67,12345678,
7938,MariCarmen LB,,,2,Restaurante|bar,,12345678,
7939,Rubiux,,,2,Bar restaurante|bar,2.0,12345678,
7940,BebeRap,,,2,Bar de tapas|bar,1.5,12345678,
7941,Cristina Marín,,,2,bar|restaurant,1.0,12345678,
7942,Salva Muñoz,,,3,bar|restaurant,2.0,12345678,
7943,Cristina Arregui,,,2,restaurant,3.0,12345678,
7944,Nono Espinar Chamorro,,,2,restaurant|bar,2.0,12345678,
7945,P J Martín,,,2,bar|restaurant,1.5,12345678,
7946,Alfonso mm,,,2,'miércoles': '7:00–15:00'|bar,1.5,12345678,
7947,Fa C.D,,,3,bar|restaurant,1.5,12345678,
7948,Nico Aguillón,,,2,restaurant,2.5,12345678,
7949,macarena lopez,,,2,restaurant,2.0,12345678,
7950,Leticia Gallego,,,3,bar,2.0,12345678,
7951,Leti Galiano,,,2,bar,1.5,12345678,
7952,Elsa Corredera Mencia,,,2,bar|restaurant,1.0,12345678,
7953,Elisa Vargas,,,2,restaurant,3.0,12345678,
7954,juanfra garcia,,,2,Restaurante|bar,,12345678,
7955,Lechuga Gourmet,,,2,restaurant,3.0,12345678,
7956,Alfonso Villar,,,2,bar|restaurant,2.0,12345678,
7957,Enrikin Bambarin,,,2,bar|restaurant,1.5,12345678,
7958,Lola Tg,,,2,Bar|restaurant,2.0,12345678,
7959,Alberto Marcos,,,2,restaurant,,12345678,
7960,Juan Peñalver,,,2,restaurant,3.0,12345678,
7961,Francisco Gómez Salas,,,2,restaurant|bar,1.5,12345678,
7962,Ester M E T,,,2,restaurant,3.0,12345678,
7963,Juan luis Paulano,,,2,Bar de tapas|Restaurante,2.0,12345678,
7964,Alfonso Lendínez Castro,,,2,Bar restaurante|bar,2.0,12345678,
7965,Francisco José Vallejo Espinilla,,,2,bar,2.0,12345678,
7966,F J C,,,2,restaurant,2.0,12345678,
7967,Luis Miguel Millán Miralles,,,3,restaurant|bar,2.0,12345678,
7968,Luis Rodríguez,,,2,restaurant|bar,2.5,12345678,
7969,FNC,,,2,restaurant|bar,2.0,12345678,
7970,Nacho H,,,2,restaurant,2.5,12345678,
7971,jesus robles,,,2,restaurant,3.0,12345678,
7972,MARISA GARCIA MARTOS,,,2,Bar restaurante|bar,2.0,12345678,
7973,Natalia Aznar,,,2,bar,1.5,12345678,
7974,Paco Palanca,,,2,restaurant,3.0,12345678,
7975,Gabri Funes,,,2,restaurant|bar,1.0,12345678,
7976,jose luis perez garcia,,,2,bar|restaurant,,12345678,
7977,Laura LerSan,,,2,restaurant,2.0,12345678,
7978,LUIS GARCIA LOPEZ,,,2,bar,2.0,12345678,
7979,juan ignacio,,,2,restaurant,2.0,12345678,
7980,josefa perez melendez,,,2,bar,2.0,12345678,
7981,ALEJANDRO Z,,,3,Bar de tapas|bar|restaurant,,12345678,
7982,LasaficionesdeFernando . es,,,2,restaurant,2.5,12345678,
7983,María Pérez Pérez,,,1,bar|restaurant,1.0,12345678,
7984,María Teresa Cruces Moreno,,,1,restaurant,3.0,12345678,
7985,Olimagina,,,1,restaurant,,12345678,
7986,Omar Cazalilla Perez,,,1,bar,3.0,12345678,
7987,María Verónica Fuentes López,,,1,bar,2.0,12345678,
7988,María TL,,,1,restaurant,3.0,12345678,
7989,Pablo XXXV,,,2,restaurant,2.0,12345678,
7990,María RomeroBuyema,,,1,'miércoles': '7:00–15:00',2.0,12345678,
7991,María López Ponz,,,1,bar|restaurant,2.0,12345678,
7992,María Mata,,,1,bar,2.0,12345678,
7993,María Victoria Robles Díaz,,,1,restaurant,,12345678,
7994,Pablo del Nogal,,,1,bar,,12345678,
7995,Oscar Bauloye,,,1,bar,2.0,12345678,
7996,Olga Jaen,,,1,bar,,12345678,
7997,María Vvv,,,1,bar,,12345678,
7998,Olga Alcazar Aranda,,,1,bar,3.0,12345678,
7999,Oleksandr Byelko,,,1,restaurant,2.0,12345678,
8000,Maxi Pezzotta,,,1,restaurant,2.0,12345678,
8001,Mauricio Padilla,,,1,bar,2.0,12345678,
8002,Pablo2020 Millan,,,1,Bar,,12345678,
8003,Matías Peláez-Martínez,,,1,restaurant,3.0,12345678,
8004,Martin Jaen,,,1,restaurant,3.0,12345678,
8005,Matilde Santiago Lozano,,,1,Bar restaurante,2.0,12345678,
8006,María del Mar Gámez Gutiérrez,,,1,bar|restaurant,2.0,12345678,
8007,Matilde Dominguez,,,1,restaurant,2.0,12345678,
8008,Mateo Vargas,,,1,bar|cafe|restaurant,1.0,12345678,
8009,Olga BERMUDEZ,,,1,Bar restaurante,2.0,12345678,
8010,Olga Berrios,,,1,restaurant,,12345678,
8011,María del mar Nieto Matas,,,1,Bar restaurante,2.0,12345678,
8012,Martin Russling,,,1,restaurant,,12345678,
8013,María del Moral García,,,1,Restaurante,2.0,12345678,
8014,Oscar Canovas García,,,1,restaurant,3.0,12345678,
8015,María José Muela Romero,,,1,restaurant,,12345678,
8016,Mary myvaks,,,1,Bar restaurante,2.0,12345678,
8017,Marysa Cascajo,,,1,restaurant,,12345678,
8018,PEDRO VILCHES POLAINA,,,1,restaurant,3.0,12345678,
8019,Pablo Gonzalez Romero,,,1,'miércoles': '7:00–15:00',2.0,12345678,
8020,Pablo García Morales,,,1,bar|cafe|restaurant,1.0,12345678,
8021,Pablo Carrillo Ruiz,,,1,bar|restaurant,1.0,12345678,
8022,PM,,,1,restaurant,,12345678,
8023,María Elena Marcos Cueva,,,1,restaurant,,12345678,
8024,María Elena Gonzalez,,,1,taberna,2.0,12345678,
8025,María Cruz Franco,,,1,bar,2.0,12345678,
8026,María Cerdán,,,1,bar,2.0,12345678,
8027,María Alcántara Aparicio,,,1,bar,3.0,12345678,
8028,María Cabeza,,,1,bar,2.0,12345678,
8029,María Berrios de Dios,,,1,bar,2.0,12345678,
8030,PR,,,1,bar|restaurant,,12345678,
8031,Pablo Buendía,,,1,bar|restaurant,1.0,12345678,
8032,María Aparicio,,,1,restaurant,,12345678,
8033,PAULA G.R,,,1,Bar,2.0,12345678,
8034,María Fernández,,,2,Bar restaurante|restaurant,2.0,12345678,
8035,Oscar Coronel,,,1,restaurant,3.0,12345678,
8036,Mary ann Castro,,,1,bar|restaurant,,12345678,
8037,Pablo Ospina Ferrer,,,1,bar|restaurant,1.0,12345678,
8038,María Bailen Jiménez,,,1,Bar restaurante,2.0,12345678,
8039,Oscar Izquierdo,,,1,bar,2.0,12345678,
8040,María José De Pablo,,,1,restaurant,3.0,12345678,
8041,María Jose Bayona Ruiz,,,1,bar,2.0,12345678,
8042,Otman Kaaduchi,,,1,bar,2.0,12345678,
8043,María Jiménez Ruiz,,,1,bar,2.0,12345678,
8044,Martín Bacelo,,,1,bar,1.0,12345678,
8045,Pablo Miguel,,,1,Bar restaurante,2.0,12345678,
8046,María Jesús Pérez Jiménez,,,1,Bar de tapas,2.0,12345678,
8047,Pablo Lopez,,,1,restaurant,3.0,12345678,
8048,P CD,,,1,restaurant,,12345678,
8049,María Jesús Aspiunza,,,1,restaurant,,12345678,
8050,Mary D.G.,,,1,restaurant,2.0,12345678,
8051,María Gámez Lechuga,,,1,restaurant,,12345678,
8052,Pablo Herrera Pérez,,,1,restaurant,3.0,12345678,
8053,María Garcia,,,1,Bar,,12345678,
8054,PATRICIA LARES,,,1,Bar restaurante,2.0,12345678,
8055,María Fernández de Molin,,,1,bar,3.0,12345678,
8056,Maximiliano Alvarez Luque,,,1,bar,2.0,12345678,
8057,Mónica Wakanda Ramos,,,1,Bar restaurante,2.0,12345678,
8058,Mayka C.,,,1,restaurant,2.0,12345678,
8059,Miriam Aguilar Romero,,,1,bar,2.0,12345678,
8060,Natalia Peñas Gallego,,,1,bar,3.0,12345678,
8061,Minny Xulita,,,1,bar,2.0,12345678,
8062,Minerva Martin Caldera,,,1,Restaurante,,12345678,
8063,Marta Rodriguez,,,1,restaurant,2.0,12345678,
8064,Natalia Sanchez,,,1,bar,,12345678,
8065,Mimi Malo,,,1,bar,,12345678,
8066,Milagros Gómez M.,,,1,Bar,,12345678,
8067,Nature Adventure,,,1,bar|restaurant,2.0,12345678,
8068,Natàlia Rico,,,1,Bar,,12345678,
8069,Miguel Ángel Soto Navarro,,,1,restaurant,2.0,12345678,
8070,Nayara Ortega Rodríguez,,,1,restaurant,2.0,12345678,
8071,Nazaret Casado Madrero,,,1,restaurant,,12345678,
8072,Nefta,,,1,bar,2.0,12345678,
8073,Miguel Ángel Rueda Montiel,,,1,bar,2.0,12345678,
8074,Nekane B,,,1,bar,,12345678,
8075,Nerea,,,1,bar,2.0,12345678,
8076,Miguel Ángel Moreno,,,2,Bar restaurante|restaurant,2.5,12345678,
8077,Newton,,,1,Restaurante,2.0,12345678,
8078,Miguel Soler,,,1,restaurant,3.0,12345678,
8079,Miriam Castillo,,,1,Bar restaurante,2.0,12345678,
8080,Natalia Navarro,,,1,restaurant,,12345678,
8081,Morcilla Arroz,,,1,restaurant,2.0,12345678,
8082,Móvil de Miguel Ángel,,,1,bar,2.0,12345678,
8083,NOELIA C. M.,,,1,restaurant,3.0,12345678,
8084,Míchel Rybakov,,,1,restaurant,3.0,12345678,
8085,MªDolores Gomar Tinoco,,,1,bar,,12345678,
8086,Mª Sagrario García Castillo,,,1,restaurant,,12345678,
8087,Morcis entertainment,,,1,bar,,12345678,
8088,Montserrat R M,,,1,restaurant,,12345678,
8089,Natalia Diez Vicente,,,2,restaurant|bar,3.0,12345678,
8090,Monica Ubeda,,,1,restaurant,2.0,12345678,
8091,Narciso Salvatella,,,1,Bar restaurante,2.0,12345678,
8092,Monica Torres,,,1,restaurant,,12345678,
8093,Monica Rico,,,1,restaurant,,12345678,
8094,Monica Guerrero,,,1,bar|restaurant,1.0,12345678,
8095,Mokhtar El arraf,,,1,Bar de tapas,2.0,12345678,
8096,Natalia Cumbreras Morales,,,1,restaurant,,12345678,
8097,Miss Saints,,,1,restaurant,,12345678,
8098,Miriam Vargas Sánchez,,,1,restaurant,3.0,12345678,
8099,Miriam Segura,,,1,bar|restaurant,2.0,12345678,
8100,Miguel Sanchez-Gasca,,,1,'miércoles': '7:00–15:00',2.0,12345678,
8101,Miguel Sanchez,,,1,Restaurante,,12345678,
8102,Miguel Sainz,,,1,restaurant,,12345678,
8103,Mayte Martinez Fernandez,,,1,restaurant,2.0,12345678,
8104,Mercedes Sanchez,,,1,bar,,12345678,
8105,Noemi Ortega,,,1,restaurant,3.0,12345678,
8106,Mercedes NR.,,,1,bar|restaurant,1.0,12345678,
8107,Merce Segarra,,,1,bar,1.0,12345678,
8108,Mer Orma,,,1,Bar restaurante,2.0,12345678,
8109,Melisa Castaño torres,,,1,bar|cafe|restaurant,1.0,12345678,
8110,Melanie,,,1,restaurant,,12345678,
8111,Noemi Perez Blanco,,,1,bar,2.0,12345678,
8112,Mazinger J,,,2,bar,2.0,12345678,
8113,Nohemí,,,1,bar,2.0,12345678,
8114,Miguel AMM,,,1,restaurant,3.0,12345678,
8115,Mónica Martín,,,1,bar,2.0,12345678,
8116,Nono Rodríguez,,,2,bar|restaurant,2.0,12345678,
8117,Nuria Arroyo Coll,,,1,restaurant,,12345678,
8118,Mayte Jimenez,,,1,bar,2.0,12345678,
8119,Nuria Gutierrez,,,2,bar|restaurant,1.5,12345678,
8120,Nuria MJ,,,1,bar,,12345678,
8121,Nuria Rodriguez,,,1,bar,1.0,12345678,
8122,Nuria Sanchez,,,1,restaurant,2.0,12345678,
8123,Mayte Guijarro,,,1,Bar restaurante,2.0,12345678,
8124,Mayra Fernández,,,1,bar|restaurant,1.0,12345678,
8125,Midedi,,,1,restaurant,,12345678,
8126,Miguel Oviedo de la Torre,,,1,bar,,12345678,
8127,Miguel Colmenero valdivia,,,1,bar|cafe|restaurant,1.0,12345678,
8128,Miguel Muñoz Carrascosa,,,1,bar,1.0,12345678,
8129,Nico Gómez Jara,,,1,bar,3.0,12345678,
8130,Miguel Lopez Bravo,,,1,restaurant,,12345678,
8131,Miguel Gutierrez Cardenas,,,1,Restaurante,2.0,12345678,
8132,Nico Vilchez,,,1,restaurant,3.0,12345678,
8133,Nicolas Vercesi,,,1,bar,2.0,12345678,
8134,Miguel Daimiel,,,1,bar,1.0,12345678,
8135,Miguel Conejero,,,1,bar,1.0,12345678,
8136,Miguel Angel Benitez Redecillas,,,1,Bar,2.0,12345678,
8137,Nilton Navarro,,,1,Restaurante,2.0,12345678,
8138,Miguel Angel Talens Gonzalez,,,1,Bar restaurante,2.0,12345678,
8139,Miguel Angel Ruiz Garcia,,,1,restaurant,2.0,12345678,
8140,Miguel Angel Ortiz Martin,,,1,bar,,12345678,
8141,Noe,,,2,bar|restaurant,2.0,12345678,
8142,Miguel Angel Orozco Castro,,,1,bar,3.0,12345678,
8143,Noe Menasalvas,,,1,bar|cafe|restaurant,1.0,12345678,
8144,Noelia Asensio Galera,,,1,bar|restaurant,1.0,12345678,
8145,Miguel Angel Estepa Cruz,,,1,'miércoles': '7:00–15:00',2.0,12345678,
8146,Martin Arevalo Hergueta,,,1,restaurant,3.0,12345678,
8147,Maria Nevado,,,1,bar|restaurant,1.0,12345678,
8148,M. R.O,,,1,bar,,12345678,
8149,Lydia García García,,,1,bar|restaurant,1.0,12345678,
8150,M C,,,1,restaurant,,12345678,
8151,M F,,,1,restaurant,,12345678,
8152,M I,,,1,restaurant,,12345678,
8153,M. B.,,,1,restaurant,,12345678,
8154,M.A. Fontecha,,,1,restaurant,3.0,12345678,
8155,Lux Aeterna,,,1,restaurant,,12345678,
8156,M.Carmen Aguilar,,,1,Restaurante,2.0,12345678,
8157,M.Carmen Pérez,,,1,restaurant,2.0,12345678,
8158,MA ZC,,,1,restaurant,,12345678,
8159,MARIA CRUZ ARCOS CIORRAGA,,,1,restaurant,3.0,12345678,
8160,MARIA CRUZ RODRIGUEZ,,,1,Bar restaurante,2.0,12345678,
8161,Lurdes Muro Lopez,,,1,bar,2.0,12345678,
8162,MARIANO ESTEBAN,,,1,bar|restaurant,1.0,12345678,
8163,Luis Ruiz,,,2,Bar|restaurant,2.0,12345678,
8163,Luis Ruiz,,,2,Bar|restaurant,2.0,12345678,
8164,Luis Labrador Flores,,,1,restaurant,2.0,12345678,
8165,Luis Lt,,,1,bar,,12345678,
8166,Luis Mesa (luismesalas),,,1,bar,1.0,12345678,
8167,Luis Rodriguez Martinez,,,1,restaurant,2.0,12345678,
8168,Luis Torres,,,1,Bar de tapas,,12345678,
8169,Luis Valeriano Moya Díaz,,,1,bar|cafe|restaurant,1.0,12345678,
8170,Luis Valverde,,,1,bar,2.0,12345678,
8171,Luisa Pereira,,,1,bar,,12345678,
8172,Luismi Moral,,,1,bar,,12345678,
8173,Luismi Ochoa,,,1,Bar de tapas,2.0,12345678,
8174,MARIA DEL CARMEN COELLO,,,1,bar,1.0,12345678,
8175,MARIOLA GARCIA HERNANDEZ,,,1,bar|restaurant,2.0,12345678,
8176,Manu (Fit and Fat Jaén),,,1,restaurant,,12345678,
8177,Malu Torreño,,,1,restaurant,3.0,12345678,
8178,Mamen Rodriguez Lopez,,,1,bar,2.0,12345678,
8179,Manel Gaston,,,1,bar|restaurant,2.0,12345678,
8180,Manolo,,,2,bar,2.0,12345678,
8181,Manolo Delgado,,,1,restaurant,,12345678,
8182,Manolo Rosa Gutierrez,,,1,bar|restaurant,1.0,12345678,
8183,Manu Arias,,,1,restaurant,3.0,12345678,
8184,Maite Represa,,,1,restaurant,,12345678,
8185,Manuel Angel Tamargo (MATS),,,1,bar,2.0,12345678,
8186,Manuel Angelge Jiménez Rodríguez,,,1,bar,3.0,12345678,
8187,Manuel Barajas,,,1,restaurant,3.0,12345678,
8188,Manuel Calahorro Peinado,,,1,bar,1.0,12345678,
8189,Maje Gonzalez Gullon,,,1,restaurant,2.0,12345678,
8190,Ma Jose Padial,,,1,bar|cafe|restaurant,1.0,12345678,
8191,MC Catena,,,1,Bar restaurante,2.0,12345678,
8192,MGBLEON,,,1,restaurant,3.0,12345678,
8193,MV Almudena Calero Gil,,,1,Bar restaurante,2.0,12345678,
8194,Ma Dolores Campos,,,1,restaurant,3.0,12345678,
8195,Ma Jose M,,,1,restaurant,,12345678,
8196,Maica,,,1,restaurant,,12345678,
8197,Ma Ma,,,1,bar,2.0,12345678,
8198,Mabel A F,,,1,restaurant,2.0,12345678,
8199,Macarena,,,1,taberna,2.0,12345678,
8200,Macarena Gonzalez Dorado,,,1,bar|cafe|restaurant,1.0,12345678,
8201,Magdalena Esteban,,,1,bar,2.0,12345678,
8202,Magic Miu Miu,,,1,bar|cafe|restaurant,1.0,12345678,
8203,Luis García Millán,,,1,restaurant,2.0,12345678,
8204,Luis Fernandez Flores,,,1,bar,,12345678,
8205,Luis CR,,,1,bar,1.0,12345678,
8206,Lianna Gutierrez Marichal,,,1,bar|cafe|restaurant,1.0,12345678,
8207,Leal Santana,,,1,bar,2.0,12345678,
8208,Leo Berjillos,,,1,bar,1.0,12345678,
8209,Leo Perez,,,1,restaurant,3.0,12345678,
8210,Leonor Gutiérrez Rodríguez,,,1,restaurant,,12345678,
8211,Leticia Valdivia,,,1,restaurant,3.0,12345678,
8212,Leyla CY,,,1,bar,2.0,12345678,
8213,Libert0,,,1,restaurant,2.0,12345678,
8214,Laureano López Gómez,,,1,bar|cafe|restaurant,1.0,12345678,
8215,Lidia Cuevas,,,1,restaurant,3.0,12345678,
8216,Lina Martín,,,1,restaurant,3.0,12345678,
8217,Lino Rincón del Toro,,,1,Bar restaurante,2.0,12345678,
8218,Lis,,,1,bar,1.0,12345678,
8219,Lisbeth Rosario,,,1,Restaurante,2.0,12345678,
8220,Laurita Guardia,,,1,bar,2.0,12345678,
8221,Laura Valenzuela González,,,1,restaurant,3.0,12345678,
8222,Luis 0204,,,1,taberna,2.0,12345678,
8223,Laura D. B.,,,1,bar,1.0,12345678,
8224,Lau,,,1,bar,,12345678,
8225,Lau Tall,,,3,bar|restaurant,1.5,12345678,
8226,Laura Alcantara villar,,,1,bar,3.0,12345678,
8227,Laura Alva,,,1,Bar,2.0,12345678,
8228,Laura Calero,,,1,restaurant,3.0,12345678,
8229,Laura Ruiz,,,1,restaurant,2.0,12345678,
8230,Laura Grillo Guzmán,,,1,Bar,,12345678,
8231,Laura Navarrete,,,1,restaurant,,12345678,
8232,Laura R,,,3,restaurant|Restaurante,2.0,12345678,
8232,Laura R,,,3,restaurant|Restaurante,2.0,12345678,
8233,Laura Ramírez Orellana,,,1,bar|cafe|restaurant,1.0,12345678,
8234,Laura Romero Almansa,,,1,bar|cafe|restaurant,1.0,12345678,
8235,Lizt García,,,2,restaurant,2.0,12345678,
8236,Llave cita,,,1,bar,2.0,12345678,
8237,Lo ArMa,,,1,bar,1.0,12345678,
8238,Luca Bianchi,,,1,bar,2.0,12345678,
8239,Los Libros de Minny Libreria Online,,,1,bar,,12345678,
8240,Lou Lwete,,,1,bar,1.0,12345678,
8241,Lourdes Augusto,,,1,restaurant,3.0,12345678,
8242,Lourdes Cañizares,,,1,bar|restaurant,1.0,12345678,
8243,Lourdes Lara Gámez,,,1,restaurant,,12345678,
8244,Lua Fox,,,1,Bar restaurante,2.0,12345678,
8245,Lucas Laarbi,,,1,bar|cafe|restaurant,1.0,12345678,
8246,Lola,,,1,bar|restaurant,2.0,12345678,
8247,Lucas Molina,,,1,bar,1.0,12345678,
8248,Lucia García Zafra,,,1,bar|cafe|restaurant,1.0,12345678,
8249,Lucia Montero Rodriguez,,,1,bar|restaurant,2.0,12345678,
8250,Lucia Requena Aguila,,,1,Bar restaurante,2.0,12345678,
8251,Lucio Rodriguez,,,1,restaurant,,12345678,
8252,Lucía Lázaro Melguizo,,,1,Bar restaurante,2.0,12345678,
8253,Loreto Poves,,,1,bar,2.0,12345678,
8254,Loreto Fernández,,,1,restaurant,2.0,12345678,
8255,Lorenzo Andrades,,,1,Restaurante,2.0,12345678,
8256,Lorena Cambroner,,,1,bar,2.0,12345678,
8257,Lolo Peregrina,,,1,restaurant,2.0,12345678,
8258,Lolita Ibanco,,,1,bar,2.0,12345678,
8259,Loli Ortega,,,1,restaurant,,12345678,
8260,Lola R,,,1,bar|cafe|restaurant,1.0,12345678,
8261,Lola Puerto Beltran,,,1,Bar restaurante,2.0,12345678,
8262,Lola Palacios,,,1,bar,2.0,12345678,
8263,Lola Maestro Alcántara,,,1,bar,1.0,12345678,
8264,Lola Fernández,,,1,bar,3.0,12345678,
8265,Lola Baldoy,,,1,restaurant,3.0,12345678,
8266,Manuel Calvache,,,1,bar,,12345678,
8267,Marta Ramos,,,1,bar|cafe|restaurant,1.0,12345678,
8268,Maria Lorena Ramirez Cruz,,,1,Bar de tapas,2.0,12345678,
8269,Maria Jesús Vázquez,,,1,restaurant,,12345678,
8270,Maria Jose Gonzalez Gonzalez,,,1,'miércoles': '7:00–15:00',2.0,12345678,
8271,Maria Jose Quesada Garcia,,,1,restaurant,,12345678,
8272,Maria Jose Rodriguez,,,1,restaurant,3.0,12345678,
8273,Maria José De la Torre Avalos,,,1,bar,1.0,12345678,
8274,Maria Jesus Fernández Fernández,,,1,bar|restaurant,1.0,12345678,
8275,Maria Manjon,,,1,Bar,2.0,12345678,
8276,Maria Martinez Lara,,,2,restaurant,2.0,12345678,
8277,Maria Merchante Barrera,,,1,Bar de tapas,2.0,12345678,
8278,Paco Alarcón,,,1,restaurant,,12345678,
8279,Maria Rodriguez Gutierrez,,,1,Bar,2.0,12345678,
8280,Maria Jesus Rodero,,,1,restaurant,2.0,12345678,
8281,Maria Isabel Leon Luque,,,1,taberna,2.0,12345678,
8282,Maria del Carmen Arroyo,,,1,restaurant,,12345678,
8283,Maria Buil Señal,,,1,Restaurante,2.0,12345678,
8284,Maria Angeles Gonzalez Arribas,,,1,Bar de tapas,2.0,12345678,
8285,Maria Belen Perez Robledo,,,1,Bar restaurante,2.0,12345678,
8286,Maria Betancourth,,,1,'miércoles': '7:00–15:00',2.0,12345678,
8287,Maria DP,,,1,'miércoles': '7:00–15:00',2.0,12345678,
8288,Maria Hidalgo,,,1,bar,,12345678,
8289,Maria Dolores Fernandez Siria,,,1,restaurant,2.0,12345678,
8290,Maria Glos,,,1,bar,2.0,12345678,
8291,Maria Gómez Mudarra,,,1,restaurant,2.0,12345678,
8292,Maria Teresa Perello,,,1,restaurant,,12345678,
8293,Maria del Mar del Moral,,,1,bar,1.0,12345678,
8294,Manuel Casas Tirado,,,1,restaurant,3.0,12345678,
8295,Marta Asenjo,,,1,restaurant,,12345678,
8296,Mariola,,,1,Restaurante,2.0,12345678,
8297,Mariola Pereira,,,1,bar,2.0,12345678,
8298,Marisa Abolafia,,,1,Bar restaurante,2.0,12345678,
8299,Marta Estrada,,,1,restaurant,,12345678,
8300,Mario Liebanas Johnson,,,1,restaurant,2.0,12345678,
8301,Marta Fernandez,,,1,Bar,2.0,12345678,
8302,Marta Gómez,,,1,restaurant,3.0,12345678,
8303,Marta Lozano,,,1,'miércoles': '7:00–15:00',2.0,12345678,
8304,Marta Mejías López,,,1,restaurant,,12345678,
8305,Marta Moreno Martín,,,1,bar|cafe|restaurant,1.0,12345678,
8306,Marta R.S.,,,1,bar,2.0,12345678,
8307,Mario Medina García,,,1,bar,,12345678,
8308,Mario Jimenez,,,2,restaurant|bar,1.0,12345678,
8308,Mario Jimenez,,,2,restaurant|bar,1.0,12345678,
8309,Maria del Mar Álvarez Fernández,,,1,bar|restaurant,1.0,12345678,
8310,Maria del Pilar Anguita Garcia,,,1,Restaurante,2.0,12345678,
8311,Maria esther pastor pardo,,,1,bar,2.0,12345678,
8312,Marian,,,1,bar,,12345678,
8313,Mariano del Valle,,,1,restaurant,3.0,12345678,
8314,Maribel Martínez López,,,4,restaurant|Bar|bar,2.25,12345678,
8315,Maribel Ureña Vega,,,1,Bar restaurante,2.0,12345678,
8316,Mariluz,,,1,bar,2.0,12345678,
8317,Marina Muabe,,,2,restaurant,2.5,12345678,
8318,Marina Peiró,,,1,Bar restaurante,2.0,12345678,
8319,Mario Chanivet Perez,,,1,bar|restaurant,1.0,12345678,
8320,Mario Edgar Jose Hernando,,,1,bar,3.0,12345678,
8321,Mari Ángeles Muñoz de León,,,1,Bar restaurante,,12345678,
8322,Mari Carmen Lara,,,1,Bar restaurante,2.0,12345678,
8323,Mari Carmen Gómez Moreno,,,1,restaurant,2.0,12345678,
8324,Manuel Mérida,,,1,restaurant,,12345678,
8325,Manuel M.,,,1,bar,2.0,12345678,
8326,Manuel Martinez Arias,,,1,restaurant,2.0,12345678,
8327,Manuel Montaner,,,1,bar,2.0,12345678,
8328,Manuel Moral,,,1,restaurant,2.0,12345678,
8329,Manuel Pastor,,,1,Restaurante,2.0,12345678,
8330,Manuel Jota,,,2,bar,2.0,12345678,
8331,Manuel Quintero,,,1,'miércoles': '7:00–15:00',2.0,12345678,
8332,Manuel Reyes,,,1,bar,2.0,12345678,
8333,Manuel Rodríguez,,,1,bar,2.0,12345678,
8334,Manuel Rodríguez Gallego,,,1,restaurant,,12345678,
8335,Manuel Romera Cabrera,,,1,restaurant,3.0,12345678,
8336,Manuel Jordan Cruz,,,1,Bar de tapas,2.0,12345678,
8337,Mari Carmen Garcia,,,1,restaurant,2.0,12345678,
8338,Manuel Gomez Z,,,1,bar|restaurant,1.0,12345678,
8339,Manuel Comino Jiménez,,,1,bar,,12345678,
8340,Manuel Cozar,,,1,Bar restaurante,2.0,12345678,
8341,Manuel Espinosa,,,1,restaurant,,12345678,
8342,Manuel Expósito,,,1,bar,2.0,12345678,
8343,Manuel Gomar,,,1,bar|restaurant,2.0,12345678,
8344,Manuel Gonzalez,,,2,restaurant,2.0,12345678,
8345,Manuel Gómez Parrilla,,,1,bar|restaurant,1.0,12345678,
8346,Manuel Hernández Yera,,,1,bar,3.0,12345678,
8347,Manuel Herrador Gutierrez,,,1,bar,2.0,12345678,
8348,Manuel Jesus Estevez Martin,,,1,bar|restaurant,1.0,12345678,
8349,Manuel Jesus Moral Lopez (manv_lopez),,,1,restaurant,,12345678,
8350,Manuel Jesús Troyano,,,1,bar,2.0,12345678,
8351,Manuel Sanchez Florido,,,1,restaurant,,12345678,
8352,Marga Rodriguez,,,1,bar,2.0,12345678,
8353,Marco S.M C,,,1,Restaurante,2.0,12345678,
8354,Marcos Barrio González,,,1,bar|restaurant,1.0,12345678,
8355,Marcos P,,,1,restaurant,,12345678,
8356,Margarita Garcia,,,1,restaurant,3.0,12345678,
8357,Manuel Serrano Galvez,,,1,bar,2.0,12345678,
8358,Mari,,,1,bar,2.0,12345678,
8359,Mari Ama,,,1,restaurant,2.0,12345678,
8360,Mari C.,,,1,Bar restaurante,2.0,12345678,
8361,Mari Carmen Asecas,,,1,bar|restaurant,1.0,12345678,
8362,Mari Carmen Cárdenas,,,1,bar,2.0,12345678,
8363,Mari Carmen Donaire,,,1,restaurant,,12345678,
8364,Marco Ruiz,,,1,Bar de tapas,2.0,12345678,
8365,Marcela Perez,,,1,Bar restaurante,2.0,12345678,
8366,Marcela Aranguren Mejia,,,2,restaurant,,12345678,
8367,Marabunta,,,1,bar,2.0,12345678,
8368,Mara Viciana,,,1,bar,,12345678,
8369,Mar Ramos Torres,,,1,bar,3.0,12345678,
8370,Mar PC,,,1,restaurant,2.0,12345678,
8371,Mar M.L.,,,1,restaurant,2.0,12345678,
8372,Manuela Hornos,,,1,restaurant,,12345678,
8373,Manuela D V,,,1,bar,1.0,12345678,
8374,Manuel Zafra,,,1,taberna,2.0,12345678,
8375,Manuel Visiedo de Amo,,,1,restaurant,3.0,12345678,
8376,Manuel Ventura Raya,,,1,bar,2.0,12345678,
8377,Manuel SutilBa,,,1,Bar restaurante,2.0,12345678,
8378,10-10,,,1,bar|cafe|restaurant,1.0,12345678,
8379,Paco BM,,,1,bar,3.0,12345678,
8380,claudia garcia,,,2,'miércoles': '7:00–15:00'|bar,2.0,12345678,
8381,carlos moreta rodilla,,,1,restaurant,2.0,12345678,
8382,carmen moran,,,1,Bar restaurante,2.0,12345678,
8383,celia fernandez lopez,,,1,bar,,12345678,
8384,celia martinez alcaraz,,,1,restaurant,,12345678,
8385,chari jimenez,,,1,restaurant,,12345678,
8386,conchi pernia,,,1,bar|cafe|restaurant,1.0,12345678,
8387,cachirri el tio cachi,,,1,'miércoles': '7:00–15:00',2.0,12345678,
8388,criguttor,,,1,bar,,12345678,
8389,cristobal medina aguilar,,,1,Bar restaurante,2.0,12345678,
8390,cristobal triguero herrera,,,1,restaurant,3.0,12345678,
8391,daniel barroso,,,1,restaurant,2.0,12345678,
8392,daniel garcia martinez,,,1,'miércoles': '7:00–15:00',2.0,12345678,
8393,daniel sierra,,,1,restaurant,2.0,12345678,
8394,carlos RL,,,1,bar,2.0,12345678,
8395,begoña garcia,,,1,Bar restaurante,2.0,12345678,
8396,david navarrete,,,1,Restaurante,,12345678,
8397,alex8bcn,,,1,bar|cafe|restaurant,1.0,12345678,
8398,alfonso jesus diaz,,,1,bar,2.0,12345678,
8399,alicia garcia perez,,,1,restaurant,2.0,12345678,
8400,amalia alonso delgado,,,1,Bar,,12345678,
8401,andrea de la torre,,,1,restaurant,2.0,12345678,
8402,beatriz garcia marin,,,1,Restaurante,2.0,12345678,
8403,angel machin,,,1,Bar restaurante,2.0,12345678,
8404,angeles estepa diaz,,,1,Bar restaurante,2.0,12345678,
8405,angelica Ospina palma,,,2,restaurant|bar|cafe,1.0,12345678,
8406,anibal padilla,,,1,restaurant,3.0,12345678,
8407,antonio minuesa duran,,,1,bar,3.0,12345678,
8408,apechugaito,,,1,bar,2.0,12345678,
8409,david García de la Cámara (david),,,1,Bar restaurante,2.0,12345678,
8410,demeter1800anubis (Murcielago),,,1,'miércoles': '7:00–15:00',2.0,12345678,
8411,alex fdez,,,1,'miércoles': '7:00–15:00',2.0,12345678,
8412,francisco javier rosales nieto,,,1,restaurant,,12345678,
8413,fermin cabrero capiscol,,,1,bar,1.0,12345678,
8414,formatren 2020,,,1,restaurant,,12345678,
8415,fran soler,,,1,restaurant,2.0,12345678,
8416,francisco de castro,,,1,bar,2.0,12345678,
8417,francisco franco numancia,,,1,bar,2.0,12345678,
8418,felipe jimenez,,,1,restaurant,3.0,12345678,
8419,francisco sanchez,,,1,restaurant,,12345678,
8420,franklyn matos,,,1,bar,,12345678,
8421,genesis alvarez,,,1,bar,,12345678,
8422,gloria Mb,,,1,restaurant,,12345678,
8423,gonzalo concepcion megia,,,1,restaurant,,12345678,
8424,guada jimenez,,,1,bar,2.0,12345678,
8425,felix casanova,,,1,bar|restaurant,1.0,12345678,
8426,emma garcia,,,1,bar|restaurant,2.0,12345678,
8427,diego benitez martinez,,,1,Bar restaurante,2.0,12345678,
8428,elena martínez cobo,,,1,bar,1.0,12345678,
8429,eli pinto,,,1,restaurant,2.0,12345678,
8430,emi montilla casas,,,1,bar,2.0,12345678,
8431,encar cgsc,,,1,restaurant,,12345678,
8432,fatima espinosa,,,1,Restaurante,,12345678,
8433,enrique lopez,,,1,restaurant,3.0,12345678,
8434,esperanza leyva,,,1,restaurant,2.0,12345678,
8435,ester moral,,,1,Bar restaurante,2.0,12345678,
8436,eufrasio diaz ortega,,,1,Bar restaurante,2.0,12345678,
8437,eva mercado,,,1,bar,2.0,12345678,
8438,alex recio,,,1,restaurant,2.0,12345678,
8439,iker__,,,1,bar,2.0,12345678,
8440,Vilma PL,,,1,Bar restaurante,2.0,12345678,
8441,Vicky,,,1,bar,2.0,12345678,
8442,Victor Villada,,,1,Bar de tapas,2.0,12345678,
8443,Victoria Delgado,,,1,restaurant,3.0,12345678,
8444,Victoria Gosparini,,,1,bar|restaurant,1.0,12345678,
8445,Villaporrichi,,,1,bar,,12345678,
8446,Vir Fernandez,,,1,bar,3.0,12345678,
8447,Vicente Muñoz El Chapista,,,1,bar,2.0,12345678,
8448,Virgilio Martínez,,,1,restaurant,,12345678,
8449,Virginia A. A.,,,1,restaurant,3.0,12345678,
8450,Virginia Garrido Pulido,,,1,taberna,2.0,12345678,
8451,Virginia Peña,,,2,bar|restaurant,2.0,12345678,
8452,Virginia Serrano Gamez,,,1,bar,2.0,12345678,
8453,Vicente Rodriguez,,,2,restaurant,2.5,12345678,
8454,Vicente Canales Peña,,,1,bar,3.0,12345678,
8455,Virgy AKA DELANTAL Y ESCOBA,,,1,Restaurante,2.0,12345678,
8456,Veronica Lopez,,,1,bar,2.0,12345678,
8457,Valeria Montero Campillo,,,1,'miércoles': '7:00–15:00',2.0,12345678,
8458,Vanesa Martinez Reche,,,1,restaurant,,12345678,
8459,Vanessa Sanchez Espinosa,,,1,bar|cafe|restaurant,1.0,12345678,
8460,Vassago Kun,,,1,bar,,12345678,
8461,Vega,,,2,bar|restaurant,2.5,12345678,
8462,Veronica Mar,,,1,Restaurante,2.0,12345678,
8463,Vic Garcia Samblas,,,1,restaurant,,12345678,
8464,Veronica Redecillas Romero,,,1,bar|restaurant,1.0,12345678,
8465,Veronica S. A.,,,1,restaurant,3.0,12345678,
8466,Verónica Arroyo,,,1,bar,1.0,12345678,
8467,Verónica Godoy,,,1,restaurant,2.0,12345678,
8468,Verónica Torrijos,,,1,bar,,12345678,
8469,Virginio Núñez,,,1,Bar restaurante,2.0,12345678,
8470,Vittoria De Raymondi,,,1,restaurant,2.0,12345678,
8471,Zeus Cortes Narvaez,,,1,restaurant,3.0,12345678,
8472,Yu,,,1,bar,1.0,12345678,
8473,Yun Arretureta,,,1,Bar de tapas,2.0,12345678,
8474,Yunai Fernández,,,1,restaurant,2.0,12345678,
8475,Zaida Jurado,,,1,bar,2.0,12345678,
8476,Zamaniego,,,1,bar,,12345678,
8477,Zancajeo,,,1,restaurant,2.0,12345678,
8478,Zm80,,,1,restaurant,,12345678,
8479,Yolanda Tellez Martinez,,,1,bar,2.0,12345678,
8480,_.aauurooraa16._,,,1,bar,2.0,12345678,
8481,aaa aaa,,,1,restaurant,2.0,12345678,
8482,abuwelove,,,1,restaurant,,12345678,
8483,adri ruiz martínez,,,1,bar,2.0,12345678,
8484,agus fernandez,,,1,bar,2.0,12345678,
8485,Yovana Oviedo,,,1,bar|restaurant,,12345678,
8486,Yolanda Sallavera Martinez,,,1,bar|restaurant,1.0,12345678,
8487,Vivi García,,,1,Bar restaurante,2.0,12345678,
8488,Volha,,,1,Bar restaurante,2.0,12345678,
8489,Víctor Manuel,,,1,bar,1.0,12345678,
8490,Víctor Martínez Jover,,,1,bar,2.0,12345678,
8491,YOLANDA RAMIREZ LUCENA,,,1,bar|cafe|restaurant,1.0,12345678,
8492,Yolanda Palomino Ramírez,,,1,bar,,12345678,
8493,Yennifer Marin,,,1,restaurant,,12345678,
8494,Yepetin,,,1,Bar,,12345678,
8495,Yolanda Bargueño,,,1,restaurant,2.0,12345678,
8496,Yolanda Caballero Carrasco,,,1,bar,,12345678,
8497,Yolanda Ordóñez García,,,1,bar,2.0,12345678,
8498,guillermo no te digo mi apellido,,,1,bar,,12345678,
8499,infantee_2,,,1,'miércoles': '7:00–15:00',2.0,12345678,
8500,Paco Baldoy,,,2,bar|restaurant,2.5,12345678,
8501,pit forcallo,,,1,bar,2.0,12345678,
8502,paco peraba,,,1,bar,3.0,12345678,
8503,paqui campos,,,1,bar,3.0,12345678,
8504,patricia perez,,,1,Bar restaurante,2.0,12345678,
8505,pedro rubio,,,1,bar|restaurant,1.0,12345678,
8506,pilar cruz estrella,,,1,bar|restaurant,,12345678,
8507,pa. c,,,1,restaurant,,12345678,
8508,reyes chamorro barranco,,,1,bar|restaurant,2.0,12345678,
8509,robertbd82,,,1,restaurant,,12345678,
8510,rosa carmen rosas martin,,,1,bar,,12345678,
8511,rosa hernandez ortega,,,2,restaurant,3.0,12345678,
8512,rosa solis,,,1,bar,2.0,12345678,
8513,ruben González Morcillo,,,1,bar|cafe|restaurant,1.0,12345678,
8514,pablo marin mellado,,,1,bar,2.0,12345678,
8515,olga H F,,,1,bar|restaurant,1.0,12345678,
8516,salvador martinez jimenez,,,2,bar|restaurant,2.0,12345678,
8517,natalia espinosa pulido,,,1,bar,,12345678,
8518,mloli carmona,,,1,bar|restaurant,1.0,12345678,
8519,mmdlch MMDLCH,,,1,bar,2.0,12345678,
8520,monica villar,,,1,bar,2.0,12345678,
8521,montserrat marcial,,,1,bar,2.0,12345678,
8522,nalanalanala carrillo vazquez,,,1,Bar,,12345678,
8523,natalia mp,,,1,bar,2.0,12345678,
8524,ocferi,,,1,restaurant,2.0,12345678,
8525,nicoloco,,,1,Bar restaurante,2.0,12345678,
8526,nizegul,,,1,bar|restaurant,1.0,12345678,
8527,noee,,,1,bar|restaurant,1.0,12345678,
8528,nutriZiona - JORGE MARTÍNEZ,,,1,bar|restaurant,1.0,12345678,
8529,ruth stafford,,,1,Bar restaurante,,12345678,
8530,sandra tamayo arias,,,1,bar,2.0,12345678,
8531,miranda rj,,,1,bar,2.0,12345678,
8532,Ángel López,,,2,bar|restaurant,2.0,12345678,
8533,Álvaro Vivanco Barbudo,,,1,restaurant,3.0,12345678,
8534,Álvaro de Castro López,,,1,Bar restaurante,2.0,12345678,
8535,Álvaro del Balzo Castillo,,,1,Bar restaurante,2.0,12345678,
8536,Ángel Espinosa,,,1,Restaurante,,12345678,
8537,Ángel M,,,1,Bar restaurante,2.0,12345678,
8538,Álvaro González,,,1,bar,,12345678,
8539,Ángel Morales González,,,1,restaurant,,12345678,
8540,Ángela Lorente Gómez,,,1,bar,2.0,12345678,
8541,Ángeles Cacruz,,,1,restaurant,2.0,12345678,
8542,Óscar Castro,,,1,bar,2.0,12345678,
8543,Óscar Vega Reguilón,,,1,bar,,12345678,
8544,Álvaro Moles Romero,,,1,bar,1.0,12345678,
8545,yeni brujan,,,1,bar|restaurant,1.0,12345678,
8546,santyago moro,,,1,bar|restaurant,1.0,12345678,
8547,suSAna Díaz Ramírez,,,1,Bar,2.0,12345678,
8548,sara delgado herrero,,,1,bar|restaurant,2.0,12345678,
8549,seba lucena,,,1,restaurant,2.0,12345678,
8550,sh0w! Snowden,,,1,bar,,12345678,
8551,sofia cobito,,,1,bar|cafe|restaurant,1.0,12345678,
8552,sslliaaa,,,1,Bar,2.0,12345678,
8553,virginia del hoyo delgado,,,1,bar|restaurant,1.0,12345678,
8554,susana muñoz estrada,,,1,bar,2.0,12345678,
8555,teresa mora,,,1,Bar de tapas,2.0,12345678,
8556,tinajero,,,1,restaurant,3.0,12345678,
8557,toni cucala,,,1,restaurant,2.0,12345678,
8558,valentin perez rodriguez,,,1,Bar restaurante,2.0,12345678,
8559,miriam cuartero,,,1,restaurant,,12345678,
8560,inma Pau,,,1,bar,1.0,12345678,
8561,jose antonio contreras santiago,,,1,Bar de tapas,2.0,12345678,
8562,jose carlos sanchez,,,1,bar,2.0,12345678,
8563,jose zafra,,,1,bar,2.0,12345678,
8564,juan manuel vilar moreno,,,1,bar,2.0,12345678,
8565,juan miguel Ramírez Aranda,,,1,Bar de tapas,,12345678,
8566,juanma jm,,,1,Restaurante,2.0,12345678,
8567,jolenny joselin,,,1,Bar,2.0,12345678,
8568,karin_ skyblue,,,1,bar,2.0,12345678,
8569,lenneth valkyrie,,,1,bar,2.0,12345678,
8570,leticia millanfotod,,,1,bar,2.0,12345678,
8571,lolillio,,,1,Bar de tapas,2.0,12345678,
8572,lorena sutil,,,1,restaurant,,12345678,
8573,josde blas aranda,,,1,'miércoles': '7:00–15:00',2.0,12345678,
8574,joja naje,,,1,bar,,12345678,
8575,luis montane,,,1,restaurant,2.0,12345678,
8576,ismael buitrago garcia,,,1,bar,2.0,12345678,
8577,irene koken thuis,,,1,bar,2.0,12345678,
8578,iriche reina quiros,,,1,Bar,,12345678,
8579,isabel extremera escabias,,,1,Restaurante,,12345678,
8580,isabel garcia valencia,,,1,bar,,12345678,
8581,isabelyjuanito cm,,,1,Bar de tapas,2.0,12345678,
8582,isma iglesias,,,1,Restaurante,2.0,12345678,
8583,iván jueves,,,1,restaurant,3.0,12345678,
8584,joaquin garrido,,,1,restaurant,2.0,12345678,
8585,jaime perez jurado,,,1,bar|cafe|restaurant,1.0,12345678,
8586,jamdinho76,,,1,restaurant,3.0,12345678,
8587,jesus soto,,,1,restaurant,,12345678,
8588,joaquin alonso,,,1,bar|restaurant,,12345678,
8589,luis paiz,,,1,restaurant,3.0,12345678,
8590,miguel garcia peralta,,,1,restaurant,3.0,12345678,
8591,marysol burgos,,,1,restaurant,2.0,12345678,
8592,maribel cobo,,,1,restaurant,,12345678,
8593,marina rus lopez,,,1,Bar restaurante,2.0,12345678,
8594,mario garcia machado,,,1,Bar,2.0,12345678,
8595,marta poza vega,,,1,bar|cafe|restaurant,1.0,12345678,
8596,marta puerto vazquez,,,1,Bar,2.0,12345678,
8597,marussela40,,,1,restaurant,,12345678,
8598,mati mg,,,2,bar,2.0,12345678,
8599,mariangeles chica,,,1,Bar restaurante,2.0,12345678,
8600,melissa vargas,,,1,Restaurante,2.0,12345678,
8601,mellitos69gmail.esi4k Moreno Perez,,,1,restaurant,,12345678,
8602,mercedes escurin,,,1,bar,,12345678,
8603,mercedes gonzalez,,,1,bar,2.0,12345678,
8604,merceria mis cositas,,,1,bar,3.0,12345678,
8605,maria jose viedma ramirez,,,1,restaurant,3.0,12345678,
8606,manuel lopez del valle,,,1,bar,2.0,12345678,
8607,m.angeles moya gomez,,,1,Bar restaurante,2.0,12345678,
8608,manolo carrollo,,,1,Bar de tapas,2.0,12345678,
8609,manuel bedoya alejandre,,,1,restaurant,3.0,12345678,
8610,mari carmen casado avila,,,1,restaurant,2.0,12345678,
8611,maria jose higuero fernandez,,,1,Bar,,12345678,
8612,maria carmen Morales,,,1,Bar de tapas,2.0,12345678,
8613,maria chamorro,,,2,bar|restaurant,2.0,12345678,
8614,maria del prado Carrizal,,,1,restaurant,3.0,12345678,
8615,maria gonzalez alguacil,,,1,bar,2.0,12345678,
8616,maria isabel Plaza,,,1,bar|restaurant,,12345678,
8617,maria jose alabarce alabarce,,,1,bar,2.0,12345678,
8618,Valentina Moretti Fernandez,,,1,restaurant,3.0,12345678,
8619,VMC,,,1,bar,2.0,12345678,
8620,Rafael Gonzalez,,,1,restaurant,3.0,12345678,
8621,Rafael Ariza Paliza,,,1,bar|restaurant,1.0,12345678,
8622,Rafael Blasco,,,1,bar|restaurant,1.0,12345678,
8623,Rafael Camacho Muñoz,,,1,restaurant,3.0,12345678,
8624,Rafael Carlos Valenzuela Delgado,,,1,restaurant,,12345678,
8625,Rafael Castellano,,,1,Restaurante,2.0,12345678,
8626,Rafael Chica Garcia,,,1,bar,,12345678,
8627,Rafa Olmo,,,1,bar,2.0,12345678,
8628,Rafael Mata,,,1,Restaurante,2.0,12345678,
8629,Rafael Nacher,,,1,restaurant,2.0,12345678,
8630,Rafael Perez,,,1,bar,2.0,12345678,
8631,Rafael Ruiz Martos,,,1,Bar restaurante,2.0,12345678,
8632,Rafael Sabalete Sánchez,,,1,bar,2.0,12345678,
8633,Rafael Valdez Tauroni,,,1,bar|restaurant,2.0,12345678,
8634,Rafa Ortega de Manuel,,,1,bar|restaurant,1.0,12345678,
8635,Rafa Cano,,,1,restaurant,2.0,12345678,
8636,Rai Linares,,,1,bar,2.0,12345678,
8637,RAFAEL BALDOY,,,1,restaurant,2.0,12345678,
8638,Quim Ballester Rovira,,,1,bar,2.0,12345678,
8639,R. Alvani,,,1,bar|restaurant,1.0,12345678,
8640,R. G. M.,,,1,bar,,12345678,
8641,RAFA Estrella,,,1,bar|restaurant,1.0,12345678,
8642,RAFAEL MARTOS,,,1,Bar de tapas,2.0,12345678,
8643,Rafa Calvero,,,1,bar|restaurant,,12345678,
8644,ROCIO MARTINEZ COLLADO,,,1,Bar restaurante,2.0,12345678,
8645,ROSA MARTÍNEZ,,,1,'miércoles': '7:00–15:00',2.0,12345678,
8646,RYG INMOBILIARIA,,,1,restaurant,3.0,12345678,
8647,Rafa A,,,1,bar,2.0,12345678,
8648,Rainer Hohlbein,,,2,bar,1.0,12345678,
8649,Prudencio Jose Gonzalez Villar,,,1,restaurant,3.0,12345678,
8650,Ricardo Rivera,,,1,restaurant,,12345678,
8651,Raúl Palacios,,,1,Bar de tapas,,12345678,
8652,Rebeca Sarra,,,1,bar|restaurant,,12345678,
8653,"Restaurante ""El Alfar"" de Consuegra",,,1,Bar,2.0,12345678,
8654,Reycotel Jaen,,,1,restaurant,3.0,12345678,
8655,Reyes Suner Moscardo,,,1,restaurant,2.0,12345678,
8656,Ricardo Rodriguez,,,1,bar,2.0,12345678,
8657,Raúl Contreras,,,1,'miércoles': '7:00–15:00',,12345678,
8658,Ricardo Rojas,,,1,restaurant,,12345678,
8659,Ricardo Romero López,,,1,bar,,12345678,
8660,Riosellano Astur,,,1,bar,2.0,12345678,
8661,Rita,,,3,bar|restaurant,2.67,12345678,
8662,Roberto Lopez,,,1,bar|restaurant,1.0,12345678,
8663,Roberto Navidades,,,1,restaurant,3.0,12345678,
8664,Raúl Guardia cámara,,,1,bar|restaurant,1.0,12345678,
8665,Raul Quesada Ruiz,,,1,bar,2.0,12345678,
8666,Ramon Perez Ramirez,,,1,Bar restaurante,2.0,12345678,
8667,Raquel Ordóñez Peña,,,1,bar,,12345678,
8668,Ramón Fernández Reguero,,,1,restaurant,,12345678,
8669,Ramón Fuentes Garrido,,,1,restaurant,2.0,12345678,
8670,Ramón Luque Sureda,,,2,restaurant,3.0,12345678,
8671,Raquel Arias Gomez,,,1,Bar restaurante,2.0,12345678,
8672,Raquel Fábrega Cuadros,,,1,bar,3.0,12345678,
8673,Raquel Ortega Rodríguez,,,1,Bar de tapas,2.0,12345678,
8674,Raul Pegalajar,,,1,'miércoles': '7:00–15:00',2.0,12345678,
8675,Raquel Saera,,,1,bar,2.0,12345678,
8676,Raquel cc,,,1,restaurant,,12345678,
8677,Raul Domínguez Oliva,,,1,Bar,,12345678,
8678,Raul Gallego,,,1,Bar restaurante,,12345678,
8679,Raul Guerra Gómez,,,1,Bar restaurante,2.0,12345678,
8680,Purificación Fernández,,,1,bar,1.0,12345678,
8681,Prof. Vando França,,,1,bar,1.0,12345678,
8682,Paula López Arcos,,,1,restaurant,2.0,12345678,
8683,Patricia Palomino García,,,1,bar,2.0,12345678,
8684,Patty Cardozo,,,1,restaurant,,12345678,
8685,Pau Pedr,,,1,bar,2.0,12345678,
8686,Paula Chaichio Orpez,,,1,restaurant,3.0,12345678,
8687,Paula Ranchal Garcia,,,1,Bar restaurante,2.0,12345678,
8688,Patricia Mejias Gracia,,,1,Restaurante,2.0,12345678,
8689,Paula Rivera,,,1,'miércoles': '7:00–15:00',2.0,12345678,
8690,Pedro Aceituno,,,1,bar,2.0,12345678,
8691,Pedro Antón,,,1,restaurant,3.0,12345678,
8692,Pedro Barragan,,,1,restaurant,,12345678,
8693,Pedro Benito Castro Arroyo,,,1,bar|restaurant,1.0,12345678,
8694,Patricia Oviedo,,,1,bar,1.0,12345678,
8695,Patricia González López,,,1,Bar restaurante,2.0,12345678,
8696,Paola Sánchez González,,,1,Bar,,12345678,
8697,Paco Lara,,,1,bar|cafe|restaurant,1.0,12345678,
8698,Paco Perales,,,1,bar,1.0,12345678,
8699,Paloma Ojeda Fernández,,,1,restaurant,2.0,12345678,
8700,Paloma td,,,2,restaurant|bar,2.5,12345678,
8701,Paqui Galvez,,,1,bar,2.0,12345678,
8702,Patricia Cobo,,,1,bar,3.0,12345678,
8703,Paqui Peña,,,1,Bar restaurante,2.0,12345678,
8704,Paqui R,,,1,restaurant,2.0,12345678,
8705,Paquita Sala,,,1,bar,2.0,12345678,
8706,Paquito Toledano,,,1,'miércoles': '7:00–15:00',2.0,12345678,
8707,Pedro Garcia Vázquez,,,1,restaurant,2.0,12345678,
8708,Polly,,,1,Bar de tapas,2.0,12345678,
8709,Pilar Garcia Sanchez,,,1,restaurant,2.0,12345678,
8710,Pilar Aguilar Pericacho,,,1,Bar de tapas,2.0,12345678,
8711,Pilar B.J.,,,1,bar|cafe|restaurant,1.0,12345678,
8712,Pilar Espinosa,,,2,bar,2.0,12345678,
8713,Pilar Galdon,,,1,restaurant,2.0,12345678,
8714,Pilar M.,,,1,bar,1.0,12345678,
8715,Pepe Guerrero,,,1,restaurant,,12345678,
8716,Pilar Muñoz González,,,1,restaurant,,12345678,
8717,Pilar Ordoñez,,,1,bar,,12345678,
8718,Pilar ÁNGELES,,,1,bar,2.0,12345678,
8719,Pinchito,,,1,restaurant,,12345678,
8720,Pinguinillo .Eu,,,1,bar,,12345678,
8721,Pepe FUENTES PASTRANA,,,1,restaurant,,12345678,
8722,Pedro Javier Gregorio Román,,,1,Restaurante,2.0,12345678,
8723,Pedro Muñoz,,,2,restaurant,3.0,12345678,
8724,Pedro Jes Garcia Herrera,,,1,bar,,12345678,
8725,Pedro Lloret Ramírez,,,1,restaurant,,12345678,
8726,Pedro Martinez Garcia,,,1,restaurant,,12345678,
8727,Pedro Moga Jimenez,,,2,'miércoles': '7:00–15:00'|restaurant,2.0,12345678,
8728,Pedro Palomares,,,1,restaurant,2.0,12345678,
8729,Pepe Delpino,,,1,Bar restaurante,2.0,12345678,
8730,Pedro Rodríguez,,,1,bar|restaurant,1.0,12345678,
8731,Pedro Salmerón Palomo,,,1,restaurant,,12345678,
8732,Pedro de las Heras Ortiz,,,2,restaurant,3.0,12345678,
8733,Pekenautas,,,1,restaurant,3.0,12345678,
8734,Lara Là,,,1,bar,2.0,12345678,
8735,Roberto Navío (Robnalu),,,1,restaurant,3.0,12345678,
8736,Roberto V,,,1,bar,3.0,12345678,
8737,Rocio Boix,,,1,bar|restaurant,2.0,12345678,
8738,Siles,,,1,bar|cafe|restaurant,1.0,12345678,
8739,Silvia Dominguez,,,2,bar|restaurant,2.5,12345678,
8740,Silvia Morillas Palma,,,1,bar|restaurant,,12345678,
8741,Silviagg 04,,,1,bar,2.0,12345678,
8742,Silvio Zimmermann,,,1,Bar de tapas,,12345678,
8743,Sindri98,,,1,bar,2.0,12345678,
8744,Soledad Benitez,,,1,restaurant,2.0,12345678,
8745,Seviy69,,,1,bar,,12345678,
8746,Sonia DC,,,1,bar|restaurant,1.0,12345678,
8747,Sonia Domingo Valderrama,,,1,Bar de tapas,2.0,12345678,
8748,Sonia L M,,,1,Bar restaurante,2.0,12345678,
8749,Sonia Liñán,,,1,bar,2.0,12345678,
8750,Sonia Marín Nogales,,,1,restaurant,,12345678,
8751,Sonia Moreno Montes,,,1,restaurant,2.0,12345678,
8752,Sergio vega,,,1,restaurant,,12345678,
8753,Sonia Vicente De Pablo,,,1,bar,,12345678,
8754,Saray Briones,,,1,restaurant,2.0,12345678,
8755,Saul Paredes Borja,,,1,bar,,12345678,
8756,Sebastian Siruela,,,1,bar|restaurant,1.0,12345678,
8757,Sebastián Moya Jurado,,,1,restaurant,3.0,12345678,
8758,Sensi Sánchez,,,1,restaurant,,12345678,
8759,Sere Fuentes barbero,,,1,bar|cafe|restaurant,1.0,12345678,
8760,Sergio Escudero,,,1,restaurant,,12345678,
8761,Sergio Torres,,,2,bar|restaurant,2.0,12345678,
8762,Sergio GA,,,1,restaurant,,12345678,
8763,Sergio HM,,,1,Bar,,12345678,
8764,Sergio Marchal Lopez,,,1,bar,2.0,12345678,
8765,Sergio Martínez Abolafia,,,1,restaurant,,12345678,
8766,Sergio Tavira,,,2,bar,2.0,12345678,
8767,Sonia Torres Olmo,,,1,bar,2.0,12345678,
8768,Sonin Bataller,,,1,bar,2.0,12345678,
8769,Rocio Dominguez,,,1,bar|cafe|restaurant,1.0,12345678,
8770,Toñi Gutiérrez,,,1,bar,2.0,12345678,
8771,Tomipedromaria “Tomi”,,,1,restaurant,,12345678,
8772,Tomás Jiménez,,,1,Bar,2.0,12345678,
8773,Toñi Cobos Ríos,,,1,restaurant,,12345678,
8774,Toño de la Torre,,,1,Bar restaurante,2.0,12345678,
8775,Trini Heredia Sáez,,,2,restaurant,2.0,12345678,
8776,Trinidad Canton,,,1,'miércoles': '7:00–15:00',2.0,12345678,
8777,Trinidad Martínez Rubio,,,1,bar,1.0,12345678,
8778,Trish Edwards,,,1,restaurant,,12345678,
8779,Tomas Cg,,,1,restaurant,,12345678,
8780,Susana Ramirez Torres,,,1,restaurant,3.0,12345678,
8781,Suara Baal,,,1,restaurant,3.0,12345678,
8782,Suco Pdv,,,1,bar,2.0,12345678,
8783,Susana Fernández,,,1,bar,2.0,12345678,
8784,Susi Croft,,,1,bar,,12345678,
8785,The Single Gourmet,,,1,restaurant,,12345678,
8786,TRESS,,,2,bar|restaurant,2.0,12345678,
8787,Tamara del Estal,,,1,bar,2.0,12345678,
8788,Tere Cep,,,1,'miércoles': '7:00–15:00',2.0,12345678,
8789,Teresa Cívico,,,1,restaurant,,12345678,
8790,Teresa Escalante,,,1,bar|restaurant,2.0,12345678,
8791,Teresa G.G.,,,4,bar|restaurant,2.0,12345678,
8792,Sarah G,,,1,bar,2.0,12345678,
8793,Sara Ogaban Peinado,,,1,restaurant,,12345678,
8794,Sara Morales Ortiz,,,1,bar,2.0,12345678,
8795,Rosa María López Tarragona,,,1,bar,,12345678,
8796,Rosa Arias,,,1,Bar de tapas,2.0,12345678,
8797,Rosa C.,,,1,bar,,12345678,
8798,Rosa Cano hernandez,,,2,restaurant|bar,2.0,12345678,
8799,Rosa Castilla,,,1,restaurant,,12345678,
8800,Rosa Martín Barranco,,,1,restaurant,,12345678,
8801,Rosa María Díaz González,,,1,Bar restaurante,2.0,12345678,
8802,Rosa Siles,,,1,bar|cafe|restaurant,1.0,12345678,
8803,Romi,,,1,bar,,12345678,
8804,Rosa Torre,,,1,bar,,12345678,
8805,Rosa Vico,,,1,Bar restaurante,2.0,12345678,
8806,Rosalía,,,1,restaurant,3.0,12345678,
8807,Rosana,,,1,restaurant,2.0,12345678,
8808,Rosario Torrecillas,,,1,Bar restaurante,2.0,12345678,
8809,Román Garcia,,,1,bar,,12345678,
8810,Roger Martin,,,1,Bar restaurante,2.0,12345678,
8811,Sara Manzano,,,1,bar,,12345678,
8812,Rocio Serrano González,,,1,Bar restaurante,2.0,12345678,
8813,Rocio Liebana,,,1,bar,,12345678,
8814,Rocio Molina Muñoz,,,1,bar,,12345678,
8815,Rocio Navarro,,,1,bar,2.0,12345678,
8816,Rocio Perez,,,2,restaurant|bar,2.5,12345678,
8816,Rocio Perez,,,2,restaurant|bar,2.5,12345678,
8817,Rocio Rodriguez Contreras,,,1,restaurant,,12345678,
8818,Rocio delaPuente,,,1,Bar restaurante,2.0,12345678,
8819,Rogelio Santos,,,1,bar,2.0,12345678,
8820,Rocío Aguilera Sánchez,,,1,Bar,2.0,12345678,
8821,Rocío Arias Muñoz,,,1,bar,,12345678,
8822,Rocío Buendía,,,1,bar,2.0,12345678,
8823,Rocío Chamorro Salas,,,1,restaurant,3.0,12345678,
8824,Rodrigo Atila Atila,,,1,bar,2.0,12345678,
8825,Rubber Moreno Zarza,,,1,bar,2.0,12345678,
8826,Ruben,,,1,Restaurante,2.0,12345678,
8827,Santi Panadero,,,1,restaurant,,12345678,
8828,Sandra Hornos Aguirre,,,1,restaurant,3.0,12345678,
8829,Sandra RF,,,1,bar|cafe|restaurant,,12345678,
8830,Sandra Saf,,,1,Bar de tapas,2.0,12345678,
8831,Sandra Valero,,,1,bar,2.0,12345678,
8832,Santi LG,,,1,Bar de tapas,,12345678,
8833,Santi Moral,,,1,restaurant,2.0,12345678,
8834,Santiago Feito,,,1,restaurant,2.0,12345678,
8835,Ruben De La Casa,,,1,'miércoles': '7:00–15:00',2.0,12345678,
8836,Santiago Ferreyra,,,1,restaurant,3.0,12345678,
8837,Sara Cámara del Salto,,,1,Restaurante,2.0,12345678,
8838,Sara I,,,1,restaurant,2.0,12345678,
8839,Sandra Gómez,,,1,restaurant,2.0,12345678,
8840,Sandra Fernández García,,,1,Bar restaurante,2.0,12345678,
8841,Salvador Orozco casado,,,1,Bar restaurante,2.0,12345678,
8842,Salvador Garcia Garcia,,,1,bar,1.0,12345678,
8843,Salvador Bonacasa,,,1,restaurant,3.0,12345678,
8844,Salua Khanafer,,,1,restaurant,,12345678,
8845,Salomé Valverde,,,1,Bar restaurante,2.0,12345678,
8846,Saioa Vicente,,,1,restaurant,,12345678,
8847,Sagea,,,1,bar,2.0,12345678,
8848,SERGIO CABRERA GÓMEZ,,,2,bar|restaurant,2.5,12345678,
8849,SANDRA FERNANDEZ,,,1,bar|restaurant,2.0,12345678,
8850,Ryna Molina,,,1,Bar de tapas,2.0,12345678,
8851,Rubén Prieto,,,1,Bar,,12345678,
8852,Rubén Cañadas,,,1,bar|cafe|restaurant,1.0,12345678,
8853,Ruben Quecas,,,1,'miércoles': '7:00–15:00',2.0,12345678,
8854,Ruben Muñoz,,,1,Bar restaurante,,12345678,
8855,Ruben Garcia,,,1,bar|cafe|restaurant,1.0,12345678,
8856,Lara Merchante Barrera,,,1,Bar de tapas,2.0,12345678,
8857,Juan Sánchez Gallo,,,1,bar,2.0,12345678,
8858,Lamaja Segura,,,1,Bar restaurante,,12345678,
8859,Carrillo Bailen,,,1,Bar restaurante,2.0,12345678,
8860,Cati Pons,,,1,restaurant,2.0,12345678,
8861,Celi Batalla,,,1,bar,2.0,12345678,
8862,Celia Del Barco,,,1,bar,3.0,12345678,
8863,Celia Gómez,,,1,restaurant,3.0,12345678,
8864,Celia Parejo Benítez,,,1,Bar,,12345678,
8865,Celia Ruiz,,,1,restaurant,3.0,12345678,
8866,Chabe2000,,,1,bar,2.0,12345678,
8867,Chary Soler carrasco,,,1,Bar restaurante,2.0,12345678,
8868,Chrisha,,,1,bar,2.0,12345678,
8869,Christian Santos Langguth,,,1,restaurant,3.0,12345678,
8870,Chus Fernández,,,1,Restaurante,,12345678,
8871,Cintia Carmona Puertas,,,1,bar|cafe|restaurant,1.0,12345678,
8872,Carolina Vázquez Ruiz,,,1,'miércoles': '7:00–15:00',2.0,12345678,
8873,Carolina Redondo Manrique,,,1,bar,,12345678,
8874,Carolina Latorre,,,1,bar,2.0,12345678,
8875,Carmen Q.,,,1,restaurant,3.0,12345678,
8876,Carmen Cornejo,,,1,restaurant,,12345678,
8877,Carmen DV,,,1,restaurant,,12345678,
8878,Carmen Gallego Doñamayor,,,1,restaurant,,12345678,
8879,Carmen L.,,,1,bar|restaurant,2.0,12345678,
8880,Carmen Marin,,,1,bar|restaurant,2.0,12345678,
8881,Carmen Munuera Vicente,,,1,bar,1.0,12345678,
8882,Carmen Ruiz Guirado,,,1,restaurant,3.0,12345678,
8883,Carmen S. (KrmnSM),,,1,bar,3.0,12345678,
8884,Carmen Vallejo Alarcón,,,1,Bar de tapas,2.0,12345678,
8885,Carmen Van der Sander,,,1,bar,2.0,12345678,
8886,Carmen byb,,,1,bar|cafe|restaurant,1.0,12345678,
8887,Carmen maría Mm,,,1,bar|restaurant,1.0,12345678,
8888,Carol Carol,,,1,Restaurante,2.0,12345678,
8889,Ciudadano Baena,,,1,bar,1.0,12345678,
8890,Cristina Martínez,,,1,bar,2.0,12345678,
8891,Cristina Android,,,1,Bar de tapas,2.0,12345678,
8892,Cristina Bagdon,,,1,Bar restaurante,,12345678,
8893,Cristina Cobo,,,1,bar|restaurant,1.0,12345678,
8894,Cristina Lopez,,,1,bar,2.0,12345678,
8895,Cristina Martínez Páramo,,,1,restaurant,,12345678,
8896,Cristina Navío,,,1,restaurant,,12345678,
8897,Cristina Yuste Martinez,,,1,bar,,12345678,
8898,Cristobal,,,1,restaurant,3.0,12345678,
8899,Cristobal Jaén,,,1,bar,2.0,12345678,
8900,Conchi Garcia Olmos,,,1,bar|restaurant,2.0,12345678,
8901,Claudia Baliñas,,,1,restaurant,,12345678,
8902,Claudia Lara,,,1,Bar restaurante,2.0,12345678,
8903,Claudia María Galafet Pons,,,1,Bar de tapas,2.0,12345678,
8904,Claudia Muñoz,,,1,Bar restaurante,2.0,12345678,
8905,Claudia Rivera,,,1,bar|cafe|restaurant,1.0,12345678,
8906,Claudia Vañó,,,1,restaurant,2.0,12345678,
8907,Congui Bayron,,,1,restaurant,2.0,12345678,
8908,Cristian Romero Cruz,,,1,Bar restaurante,2.0,12345678,
8909,Cope Junior,,,1,restaurant,3.0,12345678,
8910,Cris Diaz,,,1,bar,2.0,12345678,
8911,Cris Gar,,,1,Bar restaurante,2.0,12345678,
8912,Cristian Caballero,,,1,restaurant,2.0,12345678,
8913,Cristian Ilas,,,1,restaurant,3.0,12345678,
8914,Carmen Colmenero Avila,,,1,restaurant,,12345678,
8915,Carmen Aguilera,,,1,Bar,,12345678,
8916,Cruz Martin,,,1,restaurant,3.0,12345678,
8917,Belen Palacios serrano,,,1,bar,2.0,12345678,
8918,Belen Soler,,,1,bar,1.0,12345678,
8919,Belencita 00,,,1,'miércoles': '7:00–15:00',2.0,12345678,
8920,Belén B,,,1,Bar,2.0,12345678,
8921,Belén Fernández,,,1,bar,3.0,12345678,
8922,Belén Guadalupe,,,1,restaurant,,12345678,
8923,Belén Munuera,,,1,bar,,12345678,
8924,Betty Betty,,,1,bar,2.0,12345678,
8925,Bienvenida Cañuelo Pardo,,,1,restaurant,,12345678,
8926,Bienvenido Plaza Leal,,,1,bar,2.0,12345678,
8927,Blanca Diez,,,1,restaurant,,12345678,
8928,Blas Torres,,,1,bar|restaurant,2.0,12345678,
8929,Borja Conde,,,1,Bar restaurante,2.0,12345678,
8930,Belen Navas astorga,,,1,restaurant,3.0,12345678,
8931,Belen Moreno,,,1,restaurant,3.0,12345678,
8932,Belen Arjona,,,1,restaurant,2.0,12345678,
8933,Beatriz del Barco,,,1,restaurant,2.0,12345678,
8934,Beatriz F,,,2,bar|restaurant,1.5,12345678,
8935,Beatriz Lopez,,,1,'miércoles': '7:00–15:00',2.0,12345678,
8936,Beatriz MB,,,1,Bar restaurante,2.0,12345678,
8937,Beatriz Rojas,,,1,bar,2.0,12345678,
8938,Beatriz Tejero Gómez,,,1,bar,3.0,12345678,
8939,"Bebe, come, ama",,,1,bar,2.0,12345678,
8940,Belen Alonso Macías,,,1,restaurant,,12345678,
8941,Beel Tomas,,,1,bar,2.0,12345678,
8942,Bego G.hidalgo,,,1,bar,2.0,12345678,
8943,Bego L,,,1,restaurant,3.0,12345678,
8944,Begoña L.,,,1,bar,,12345678,
8945,Belen A,,,1,bar,2.0,12345678,
8946,Borja Miño,,,1,restaurant,3.0,12345678,
8947,Brenda Hernández Suarez,,,1,restaurant,2.0,12345678,
8948,Bruno Sanchez Casas,,,1,restaurant,,12345678,
8949,Carlos Rescalvo,,,1,restaurant,3.0,12345678,
8950,Carlos Martínez González,,,1,restaurant,3.0,12345678,
8951,Carlos Martínez Rueda,,,1,restaurant,2.0,12345678,
8952,Carlos Menendez,,,1,bar,,12345678,
8953,Carlos Mulero Vega,,,1,bar|restaurant,2.0,12345678,
8954,Carlos Müller,,,1,bar,2.0,12345678,
8955,Carlos Ochoa Parreño,,,1,bar,1.0,12345678,
8956,Carlos Rodríguez,,,1,bar|cafe|restaurant,1.0,12345678,
8957,Carlos Jandra Crespo,,,1,'miércoles': '7:00–15:00',2.0,12345678,
8958,Carlos Romli,,,1,restaurant,2.0,12345678,
8959,Carlos Salas,,,1,bar|restaurant,1.0,12345678,
8960,Carlos Santos,,,1,bar,2.0,12345678,
8961,Carlos Vázquez Ortiz,,,1,bar,2.0,12345678,
8962,Carlos Martin Garcia,,,1,bar,1.0,12345678,
8963,CRISTOBAL TROYANO PALOMARES,,,1,Restaurante,2.0,12345678,
8964,CarloS Hs,,,1,bar|cafe|restaurant,1.0,12345678,
8965,CRISTÓBAL BELTRÁN,,,1,bar,2.0,12345678,
8966,Café negro,,,1,Bar restaurante,2.0,12345678,
8967,Calma,,,1,bar,,12345678,
8968,Campeón de mi barrio.,,,2,bar,2.0,12345678,
8969,Candela Maynar,,,1,bar,2.0,12345678,
8970,Carlitos Trekking,,,1,bar|restaurant,,12345678,
8971,Carlos Espinosa Cano,,,1,Bar restaurante,2.0,12345678,
8972,Carlos Arboledas,,,1,Bar de tapas,2.0,12345678,
8973,Carlos C,,,2,bar|restaurant,2.0,12345678,
8974,Carlos Cirauqui Gonzalez,,,1,bar,,12345678,
8975,Carlos Cuervo,,,1,restaurant,2.0,12345678,
8976,Carlos Dominguez,,,1,restaurant,,12345678,
8977,Curro Soldán Infante,,,1,bar,2.0,12345678,
8978,Beatriz Beatriz,,,1,bar,,12345678,
8979,EVA Ibanez Hdez,,,1,restaurant,2.0,12345678,
8980,Edgar,,,2,Bar restaurante|bar,2.0,12345678,
8981,Edgar Nuñez,,,1,restaurant,,12345678,
8982,Edgardo Tekiel,,,1,restaurant,3.0,12345678,
8983,Edoardo Piubelli,,,1,restaurant,2.0,12345678,
8984,Edu Paiva,,,1,bar,2.0,12345678,
8985,Edu Rueda,,,1,bar,,12345678,
8986,Eduardo Esono,,,1,'miércoles': '7:00–15:00',2.0,12345678,
8987,Eduardo FERNANDEZ,,,1,Bar restaurante,2.0,12345678,
8988,Eduardo Pimentel,,,3,restaurant|bar,2.5,12345678,
8989,Edward D. Robertson,,,1,bar,2.0,12345678,
8990,Ela C.L,,,1,restaurant,,12345678,
8991,ENRIQUE SANCHEZ GODOY,,,2,bar,1.5,12345678,
8992,ENRIQUE MORENO,,,1,restaurant,2.0,12345678,
8993,EMI VIGARA,,,1,restaurant,3.0,12345678,
8994,Diego Alexandr7,,,1,Bar restaurante,2.0,12345678,
8995,Diego Cabrera,,,2,restaurant,2.5,12345678,
8996,Diego Fernández,,,1,bar,3.0,12345678,
8997,Diego García,,,1,restaurant,,12345678,
8998,Diego González González,,,1,bar|restaurant,1.0,12345678,
8999,Diego Jesús Jimenez Padilla,,,1,bar,2.0,12345678,
9000,Diego Miguel Rodriguez Godino,,,1,bar,,12345678,
9001,ELISA ARTALEJO BARINAGA,,,1,bar,2.0,12345678,
9002,Diego Sierra Aviles,,,1,Bar restaurante,2.0,12345678,
9003,Dj Pu3bl4,,,1,Bar,,12345678,
9004,Dolores Niño Aragon,,,1,bar,,12345678,
9005,Donte,,,1,taberna,2.0,12345678,
9006,Drpm Mprd,,,1,bar,1.0,12345678,
9007,E Duben,,,1,restaurant,2.0,12345678,
9008,Elena Craus,,,1,restaurant,3.0,12345678,
9009,Elena Navarrete,,,1,restaurant,3.0,12345678,
9010,Erick Patron,,,1,Restaurante,2.0,12345678,
9011,Enrique,,,1,restaurant,,12345678,
9012,Enrique Calderat Barrera,,,1,Bar de tapas,2.0,12345678,
9013,Enrique Guerri,,,1,bar,1.0,12345678,
9014,Enrique Gutiérrez Lara,,,1,Restaurante,2.0,12345678,
9015,Enriquejfalmagro,,,1,bar|restaurant,,12345678,
9016,Eowyn Connor,,,1,Bar,2.0,12345678,
9017,Erik Bentvelzen Lara,,,1,bar|cafe|restaurant,1.0,12345678,
9018,Encarni Álvarez,,,1,restaurant,2.0,12345678,
9019,Erika G,,,1,restaurant,3.0,12345678,
9020,Esperanza Nieves,,,1,bar,2.0,12345678,
9021,Estefania Pulido,,,2,Bar|bar,,12345678,
9022,Estefanía Tosar,,,1,bar,2.0,12345678,
9023,Estela,,,1,bar,2.0,12345678,
9024,Eno Traveller,,,1,bar,1.0,12345678,
9025,Encarni diaz mateo,,,1,bar,2.0,12345678,
9026,Elisabeth Pujol,,,1,restaurant,2.0,12345678,
9027,Elena Rodríguez,,,1,Bar,2.0,12345678,
9028,Elia Fuster Rius,,,1,bar|restaurant,2.0,12345678,
9029,Elindiorrojiblanco,,,1,bar,3.0,12345678,
9030,Elisabeth Oviedo,,,1,restaurant,2.0,12345678,
9031,Elsa C.,,,1,restaurant,,12345678,
9032,Encarna Sanchez Fornieles,,,1,restaurant,,12345678,
9033,Elvira Betsabé Martín Morales,,,1,Bar,,12345678,
9034,Emi J GaMo,,,1,restaurant,3.0,12345678,
9035,En forma con Pablo,,,1,bar|cafe|restaurant,1.0,12345678,
9036,Encarna García,,,1,Bar de tapas,2.0,12345678,
9037,Diana Díaz,,,1,bar,3.0,12345678,
9038,Diana,,,1,Bar,,12345678,
9039,Daniel Cordoba,,,1,bar,2.0,12345678,
9040,Daniel González Serrano (Dani),,,1,bar|cafe|restaurant,1.0,12345678,
9041,Daniel Jurado,,,1,bar,3.0,12345678,
9042,Daniel Lopez Jurado,,,4,bar|restaurant,2.0,12345678,
9043,Daniel Luque,,,1,bar,,12345678,
9044,Daniel López Jurado,,,0,,,12345678,
9045,Daniel Molina Lara,,,1,'miércoles': '7:00–15:00',2.0,12345678,
9046,Daniel Peralo Ordad,,,1,bar,1.0,12345678,
9047,Daniel Rios Fuentes,,,1,bar,2.0,12345678,
9048,Daniel Zafra Ruiz,,,1,Bar restaurante,2.0,12345678,
9049,Dany,,,1,bar,,12345678,
9050,Dargor Shadow,,,1,restaurant,3.0,12345678,
9051,Dani Saavedra,,,1,restaurant,2.0,12345678,
9052,Dani Moral,,,1,bar|restaurant,2.0,12345678,
9053,Dani Jimenez,,,1,restaurant,,12345678,
9054,DAVID COUÑAGO,,,1,bar,2.0,12345678,
9055,César Castillo García,,,1,restaurant,,12345678,
9056,D.A.M,,,1,restaurant,,12345678,
9057,DANILO V,,,1,restaurant,2.0,12345678,
9058,DAVID NAVARRO ARANDA,,,1,restaurant,3.0,12345678,
9059,Dani Gutiérrez,,,1,bar,2.0,12345678,
9060,DH Molina,,,1,restaurant,3.0,12345678,
9061,DULCE CANTERO,,,1,restaurant,,12345678,
9062,Damasco,,,2,bar,2.0,12345678,
9063,Dami Gomu,,,1,restaurant,,12345678,
9064,Damian Mari Hernandez,,,1,bar,2.0,12345678,
9065,Dani,,,1,bar,,12345678,
9066,Dario Hernandez,,,1,'miércoles': '7:00–15:00',2.0,12345678,
9067,Darío Castro Gallardo,,,2,restaurant,2.0,12345678,
9068,Darío Serrano González,,,1,restaurant,,12345678,
9069,David Valls Coma,,,1,restaurant,,12345678,
9070,David Moral Sánchez,,,1,bar|restaurant,2.0,12345678,
9071,David Muñoz,,,2,bar|restaurant,2.0,12345678,
9072,David Palomino,,,1,bar,1.0,12345678,
9073,David R. Prieto,,,1,Bar restaurante,2.0,12345678,
9074,David Ruiz,,,2,Bar|restaurant,2.0,12345678,
9075,David Sanchez Ortega,,,1,restaurant,,12345678,
9076,David Valpreso,,,1,Bar restaurante,2.0,12345678,
9077,David Lozano De La Cruz,,,1,restaurant,2.0,12345678,
9078,David de la osa,,,1,restaurant,,12345678,
9079,David justicia molina,,,1,restaurant,,12345678,
9080,Desiree Amto,,,1,bar,2.0,12345678,
9081,Desirée Rengel Parra,,,1,Restaurante,2.0,12345678,
9082,David Martínez,,,2,bar|restaurant,2.0,12345678,
9083,David Liébanas,,,1,bar|restaurant,1.0,12345678,
9084,Darío de la Poza Martínez,,,2,Bar|bar,2.0,12345678,
9085,David Estrella,,,1,bar,2.0,12345678,
9086,David Aguilar - Amat,,,1,bar,1.0,12345678,
9087,David Alcazar Sastre,,,1,restaurant,2.0,12345678,
9088,David Arlandi,,,1,Restaurante,2.0,12345678,
9089,David CR,,,1,restaurant,3.0,12345678,
9090,David Chinchilla,,,1,bar,2.0,12345678,
9091,David Farregut Esque,,,1,bar,,12345678,
9092,David Jalón,,,1,bar|restaurant,1.0,12345678,
9093,David Fernández,,,1,bar|restaurant,2.0,12345678,
9094,David Fk,,,1,restaurant,3.0,12345678,
9095,David Fuentes,,,1,bar,2.0,12345678,
9096,David García Rodríguez,,,1,bar|cafe|restaurant,1.0,12345678,
9097,David Gonzalez,,,1,restaurant,,12345678,
9098,Beatriz Domínguez,,,1,restaurant,2.0,12345678,
9099,Beatriz B.R,,,1,restaurant,,12345678,
9100,Esther Galán Mula,,,1,bar,2.0,12345678,
9101,Alberto figueras González,,,1,Bar restaurante,2.0,12345678,
9102,Alejandro de la Guía Gómez,,,1,restaurant,2.0,12345678,
9103,Alexandra Latorre Garcia,,,1,bar,,12345678,
9104,Alf Garza herida,,,1,restaurant,,12345678,
9105,Alfonso Alonso,,,1,Bar de tapas,2.0,12345678,
9106,Alfonso Anguita González Anguita González,,,1,Bar de tapas,2.0,12345678,
9107,Alfonso Camara,,,1,taberna,2.0,12345678,
9108,Alfonso Cardenas Serrano,,,1,bar,2.0,12345678,
9109,Alfonso Gomez,,,2,Bar de tapas|Bar restaurante,2.0,12345678,
9110,Alfonso Gómez,,,0,,,12345678,
9111,Alfonso Tello,,,1,Bar restaurante,,12345678,
9112,Alfonso de la Torre Lomas,,,1,restaurant,,12345678,
9113,Alfredo Díaz Lara,,,1,bar,,12345678,
9114,Alejandro Vazquez,,,1,restaurant,3.0,12345678,
9115,Alejandro Sandalio,,,1,bar,2.0,12345678,
9116,Alejandro Rincón,,,1,bar,,12345678,
9117,Alejandra aravena orellana,,,1,Bar restaurante,2.0,12345678,
9118,Aldara Martos,,,1,bar|restaurant,1.0,12345678,
9119,Alejandra,,,1,restaurant,3.0,12345678,
9120,Alejandra Liebanas,,,1,bar|restaurant,1.0,12345678,
9121,Alejandra Palomares,,,2,restaurant|bar,2.0,12345678,
9122,Alejandra Rodriguez,,,1,Restaurante,2.0,12345678,
9123,Alejandro Anguita,,,1,Bar de tapas,2.0,12345678,
9124,Alejandro Paíno,,,1,restaurant,3.0,12345678,
9125,Alejandro Ferrer López,,,1,restaurant,,12345678,
9126,Alejandro Garramiola,,,1,bar|cafe|restaurant,1.0,12345678,
9127,Alejandro Gutiérrez Cardona,,,1,bar,1.0,12345678,
9128,Alejandro LU,,,1,bar,1.0,12345678,
9129,Alejandro Lara Carpio,,,1,bar|cafe|restaurant,1.0,12345678,
9130,Alfredo José Martínez Venegas,,,1,bar|restaurant,1.0,12345678,
9131,Alfredo Rochard,,,1,restaurant,,12345678,
9132,Amparo Mayoral,,,1,Bar de tapas,2.0,12345678,
9133,Alvaro “unlogick”,,,1,Bar restaurante,2.0,12345678,
9134,Amalia Passolas (Amy),,,1,restaurant,3.0,12345678,
9135,Amelia Hoyuela Soto,,,1,Bar restaurante,2.0,12345678,
9136,Amparo Moraton Alvarez,,,1,bar,2.0,12345678,
9137,Alvaro Rus Ortiz,,,1,Bar restaurante,2.0,12345678,
9138,Amparo Quiroga Ordoñez,,,1,restaurant,3.0,12345678,
9139,Ana Alcazar,,,2,bar|restaurant,2.5,12345678,
9140,Ana Alejandra Jaen Rondan,,,1,bar,,12345678,
9141,Ana Amador,,,1,restaurant,3.0,12345678,
9142,Ana Anguita,,,2,Restaurante|restaurant,2.0,12345678,
9143,Alvaro Villegas,,,1,restaurant,3.0,12345678,
9144,Alvaro Rodriguez,,,1,restaurant,2.0,12345678,
9145,Alicia Cruz Jesus,,,1,taberna,2.0,12345678,
9146,Alicia P.E.,,,1,restaurant,2.0,12345678,
9147,Alicia Susana San Juan,,,1,restaurant,3.0,12345678,
9148,Allegra Brambilla,,,1,restaurant,2.0,12345678,
9149,Almudena Garcia,,,1,bar,,12345678,
9150,Alnida Paradise,,,1,bar,2.0,12345678,
9151,Alvaro Berastegui Muruzabal,,,1,restaurant,3.0,12345678,
9152,Alvaro Expósito,,,1,bar,2.0,12345678,
9153,Alvaro Olmo Ortega,,,1,restaurant,,12345678,
9154,Alvaro Freijo,,,1,bar|restaurant,,12345678,
9155,Alvaro Gomez Dagum,,,1,bar,2.0,12345678,
9156,Alvaro Lozano,,,1,bar,2.0,12345678,
9157,Alvaro Manzano Delgado,,,1,restaurant,3.0,12345678,
9158,Alvaro Mesa,,,1,restaurant,2.0,12345678,
9159,Alvaro N,,,1,restaurant,,12345678,
9160,Alda Ribeiro Ferreira,,,1,restaurant,2.0,12345678,
9161,Alberto TCntrrs,,,1,restaurant,,12345678,
9162,Alberto Roig,,,1,bar,2.0,12345678,
9163,Administración Salinas Don Diego,,,1,bar,3.0,12345678,
9164,Adrian AR,,,1,'miércoles': '7:00–15:00',2.0,12345678,
9165,Adrian Flor,,,1,bar,,12345678,
9166,Adrian Gonzalez Higueras,,,1,bar,2.0,12345678,
9167,Adrian Martinez,,,1,Restaurante,2.0,12345678,
9168,Adrián Estévez Rodríguez,,,1,bar,2.0,12345678,
9169,Adrián García Fernandez,,,1,Bar,2.0,12345678,
9170,Adrián Jiménez,,,1,Bar,2.0,12345678,
9171,Adrián Jiménez Chaves,,,1,restaurant,3.0,12345678,
9172,Adrián Serra Jiménez,,,1,bar,3.0,12345678,
9173,Adutimara Sosa Díaz,,,1,bar,2.0,12345678,
9174,Aeonium Amarillo,,,1,restaurant,3.0,12345678,
9175,Agustin,,,1,restaurant,2.0,12345678,
9176,Agustin Fernandez,,,1,bar|restaurant,1.0,12345678,
9177,Abraham González Sanchez,,,1,bar|restaurant,,12345678,
9178,AUTELEC TECNOLOGIA S L,,,1,restaurant,2.0,12345678,
9179,A.A.C,,,1,restaurant,,12345678,
9180,A Abel,,,1,Bar restaurante,2.0,12345678,
9181,A LQ,,,1,bar,,12345678,
9182,A Montejo,,,1,bar,,12345678,
9183,A. M. a,,,1,Bar restaurante,2.0,12345678,
9184,A. Ozáez,,,1,bar,2.0,12345678,
9185,ALEJANDRO BRAVO SALVADOR,,,1,bar,2.0,12345678,
9186,ALICIA MORENO CAMACHO,,,1,Bar restaurante,2.0,12345678,
9187,ANDRES GARCIA CASTAÑO,,,2,restaurant,,12345678,
9188,ANTONIO SANZ CARRO,,,1,Bar restaurante,2.0,12345678,
9189,Agustin Goia,,,2,bar|restaurant,2.0,12345678,
9190,Agustin V,,,1,restaurant,3.0,12345678,
9191,Agustín Puerma,,,1,bar,1.0,12345678,
9192,Alberto Fernandez,,,1,restaurant,3.0,12345678,
9193,Alberto Almazan,,,1,bar,1.0,12345678,
9194,Alberto Arcos,,,1,Bar restaurante,2.0,12345678,
9195,Alberto Borja,,,1,restaurant,2.0,12345678,
9196,Alberto GB,,,1,restaurant,,12345678,
9197,Albert Carrasco Gómez,,,1,bar|restaurant,1.0,12345678,
9198,Alberto Jiménez,,,1,restaurant,2.0,12345678,
9199,Alberto Jiménez Romero,,,1,bar,2.0,12345678,
9200,Alberto Justicia,,,1,restaurant,,12345678,
9201,Alberto Mucarsel,,,1,bar|restaurant,1.0,12345678,
9202,Alberto Panadero Moya,,,1,restaurant,3.0,12345678,
9203,Albertito Jaén,,,1,bar,2.0,12345678,
9204,Alba Vara naya,,,1,bar,,12345678,
9205,Ainhoa Morillas Aguilera,,,1,bar,,12345678,
9206,Ainhoa Sanchez,,,1,restaurant,2.0,12345678,
9207,Aitana Tutusaus,,,1,bar|cafe|restaurant,1.0,12345678,
9208,Aitor Ordóñez Martínez,,,1,bar|cafe|restaurant,1.0,12345678,
9209,Alaska Capel,,,1,Bar restaurante,2.0,12345678,
9210,Alba Aragón,,,1,bar,2.0,12345678,
9211,Alba Furones Pastor,,,1,Bar de tapas,2.0,12345678,
9212,Alba González,,,1,Bar de tapas,2.0,12345678,
9213,Alba Look Peluqueria,,,1,bar,,12345678,
9214,Alba Marchena Blanca,,,1,restaurant,,12345678,
9215,Alba Núñez,,,1,restaurant,,12345678,
9216,Ana Belen Nuevo,,,1,restaurant,,12345678,
9217,Ana Belen Ortega Pamos,,,1,restaurant,2.0,12345678,
9218,Bea Mateos,,,1,restaurant,3.0,12345678,
9219,Antonia Rica,,,1,bar,2.0,12345678,
9220,Antonio González Sanchis,,,1,bar,2.0,12345678,
9221,Antonio Gras,,,2,bar|restaurant,3.0,12345678,
9222,Antonio Guardia,,,1,restaurant,2.0,12345678,
9223,Antonio J,,,1,bar,2.0,12345678,
9224,Antonio Jesus Caballero,,,1,Bar,,12345678,
9225,Antonio Jesús Martínez Viedma,,,1,Restaurante,2.0,12345678,
9226,Antonio Jesús Sánchez Pegalajar,,,1,bar|restaurant,1.0,12345678,
9227,Antonio Jose Barrios Marin,,,1,restaurant,3.0,12345678,
9228,Antonio Jose Manzaneda Avila,,,3,restaurant,3.0,12345678,
9229,Antonio Lozano,,,1,restaurant,,12345678,
9230,Antonio Martin,,,1,restaurant,3.0,12345678,
9231,Antonio María Ruiz García,,,1,restaurant,2.0,12345678,
9232,Antonio Mingorance,,,2,bar|restaurant,1.5,12345678,
9233,Antonio González González,,,1,bar,2.0,12345678,
9234,Antonio González,,,1,taberna,2.0,12345678,
9235,Antonio Gg,,,1,Bar de tapas,2.0,12345678,
9236,Antonio Cabezas Moyano,,,1,bar,1.0,12345678,
9237,Antonio Almagro Cano,,,1,bar|restaurant,1.0,12345678,
9238,Antonio Aq.,,,1,bar,1.0,12345678,
9239,Antonio Arroyo Sánchez,,,1,bar|restaurant,1.0,12345678,
9240,Antonio Benito,,,1,restaurant,2.0,12345678,
9241,Antonio Cabezas,,,2,bar|restaurant,2.0,12345678,
9242,Antonio Garrido Esteban,,,1,restaurant,,12345678,
9243,Antonio Campos,,,1,Bar,2.0,12345678,
9244,Antonio Cruz,,,1,bar,2.0,12345678,
9245,Antonio Cueto,,,2,restaurant,2.5,12345678,
9246,Antonio Espinosa 250181,,,1,Bar,,12345678,
9247,Antonio Exposito,,,1,bar,2.0,12345678,
9248,Antonio Francisco González Jiménez,,,1,restaurant,,12345678,
9249,Antonio Moravilla,,,1,Restaurante,2.0,12345678,
9250,Antonio Morel,,,1,Bar de tapas,,12345678,
9251,Antonio Moreno Angel,,,1,bar|restaurant,1.0,12345678,
9252,Aurora,,,1,restaurant,,12345678,
9253,Asdiqa Info,,,1,restaurant,3.0,12345678,
9254,Astrocatinfo,,,1,restaurant,,12345678,
9255,Asun Romero,,,1,Bar restaurante,2.0,12345678,
9256,Auditoria Elinga,,,1,restaurant,,12345678,
9257,Aurelio,,,1,bar,1.0,12345678,
9258,Aurelio morales,,,1,restaurant,2.0,12345678,
9259,Aurora Canada,,,1,bar,,12345678,
9260,Arturo Pancorbo,,,1,bar,1.0,12345678,
9261,Azucena Pérez Blanco,,,1,bar,2.0,12345678,
9262,BAILACASINO,,,1,bar,2.0,12345678,
9263,BARTOLOME GONZALEZ,,,1,restaurant,2.0,12345678,
9264,Bartolomé,,,1,restaurant,,12345678,
9265,Aránzazu Colomo,,,1,restaurant,,12345678,
9266,Arnedo N,,,1,Bar,,12345678,
9267,Antonio Nieto Ron,,,1,bar,1.0,12345678,
9268,Antonio Perez,,,1,bar|restaurant,1.0,12345678,
9269,Antonio Pimentel Pimentel,,,1,bar,1.0,12345678,
9270,Antonio Ruiz,,,2,bar|restaurant,,12345678,
9271,Antonio Uceda Vañó,,,1,restaurant,2.0,12345678,
9272,Arkaitz,,,1,bar,2.0,12345678,
9273,Antonio Urrutia,,,1,bar,,12345678,
9274,AntonioJ Soriano,,,1,restaurant,2.0,12345678,
9275,Araceli Salamanca Fernández,,,1,bar|cafe|restaurant,1.0,12345678,
9276,Arancha Silva Herreros,,,1,restaurant,3.0,12345678,
9277,Ariadna López,,,1,restaurant,,12345678,
9278,Ariana HeSa,,,1,bar|restaurant,,12345678,
9279,Antonia Reyes Muñoz,,,1,Bar restaurante,2.0,12345678,
9280,Ana Belén Cano Romero,,,1,restaurant,2.0,12345678,
9281,Antonia MF,,,1,restaurant,,12345678,
9282,Ana R,,,1,Bar,,12345678,
9283,Ana Ruano,,,1,restaurant,,12345678,
9284,Ana Torregrosa Parra,,,1,restaurant,2.0,12345678,
9285,Ana W,,,1,restaurant,3.0,12345678,
9286,Ana llamoza,,,1,bar|cafe|restaurant,1.0,12345678,
9287,Ana.22,,,1,restaurant,3.0,12345678,
9288,Anabel Cruz,,,1,restaurant,,12345678,
9289,Anabel Mística,,,1,Bar,,12345678,
9290,Anagel,,,1,bar|cafe|restaurant,1.0,12345678,
9291,Anaís Charte,,,1,bar|restaurant,,12345678,
9292,Andra C. G.,,,1,restaurant,3.0,12345678,
9293,Andrea Betiana Carracedo,,,1,bar|restaurant,1.0,12345678,
9294,Ana Moreno,,,1,bar,,12345678,
9295,Ana Millan Diego,,,1,Bar de tapas,2.0,12345678,
9296,Ana Gema García Martín,,,1,bar|restaurant,1.0,12345678,
9297,Ana Belén González Pinos,,,1,restaurant,3.0,12345678,
9298,Ana Belén de la Rosa,,,1,bar,2.0,12345678,
9299,Ana Castillo Díaz,,,1,restaurant,2.0,12345678,
9300,Ana Fayet,,,1,restaurant,2.0,12345678,
9301,Ana Isabel Alba Martínez,,,1,restaurant,3.0,12345678,
9302,Ana María Romerosa Arias,,,0,,,12345678,
9303,Ana Isabel Prieto,,,1,bar|cafe|restaurant,1.0,12345678,
9304,Ana Lucia Ramirez,,,2,restaurant,3.0,12345678,
9305,Ana Ma López Pareja,,,1,bar,2.0,12345678,
9306,Ana Martínez-Cañavate,,,1,restaurant,,12345678,
9307,Ana María PG,,,1,bar|cafe|restaurant,1.0,12345678,
9308,Andrea López Andújar,,,1,bar,2.0,12345678,
9309,Andrea López Asama,,,1,restaurant,3.0,12345678,
9310,Angel T,,,1,bar,1.0,12345678,
9311,Angel Torres,,,1,Bar restaurante,2.0,12345678,
9312,Angela Maria Espinosa Marchal,,,1,bar,2.0,12345678,
9313,Angela Maria Garcia Lopez,,,1,bar,,12345678,
9314,Angeles García Jiménez,,,1,restaurant,,12345678,
9315,Angeles Verdejo,,,1,restaurant,,12345678,
9316,Anika Jimenez,,,1,bar|restaurant,1.0,12345678,
9317,Angel Rodriguez,,,2,Bar|Bar de tapas,,12345678,
9317,Angel Rodriguez,,,2,Bar|Bar de tapas,,12345678,
9318,Anna Arroyo,,,1,restaurant,3.0,12345678,
9319,Ans,,,1,Bar,2.0,12345678,
9320,Antonia Francisco Francisco,,,1,restaurant,2.0,12345678,
9321,Antonia Garcia Fernandez,,,2,Restaurante|bar,2.0,12345678,
9322,Antonia Juárez Sola,,,1,bar,2.0,12345678,
9323,Angel Manuel Castillo Aguilar,,,2,Bar restaurante|restaurant,2.5,12345678,
9324,Andrea Molina,,,1,restaurant,3.0,12345678,
9325,Andrés Ortiz Saúco,,,1,bar,,12345678,
9326,Andrea Moreno Magro,,,1,bar,2.0,12345678,
9327,Andreea Elena,,,1,restaurant,2.0,12345678,
9328,Andres Perles Puente,,,1,restaurant,,12345678,
9329,Andrés Carrasco,,,1,bar|restaurant,1.0,12345678,
9330,Andrés Jesús Rascón López,,,1,restaurant,,12345678,
9331,Andrés Rojo Moreno,,,1,bar|cafe|restaurant,,12345678,
9332,Angel Gutierrez,,,1,bar|restaurant,1.0,12345678,
9333,Andrés Vicente Miñarro,,,1,bar|restaurant,2.0,12345678,
9334,Angel,,,0,,,12345678,
9335,Angel Bello,,,1,restaurant,2.0,12345678,
9336,Esther García Monje,,,1,bar,2.0,12345678,
9337,Laheavyisabel,,,1,Restaurante,2.0,12345678,
9338,Joaquin yoky,,,1,restaurant,,12345678,
9339,Jose Aguilar Tendero,,,1,bar|restaurant,1.0,12345678,
9340,Jose Alberto Gomez-Pastrana Cuadros,,,2,bar|restaurant,2.0,12345678,
9341,Jose Angel Diaz Garcia,,,1,restaurant,,12345678,
9342,Jose Antonio Alvaro Ruiz,,,3,bar|restaurant,,12345678,
9343,Jose Antonio C.,,,2,restaurant|bar,2.0,12345678,
9344,Jose Antonio Cobo Lort,,,1,bar,2.0,12345678,
9345,Jose Antonio Garcia,,,2,restaurant|bar,1.5,12345678,
9346,Jose Antonio Lazaro Montoro,,,1,restaurant,2.0,12345678,
9347,Jose Antonio Martinez Arias,,,1,bar,,12345678,
9348,Jose Antonio Torres,,,1,bar,1.0,12345678,
9349,Jose B,,,1,restaurant,3.0,12345678,
9350,Jose Bravo,,,1,restaurant,3.0,12345678,
9351,Jose Carlos Arroyo López,,,1,restaurant,,12345678,
9352,Jose Carlos González López,,,1,restaurant,,12345678,
9353,Jose A Berrios Martinez,,,1,restaurant,2.0,12345678,
9354,Jordi Cortina Avellaneda,,,1,bar,2.0,12345678,
9355,Johanna Rodríguez,,,1,Bar restaurante,,12345678,
9356,John Jurado,,,1,Bar de tapas,2.0,12345678,
9357,John Rear,,,1,bar,2.0,12345678,
9358,John Smith,,,1,Bar,2.0,12345678,
9359,Jokes Towers Montellano,,,1,bar,1.0,12345678,
9360,Jonathan Carrillo Bermudez,,,1,Bar restaurante,2.0,12345678,
9361,Jorge Arcos,,,1,restaurant,,12345678,
9362,Josan García,,,1,restaurant,2.0,12345678,
9363,Jorge De La Cruz,,,1,bar,3.0,12345678,
9364,Jorge Fernández,,,1,bar,,12345678,
9365,Jorge Garcia,,,1,bar|restaurant,2.0,12345678,
9366,Jorge Pérez Guirado,,,1,bar,2.0,12345678,
9367,Jorge Rodriguez de lamo Utrera,,,1,bar|cafe|restaurant,,12345678,
9368,Jorge del Arco,,,1,restaurant,3.0,12345678,
9369,Jose Carrasco,,,1,restaurant,2.0,12345678,
9370,Jose David Liébana,,,1,bar,1.0,12345678,
9371,Jose Villa Durán (JVD),,,1,Bar restaurante,2.0,12345678,
9372,Jose real,,,1,Bar restaurante,2.0,12345678,
9373,Joseluis Del Rio,,,1,restaurant,2.0,12345678,
9374,Josema Luque,,,1,bar,2.0,12345678,
9375,Josep Armengol,,,2,restaurant|bar,2.5,12345678,
9376,Josep Campillo Gimenez,,,1,bar|restaurant,1.0,12345678,
9377,Josué Reyes Heredia,,,1,Bar de tapas,2.0,12345678,
9378,José Antonio Burgos Rueda,,,1,restaurant,,12345678,
9379,José Antonio Martínez Gómez,,,1,Bar restaurante,2.0,12345678,
9380,Jose Vicente Moratal Poquet,,,1,bar,2.0,12345678,
9381,Jose Romero Molina,,,1,bar,2.0,12345678,
9382,Jose Galea,,,1,restaurant,3.0,12345678,
9383,Jose Maria Soto Melero,,,3,Bar restaurante|bar|restaurant,2.0,12345678,
9384,Jose Luis Represa (Jose),,,1,restaurant,,12345678,
9385,Jose Luis Villalba,,,1,restaurant,3.0,12345678,
9386,Jose Manuel Contreras Parras,,,1,bar,1.0,12345678,
9387,Jose María Guirao,,,1,Bar de tapas,,12345678,
9388,Jose Rico,,,1,taberna,2.0,12345678,
9389,Jose María Parra soldado,,,1,Bar restaurante,2.0,12345678,
9390,Jose Merino,,,1,Bar restaurante,2.0,12345678,
9391,Jose Ramiro,,,2,bar,2.0,12345678,
9392,Jose Ramon,,,1,bar,2.0,12345678,
9393,Joaquín Soler Torres,,,1,'miércoles': '7:00–15:00',2.0,12345678,
9394,Joaquin Torres Parraga,,,1,restaurant,,12345678,
9395,José Antonio Serrat,,,1,bar,2.0,12345678,
9396,Joaquin TR,,,1,bar,2.0,12345678,
9397,Javier MORAN CUBERO,,,1,bar|restaurant,2.0,12345678,
9398,Javier Martín,,,2,bar,1.5,12345678,
9399,Javier Molina,,,1,restaurant,,12345678,
9400,Javier R. H.,,,1,bar,,12345678,
9401,Javier Rio,,,1,restaurant,,12345678,
9402,Javier Serón García,,,1,restaurant,,12345678,
9403,Javier Suárez,,,1,Bar de tapas,2.0,12345678,
9404,Javier Talavera,,,1,restaurant,3.0,12345678,
9405,Javier Torres,,,2,bar|restaurant,2.0,12345678,
9406,Javier Vico Lindez,,,1,restaurant,3.0,12345678,
9407,Javier de la cruz,,,1,restaurant,,12345678,
9408,Jean-François Massue,,,1,taberna,2.0,12345678,
9409,Jeff z,,,1,Bar de tapas,2.0,12345678,
9410,Javier Jiménez Campos,,,1,Bar de tapas,2.0,12345678,
9411,Javier Jiménez,,,2,restaurant|bar|cafe,1.0,12345678,
9412,Javier Cardenas,,,1,bar,,12345678,
9413,Javi Villaescusa Samper,,,1,bar,2.0,12345678,
9414,Javier CR,,,1,restaurant,2.0,12345678,
9415,Javier Calvo,,,1,bar|restaurant,,12345678,
9416,Javier Cano,,,1,bar,,12345678,
9417,Javier Cazorla,,,1,restaurant,,12345678,
9418,Javier Cerezo,,,1,'miércoles': '7:00–15:00',2.0,12345678,
9419,Javier Esteban,,,1,restaurant,,12345678,
9420,Javier Garcia Cano,,,1,bar,2.0,12345678,
9421,Javier Goitia,,,1,bar,,12345678,
9422,Jennifer Millan Esquinas,,,1,restaurant,2.0,12345678,
9423,Jesús Martínez Martínez Jaen,,,2,bar,1.5,12345678,
9424,Jesús Cano,,,1,Bar restaurante,2.0,12345678,
9425,Jesús Garrido,,,1,restaurant,2.0,12345678,
9426,Jesús Martín,,,1,restaurant,,12345678,
9427,Jesús Martínez Cantero,,,1,Bar,2.0,12345678,
9428,Jesús Rodríguez Morales,,,1,bar,2.0,12345678,
9429,Jesús Alberto Aguilar,,,1,restaurant,,12345678,
9430,Jhon Smith,,,1,restaurant,2.0,12345678,
9431,Jimena Villanueva,,,1,restaurant,2.0,12345678,
9432,Joaquin C,,,1,restaurant,,12345678,
9433,Joaquin J. Palacios,,,1,bar,2.0,12345678,
9434,Joaquin Morillo Ruiz,,,1,restaurant,,12345678,
9435,Jesús Arias,,,1,bar,2.0,12345678,
9436,Jero Tallante,,,1,bar|cafe|restaurant,1.0,12345678,
9437,Jesus Cobo,,,1,restaurant,,12345678,
9438,Jesus Alcantara,,,1,bar,,12345678,
9439,Jesus Ballester,,,1,bar|restaurant,1.0,12345678,
9440,Jesus Cazalla,,,1,Bar restaurante,2.0,12345678,
9441,Jesus Fco. Ballester,,,1,bar|restaurant,1.0,12345678,
9442,Jesus Gall,,,1,bar,2.0,12345678,
9443,Jesus Gonzalez,,,1,restaurant,2.0,12345678,
9444,Jesus Ob,,,1,Bar de tapas,2.0,12345678,
9445,Jesus Peinado Quintana,,,1,bar,2.0,12345678,
9446,Jesus megales,,,1,Restaurante,2.0,12345678,
9447,José Aranda,,,1,bar,1.0,12345678,
9448,Javi Marchena,,,1,restaurant,3.0,12345678,
9449,JuanP Vivir,,,1,bar|restaurant,1.0,12345678,
9450,Juana Jiménez,,,2,bar|restaurant,2.5,12345678,
9451,Juana Rastrojo,,,1,bar,2.0,12345678,
9452,Juande Aragón,,,1,bar,2.0,12345678,
9453,Juanfran Serrano,,,1,Bar,,12345678,
9454,Juani Pulido Gila,,,2,Bar restaurante|bar,2.0,12345678,
9455,Juani Sabalete,,,1,restaurant,,12345678,
9456,Juanjo Espinosa,,,1,restaurant,2.0,12345678,
9457,Juanma Cardena Juarez,,,1,Restaurante,2.0,12345678,
9458,Juanma García,,,1,bar,2.0,12345678,
9459,Juanma Gtc,,,1,'miércoles': '7:00–15:00',2.0,12345678,
9460,Juan de Dios Raya,,,1,restaurant,2.0,12345678,
9461,2866gil M. R.,,,1,restaurant,3.0,12345678,
9462,Juan Segura Martinez,,,1,restaurant,2.0,12345678,
9463,Juan Perez Martinez,,,1,bar,2.0,12345678,
9464,Juan Miguel De Dios,,,1,bar|restaurant,,12345678,
9465,Juan Miguel Munoz,,,1,bar|restaurant,1.0,12345678,
9466,Juan Moreno García,,,1,Bar de tapas,2.0,12345678,
9467,Juan Nada Nada,,,1,bar,1.0,12345678,
9468,Juan P,,,1,bar,2.0,12345678,
9469,Juan Prieto,,,1,Bar restaurante,2.0,12345678,
9470,Juan R. Martínez,,,1,restaurant,,12345678,
9471,Juan Rodriguez,,,3,Bar restaurante|bar|restaurant,2.33,12345678,
9471,Juan Rodriguez,,,3,Bar restaurante|bar|restaurant,2.33,12345678,
9472,Juanmi,,,1,bar|restaurant,1.0,12345678,
9473,Juanmi Santana,,,1,restaurant,2.0,12345678,
9474,Judith García,,,1,restaurant,3.0,12345678,
9475,Kiko FernandezA,,,1,restaurant,,12345678,
9476,L T,,,1,Bar de tapas,2.0,12345678,
9477,L U,,,1,Bar restaurante,2.0,12345678,
9478,LAURA SANCHEZ RUEDA,,,1,Bar restaurante,2.0,12345678,
9479,LOLA DELGADO SUSÍ,,,1,Bar,,12345678,
9480,Kevin Whalen,,,1,bar,2.0,12345678,
9481,LOLA ORTEGA,,,1,bar|restaurant,,12345678,
9482,LORENA DE RAMON,,,1,bar,2.0,12345678,
9483,La D,,,1,bar|restaurant,1.0,12345678,
9484,La Grabadora de Sueños,,,1,Bar restaurante,2.0,12345678,
9485,La Letra Pequeña,,,1,bar,2.0,12345678,
9486,Laguna Point,,,2,restaurant,3.0,12345678,
9487,Kevin kk,,,1,Bar restaurante,2.0,12345678,
9488,Kenny,,,1,restaurant,2.0,12345678,
9489,Julio Camarero,,,1,restaurant,3.0,12345678,
9490,Julia Ortega Vico,,,1,bar,,12345678,
9491,Julia tb,,,1,restaurant,2.0,12345678,
9492,Julian G,,,1,restaurant,2.0,12345678,
9493,Julian Jaen,,,1,'miércoles': '7:00–15:00',2.0,12345678,
9494,Julio Antonio Sánchez Rodríguez,,,1,bar|cafe|restaurant,1.0,12345678,
9495,Julio C Diaz,,,1,restaurant,3.0,12345678,
9496,Kenji,,,1,restaurant,2.0,12345678,
9497,Julio López Ruiz,,,1,Bar,2.0,12345678,
9498,Justo Zayas,,,1,restaurant,,12345678,
9499,Karim Bañon Perard,,,1,restaurant,3.0,12345678,
9500,Katherin Castellano González,,,1,bar|cafe|restaurant,1.0,12345678,
9501,Katy,,,1,restaurant,2.0,12345678,
9502,Juan Manuel Romero Vega,,,1,bar,2.0,12345678,
9503,Juan Manuel Hervas,,,1,restaurant,,12345678,
9504,José Argente,,,1,restaurant,3.0,12345678,
9505,Juan Manuel Escribano,,,2,bar|restaurant,2.0,12345678,
9506,José Pedro Martín Vallejo,,,1,Bar restaurante,,12345678,
9507,José Rodriguez,,,1,bar,2.0,12345678,
9508,José del Moral,,,1,bar,1.0,12345678,
9509,José ufano navarro,,,1,bar,2.0,12345678,
9510,Juaki Carrillo Villalba,,,1,restaurant,2.0,12345678,
9511,Juan A. Salcedo,,,1,Bar restaurante,2.0,12345678,
9512,Juan Antonio Esteban Garcia,,,1,bar,2.0,12345678,
9513,Juan Antonio Flores,,,1,bar,2.0,12345678,
9514,Juan Antonio Lomas Ruiz,,,1,bar,2.0,12345678,
9515,Juan Antonio López,,,1,bar,1.0,12345678,
9516,Juan Antonio PerGom,,,2,bar|restaurant,2.5,12345678,
9517,Juan Antonio Polo Veguillas,,,1,restaurant,3.0,12345678,
9518,Juan Antonio Sanchez,,,1,bar,2.0,12345678,
9519,Juan Antonio Valle,,,1,Restaurante,2.0,12345678,
9520,José Miguel Larraz Mallén,,,1,bar|restaurant,2.0,12345678,
9521,José Miguel Armenteros Rubio,,,1,bar,1.0,12345678,
9522,José Galindo Jiménez,,,1,restaurant,3.0,12345678,
9523,José Berdugo,,,1,bar,2.0,12345678,
9524,José Francisco Anguita Gámez,,,1,bar,2.0,12345678,
9525,José Francisco Reinoso,,,1,restaurant,2.0,12345678,
9526,José Félix Fernandez Fernandez,,,1,restaurant,,12345678,
9527,José Gonzalez,,,1,restaurant,,12345678,
9528,José María Ruiz,,,1,bar|restaurant,1.0,12345678,
9529,José Ignacio Morón Esteve,,,1,bar|restaurant,1.0,12345678,
9530,José Luis Blanca,,,1,restaurant,2.0,12345678,
9531,José Luis Lillo,,,1,restaurant,3.0,12345678,
9532,José Luis Romero,,,1,restaurant,2.0,12345678,
9533,José Manuel Gaspar Sánchez,,,1,Bar restaurante,2.0,12345678,
9534,Juan CV,,,1,restaurant,3.0,12345678,
9535,Juan José Estepa Cruz,,,1,'miércoles': '7:00–15:00',2.0,12345678,
9536,Juan Garavito,,,1,Bar de tapas,2.0,12345678,
9537,Juan García Ávalos,,,1,restaurant,2.0,12345678,
9538,Juan Garpi,,,1,restaurant,,12345678,
9539,Juan Gomez Hermoso,,,1,restaurant,,12345678,
9540,Juan Gómez,,,1,bar,2.0,12345678,
9541,Juan Jesus Rubio Gomez,,,1,restaurant,,12345678,
9542,Juan Gabriel Jiménez,,,2,Bar de tapas|bar,2.0,12345678,
9543,Juan José Moreno Pérez,,,1,restaurant,3.0,12345678,
9544,Juan Lara,,,1,bar,1.0,12345678,
9545,Juan Luis Adame Cobo,,,1,restaurant,,12345678,
9546,Juan M.G,,,1,restaurant,3.0,12345678,
9547,Juan Galvez Ramirez,,,1,'miércoles': '7:00–15:00',2.0,12345678,
9548,Juan Francisco Navas Morales,,,1,bar|restaurant,2.0,12345678,
9549,Juan Carlos Prieto Martínez,,,1,bar,2.0,12345678,
9550,Juan Carlos Díaz Hernan,,,1,bar|cafe|restaurant,1.0,12345678,
9551,Juan Carlos Hijano Mir,,,1,restaurant,,12345678,
9552,Juan Carlos López Martínez,,,1,restaurant,,12345678,
9553,Juan Carlos Navarro,,,1,restaurant,,12345678,
9554,Juan Carlos Pretel,,,1,restaurant,3.0,12345678,
9555,Juan Carlos Ruiz,,,1,bar,2.0,12345678,
9556,Juan Francisco Mármol Aroca,,,1,bar,2.0,12345678,
9557,Juan Carlos Santiago,,,1,restaurant,2.0,12345678,
9558,Juan Carlos Soto Muñoz,,,1,restaurant,2.0,12345678,
9559,Juan Cash,,,1,restaurant,,12345678,
9560,Juan Cicare,,,1,bar,2.0,12345678,
9561,Juan Colmenero Blanca (Wioovi.com),,,2,bar|restaurant,2.5,12345678,
9562,Juan Fco. Carpio,,,1,bar,2.0,12345678,
9563,Javi Requena Enrique,,,1,restaurant,3.0,12345678,
9564,Javi ML,,,1,Bar restaurante,2.0,12345678,
9565,Esther Melendrez Ramirez,,,1,Bar de tapas,2.0,12345678,
9566,Fran Blanco,,,1,bar,,12345678,
9567,Francisco González,,,1,bar,3.0,12345678,
9568,Francisco Granada,,,1,restaurant,,12345678,
9569,Francisco Javier Arias lucena,,,1,bar|restaurant,2.0,12345678,
9570,Francisco Javier Ramírez Luna,,,1,restaurant,,12345678,
9571,Francisco Javier Rascón Caballero,,,4,bar|restaurant,2.25,12345678,
9572,Francisco Javier Ruiz,,,1,restaurant,2.0,12345678,
9573,Francisco Javier Sánchez Gragera,,,1,restaurant,2.0,12345678,
9574,Francisco Jiménez,,,1,bar,1.0,12345678,
9575,Francisco Jose M.,,,2,bar,2.0,12345678,
9576,Francisco José Campos Hornos,,,1,Restaurante,,12345678,
9577,Francisco José López Torres,,,1,Bar,,12345678,
9578,Francisco Gaspar Tomás López,,,1,restaurant,3.0,12345678,
9579,Francisco Escribano Cobo,,,2,bar|restaurant,1.5,12345678,
9580,Fran Va Go,,,2,Bar|bar,,12345678,
9581,Fran Garcia Puche,,,1,bar,2.0,12345678,
9582,Fran González,,,1,restaurant,3.0,12345678,
9583,Fran Lara,,,1,restaurant,,12345678,
9584,Fran Miralles,,,1,bar,,12345678,
9585,Fran Osés,,,1,restaurant,2.0,12345678,
9586,Francis Gobzalez Moreno,,,1,Bar restaurante,2.0,12345678,
9587,Francisco Castejon,,,1,bar,2.0,12345678,
9588,Francisca Andrés,,,1,restaurant,2.0,12345678,
9589,Francisca Ruiz,,,1,restaurant,3.0,12345678,
9590,Francisco Blanca Calero,,,1,bar,1.0,12345678,
9591,Francisco C. Martinez,,,1,bar,2.0,12345678,
9592,Francisco José Rodríguez Cabral,,,1,bar,,12345678,
9593,Francisco José Sánchez Fernández,,,1,Bar de tapas,,12345678,
9594,Francisco Laso Machado,,,1,restaurant,2.0,12345678,
9595,Gabriela Vazquez,,,1,bar,2.0,12345678,
9596,Félix Ávila Jiménez,,,1,restaurant,2.0,12345678,
9597,G MX,,,1,bar,,12345678,
9598,GASTROPLANET /PLANETA EN CONSERVA,,,1,restaurant,3.0,12345678,
9599,GEMA PEREZ,,,1,restaurant,2.0,12345678,
9600,Gabri Moreno,,,1,restaurant,3.0,12345678,
9601,Gaby Game,,,1,bar,2.0,12345678,
9602,Fátima Caro,,,1,bar|restaurant,2.0,12345678,
9603,Gaia 37,,,1,restaurant,3.0,12345678,
9604,Gandoy,,,1,restaurant,,12345678,
9605,Gaspar Bueno Amaro,,,1,restaurant,3.0,12345678,
9606,GastroWanderlust,,,1,bar|restaurant,1.0,12345678,
9607,Gavy Perez,,,1,bar,2.0,12345678,
9608,Fátima cg,,,1,bar,1.0,12345678,
9609,Fátima,,,1,bar,2.0,12345678,
9610,Francisco Ruiz_Ruano Cobo,,,1,bar|restaurant,1.0,12345678,
9611,Francisco Martinez Romero,,,1,restaurant,3.0,12345678,
9612,Francisco Marín Cruz,,,1,bar|restaurant,2.0,12345678,
9613,Francisco Montes Camacho,,,1,Bar restaurante,2.0,12345678,
9614,Francisco Moya,,,2,bar,,12345678,
9615,Francisco Ortiz,,,1,Bar de tapas,2.0,12345678,
9616,Francisco Segura,,,1,bar,3.0,12345678,
9617,Funes,,,1,bar,2.0,12345678,
9618,Francisco Sierra Sola,,,1,Restaurante,2.0,12345678,
9619,Francisco de Asis Gila G,,,1,bar,,12345678,
9620,Francisco de Paula Gomez Delgado,,,1,bar,,12345678,
9621,Franz Ximénez,,,1,Bar,,12345678,
9622,Frasco Candáu,,,1,bar,2.0,12345678,
9623,Fran Frías Rodríguez,,,1,restaurant,2.0,12345678,
9624,Fran Asensi Sarnatxo,,,2,bar,2.0,12345678,
9625,Eva maria Alvarez Garcia,,,1,Bar de tapas,2.0,12345678,
9626,Evelio Martínez,,,1,restaurant,3.0,12345678,
9627,Eñaut Laburu,,,1,bar,,12345678,
9628,F. A.,,,1,bar,1.0,12345678,
9629,FCO P.,,,1,Bar,,12345678,
9630,FERNANDO GARCIA BILBAO,,,1,restaurant,3.0,12345678,
9631,FINA GUTIERREZ,,,1,restaurant,,12345678,
9632,FLMNG,,,2,restaurant,3.0,12345678,
9633,FRANCISCA JIMENEZ PEÑA,,,1,bar|restaurant,1.0,12345678,
9634,FRANCISCO LENDINEZ GALAN,,,1,restaurant,2.0,12345678,
9635,Fabi,,,1,bar,1.0,12345678,
9636,Fabian Gonzalez Checa,,,1,restaurant,,12345678,
9637,Fabiola Lucena,,,1,restaurant,3.0,12345678,
9638,Fabricio Mejía,,,1,bar,3.0,12345678,
9639,Eva Villena,,,1,bar,2.0,12345678,
9640,Eva Sánchez,,,1,bar,,12345678,
9641,Eva Muñoz,,,1,bar,1.0,12345678,
9642,Eva Arenas Morato,,,1,Bar restaurante,2.0,12345678,
9643,Esther Pérez Perea,,,1,restaurant,,12345678,
9644,Esther Sancho Rubio,,,1,restaurant,2.0,12345678,
9645,Estrellabiedmamuños,,,1,bar|cafe|restaurant,1.0,12345678,
9646,Eufrasio Manuel Garcia Ramos,,,1,Bar de tapas,2.0,12345678,
9647,Eugenia Garcia García,,,2,'miércoles': '7:00–15:00'|bar,2.0,12345678,
9648,Eva Clanto,,,1,Bar restaurante,2.0,12345678,
9649,Eva Ma Suárez Ortega,,,1,bar|restaurant,1.0,12345678,
9650,Eva Maria Valderrama Espinosa,,,1,bar,2.0,12345678,
9651,Eva María Aragoneses Tiburcio,,,1,restaurant,,12345678,
9652,Fadrique Castillo Rubio,,,1,restaurant,,12345678,
9653,Familia Tornero Rubio,,,1,restaurant,2.0,12345678,
9654,Fanny Sánchez López,,,1,restaurant,,12345678,
9655,Fernando Rízquez Castellano,,,1,bar,,12345678,
9656,Fernando Ortega,,,1,restaurant,,12345678,
9657,Fernando Perpiña,,,1,restaurant,,12345678,
9658,Fernando Ramirez,,,1,bar,,12345678,
9659,Fernando Ramos,,,1,bar,2.0,12345678,
9660,Fernando V,,,1,bar,,12345678,
9661,Fernando Martin Rubio,,,1,restaurant,2.0,12345678,
9662,Fernando espinar de la torre,,,1,bar,2.0,12345678,
9663,Fhuesoga,,,1,restaurant,2.0,12345678,
9664,Florence,,,1,restaurant,3.0,12345678,
9665,Foodie X el Mundo,,,1,restaurant,3.0,12345678,
9666,Formación Comercial,,,1,restaurant,3.0,12345678,
9667,Fernando Martinez Aguilera,,,1,Bar restaurante,2.0,12345678,
9668,Fernando López Cienfuegos,,,1,restaurant,3.0,12345678,
9669,Fatima Burguer,,,1,bar,2.0,12345678,
9670,Felipe Xauen,,,1,bar,2.0,12345678,
9671,Fatima Cabrera,,,1,bar,,12345678,
9672,Fco. Javier Baños,,,1,restaurant,,12345678,
9673,Federico Gutiérrez,,,1,restaurant,,12345678,
9674,Felipe Luis Navas,,,1,restaurant,,12345678,
9675,Fer C R,,,1,restaurant,,12345678,
9676,Fernando Iglesias,,,2,restaurant,3.0,12345678,
9677,Fermin Salcedo Cardeiro,,,1,bar,2.0,12345678,
9678,Fernando ALTOZANO LABRADOR,,,1,Bar restaurante,2.0,12345678,
9679,Fernando Aguirre Ortega,,,1,bar,2.0,12345678,
9680,Fernando García Floro,,,1,Restaurante,2.0,12345678,
9681,Fernando García Marín,,,1,bar|restaurant,1.0,12345678,
9682,Gema Carrascosa Pulido,,,1,restaurant,,12345678,
9683,Javi C,,,2,bar|restaurant,2.5,12345678,
9684,Isa S. Ludeña,,,1,bar,2.0,12345678,
9685,Iván Aguilar Cruz,,,1,restaurant,,12345678,
9686,Iván Roca Murgado,,,1,bar,,12345678,
9687,J A Rom Val,,,1,bar,2.0,12345678,
9688,J PM,,,1,restaurant,,12345678,
9689,J. A. V. M.,,,1,restaurant,,12345678,
9690,J. Addn,,,1,bar,1.0,12345678,
9691,J. L,,,1,restaurant,,12345678,
9692,J. Robles,,,1,restaurant,,12345678,
9693,J.A Ramos,,,1,restaurant,2.0,12345678,
9694,JAVIER MORENO,,,2,bar,2.0,12345678,
9695,JAVIER QUESADA CABRERA,,,2,restaurant,2.0,12345678,
9696,JAZD,,,1,restaurant,2.0,12345678,
9697,Ivan peña,,,1,Restaurante,2.0,12345678,
9698,Ivan Gomez,,,1,bar,2.0,12345678,
9699,Ivan Cañas,,,1,restaurant,,12345678,
9700,Isaac Puertas,,,1,'miércoles': '7:00–15:00',2.0,12345678,
9701,Isabel Borrueco,,,1,restaurant,2.0,12345678,
9702,Isabel Maria Medina Vicente,,,1,restaurant,,12345678,
9703,Isabel Mª Sánchez Hernández,,,1,restaurant,3.0,12345678,
9704,Isabel Pereira,,,1,bar,1.0,12345678,
9705,Isabel Pérez,,,1,restaurant,,12345678,
9706,Isidoro Martínez,,,1,'miércoles': '7:00–15:00',2.0,12345678,
9707,Ivaan Cortees,,,1,bar|cafe|restaurant,,12345678,
9708,Ismael Jiménez,,,1,bar|restaurant,2.0,12345678,
9709,Ismael Moreno,,,2,restaurant,2.0,12345678,
9710,Ismael Ramirez labella,,,1,Bar restaurante,2.0,12345678,
9711,Isra,,,1,Bar restaurante,2.0,12345678,
9712,Itziar Pérez García,,,1,restaurant,3.0,12345678,
9713,JC Perez,,,1,bar,1.0,12345678,
9714,JESUS ARTESERO CAMACHO,,,1,restaurant,,12345678,
9715,JESUS DELGADO,,,1,bar,2.0,12345678,
9716,Jaime Garrido Pérez,,,1,taberna,2.0,12345678,
9717,JULIETA PERALTA,,,1,bar,2.0,12345678,
9718,Jabi Mendieta,,,1,bar,,12345678,
9719,Jacinto Manuel Ángeles Muñoz,,,1,restaurant,2.0,12345678,
9720,Jackeline Garcia agudelo,,,1,Bar restaurante,,12345678,
9721,Jaime Bastos-Mendes Armijo,,,1,restaurant,2.0,12345678,
9722,Jaime Martinez Gutierrez,,,1,bar,2.0,12345678,
9723,JU,,,1,Bar de tapas,2.0,12345678,
9724,Jaime RM,,,2,bar|restaurant,2.5,12345678,
9725,Jaime Segovia Santa Barbara,,,1,bar,2.0,12345678,
9726,Jander Mander,,,1,Bar restaurante,2.0,12345678,
9727,Jara Utrera,,,1,bar,,12345678,
9728,JUAN LUIS MORENO GARCIA DEL CASTILLO,,,1,Bar restaurante,2.0,12345678,
9729,JESUS MONTILLA,,,1,bar,2.0,12345678,
9730,JESUS rinccon,,,1,Bar de tapas,2.0,12345678,
9731,JESÚS LIEBANA,,,1,bar|restaurant,1.0,12345678,
9732,JJ,,,1,restaurant,3.0,12345678,
9733,JL Bermejo,,,1,bar,1.0,12345678,
9734,JONY,,,1,'miércoles': '7:00–15:00',2.0,12345678,
9735,JOSE ANTONIO HERRERA,,,1,bar,1.0,12345678,
9736,JOSE. SU,,,1,Restaurante,2.0,12345678,
9737,JOSE LUIS DE LA TORRE,,,1,restaurant,3.0,12345678,
9738,JOSE LUIS JIMENEZ,,,1,'miércoles': '7:00–15:00',2.0,12345678,
9739,JOSE M. V,,,1,restaurant,3.0,12345678,
9740,JOSE MARIA DELGADO - MODULOR SOLUCIONES,,,1,restaurant,,12345678,
9741,JOSE MIGUEL Garcia,,,1,bar,2.0,12345678,
9742,JOSE MIGUEL Sabalete,,,1,bar|restaurant,1.0,12345678,
9743,IsaFU,,,1,Bar,,12345678,
9744,Gema Molina R,,,1,Bar de tapas,2.0,12345678,
9745,Isa MC,,,1,restaurant,3.0,12345678,
9746,Guadalupe Bobes,,,1,Bar restaurante,2.0,12345678,
9747,Guchini TA,,,1,taberna,2.0,12345678,
9748,Guillermo Cantini,,,1,restaurant,3.0,12345678,
9749,Guillermo Cobo,,,1,Bar restaurante,2.0,12345678,
9750,Guillermo Rubio Esteban,,,1,restaurant,,12345678,
9751,Guillermo Sánchez,,,1,bar|restaurant,1.0,12345678,
9752,Gvega,,,1,restaurant,2.0,12345678,
9753,HOARI VILLAVICENCIO,,,1,restaurant,3.0,12345678,
9754,Hector Martin Bonilla,,,1,bar|restaurant,1.0,12345678,
9755,Helena Arjona,,,1,restaurant,2.0,12345678,
9756,Helena Martín Cruz,,,1,restaurant,,12345678,
9757,Huevi Q,,,1,restaurant,3.0,12345678,
9758,Hugo Huapaya Calderón,,,1,Restaurante,2.0,12345678,
9759,Grupo Tubal Rock,,,1,bar,,12345678,
9760,Gregorio gregory,,,3,restaurant,,12345678,
9761,Gladys,,,1,Restaurante,2.0,12345678,
9762,Gema Piqueras,,,1,restaurant,2.0,12345678,
9763,Gema Susín Fernández,,,1,bar,2.0,12345678,
9764,Germán C H,,,1,restaurant,2.0,12345678,
9765,Germán DSG,,,1,bar,1.0,12345678,
9766,Gines Gallarín,,,1,bar,1.0,12345678,
9767,Gloria Estepa,,,1,restaurant,,12345678,
9768,Gregorio,,,1,restaurant,3.0,12345678,
9769,Gloria Guzman,,,1,restaurant,2.0,12345678,
9770,Gonzalo Raya,,,1,Restaurante,2.0,12345678,
9771,Goyo González,,,1,Bar restaurante,2.0,12345678,
9772,Hugo Rodríguez Expósito,,,1,bar|cafe|restaurant,1.0,12345678,
9773,I. Ruedas,,,1,bar,2.0,12345678,
9774,ILZ ILZ,,,1,restaurant,2.0,12345678,
9775,Irene Gamazo,,,1,bar,2.0,12345678,
9776,Inmaculada García Mesa,,,1,Bar restaurante,2.0,12345678,
9777,Inmaculada Pulido Barrio,,,1,bar,3.0,12345678,
9778,Inmis PO,,,1,bar,2.0,12345678,
9779,Iphone De Estela,,,1,bar|cafe|restaurant,1.0,12345678,
9780,Irene Gonzalez,,,1,bar|restaurant,1.0,12345678,
9781,Irene Martos Olias,,,1,bar,2.0,12345678,
9782,Irene Martos oya,,,1,Bar restaurante,2.0,12345678,
9783,Irene Ruiz Martínez,,,1,restaurant,2.0,12345678,
9784,Isa Lopez Ruiz,,,1,restaurant,,12345678,
9785,Inmaculada Aguilera Cruz,,,1,Bar restaurante,2.0,12345678,
9786,Inma Ruiz Delgado,,,1,Bar restaurante,2.0,12345678,
9787,INTERESANTE vicenta maria felipe belda,,,1,restaurant,3.0,12345678,
9788,Inaki Hervas,,,2,bar,2.0,12345678,
9789,IRENE PASCUAL CAMACHO,,,1,bar,2.0,12345678,
9790,ISABEL CARRASCO,,,1,Bar restaurante,2.0,12345678,
9791,ISIDRO AYLLON,,,1,bar,2.0,12345678,
9792,Ignacio Capote,,,1,bar,,12345678,
9793,Ignacio de la Calzada,,,1,restaurant,,12345678,
9794,Iliex Guirado Lopez,,,1,bar,2.0,12345678,
9795,Indira Kayser,,,2,bar,2.0,12345678,
9796,Ines Gomez Rudilla,,,1,Bar,2.0,12345678,
9797,Inma Galián,,,1,Restaurante,2.0,12345678,
9798,ツToni,,,1,Restaurante,2.0,12345678,
9799,user1,,usr@gmail.com,12,"restaurant, bar, night_club",€€€,12345678,2008-06-22
9800,user2,,usr2@gmail.com,7,restaurant|bar|cafe,1.4,12345678,2018-03-13
9801,Odiseo,,,1,bar,2.0,12345678,
9802,Jesús Cárcamo Cárdenas,,,1,bar,2.0,12345678,
9803,Carlos Carvajal,,,1,bar,2.0,12345678,
9804,Jordi Cerdá,,,1,bar,2.0,12345678,
9805,Santi T. S.,,,1,bar,2.0,12345678,
9806,Bea Bl00,,,1,bar,2.0,12345678,
9807,Alfonso Lozano,,,1,bar,,12345678,
9808,C. Antonio González,,,1,bar,2.0,12345678,
9809,Rafael Melero Cano,,,2,bar,1.5,12345678,
9810,Rubén Diaz,,,1,bar,,12345678,
9811,francisco carlos serrano leon,,,2,bar|restaurant,2.0,12345678,
9812,Candido Cano,,,1,bar,,12345678,
9813,María A Álvarez,,,1,bar,,12345678,
9814,Pedro Rosa,,,1,bar,,12345678,
9815,Jose Antonio Vacas Martinez (javacasm),,,1,bar,2.0,12345678,
9816,Manuel Peluqueros Ciudad Real España,,,1,bar,2.0,12345678,
9817,J D,,,1,bar,2.0,12345678,
9818,San Ganchaoo,,,1,bar,2.0,12345678,
9819,Enri ramo,,,1,bar,,12345678,
9820,Irene Cano,,,1,bar,,12345678,
9821,Raulito Tirado,,,1,bar,,12345678,
9822,Emilia losada,,,1,bar,2.0,12345678,
9823,Irene Aponte Fernández,,,3,restaurant|bar,2.0,12345678,
9824,Luis Miguel Garrido,,,1,bar,2.0,12345678,
9825,Juan Carmona,,,1,bar,2.0,12345678,
9826,Luisa Suárez marquez,,,1,bar,2.0,12345678,
9827,Alberto Hernández,,,1,bar,2.0,12345678,
9828,Fran Leyva,,,1,bar,2.0,12345678,
9829,Arcairis MB,,,2,bar,2.0,12345678,
9830,Eduardo Liebana Alarcon,,,1,bar,2.0,12345678,
9831,Jose Carlos Perea de la Poza,,,1,bar,,12345678,
9832,Susana,,,1,bar,2.0,12345678,
9833,Marti BM,,,1,bar,,12345678,
9834,SHAULA ORTEGA RODRIGUEZ,,,1,bar,2.0,12345678,
9835,Juani Carrasco galafate,,,2,bar,2.0,12345678,
9836,Raquel Rodriguez,,,1,bar,2.0,12345678,
9837,Eduardo Moreno Torres,,,1,bar,2.0,12345678,
9838,Betzy Marquinez,,,2,bar|restaurant,2.0,12345678,
9839,maria del carmen orta blanca,,,2,bar|restaurant,2.5,12345678,
9840,Diego Colombo,,,1,bar,2.0,12345678,
9841,Diego José Ávalos Aguilar,,,1,bar,1.0,12345678,
9842,Alba Montoro Quesada,,,1,bar,1.0,12345678,
9843,Juan carlos Cruz galian,,,1,bar,1.0,12345678,
9844,Victor Ezquerro,,,1,bar,1.0,12345678,
9845,DIEGO ANAYA,,,1,bar,1.0,12345678,
9846,adri cazorla,,,1,bar,1.0,12345678,
9847,Guillermo Cobo del Moral,,,1,bar,1.0,12345678,
9848,Raquel A,,,1,bar,,12345678,
9849,jose camara,,,1,bar,1.0,12345678,
9850,Abel Medina Tarancón,,,1,bar,1.0,12345678,
9851,jose luis ruiz,,,1,bar,1.0,12345678,
9852,alis marchal,,,1,bar,1.0,12345678,
9853,Lola Cruz Galian,,,1,bar,1.0,12345678,
9854,José María GARCÍA RAYO,,,1,bar,1.0,12345678,
9855,nono Jb,,,1,bar,1.0,12345678,
9856,Maria del Carmen Carbajal Villavicencio,,,1,bar,1.0,12345678,
9857,Francisco Ruiz,,,1,bar,1.0,12345678,
9858,Blanca jaen,,,1,bar,1.0,12345678,
9859,Belén Jiménez,,,1,bar,1.0,12345678,
9860,Juan.c O.c,,,1,bar,1.0,12345678,
9861,angel moya cañas,,,1,bar,1.0,12345678,
9862,Titi,,,1,bar,1.0,12345678,
9863,Rafael Requena,,,2,bar,1.5,12345678,
9864,Jubafe44,,,1,bar,,12345678,
9865,Antonio Tornero,,,1,bar,1.0,12345678,
9866,Rafa Paterna,,,3,bar|restaurant,1.5,12345678,
9867,Victor Salas,,,1,bar,1.0,12345678,
9868,jose b c,,,1,bar,1.0,12345678,
9869,paco correa,,,1,bar,1.0,12345678,
9870,Rafael Martínez,,,3,restaurant|bar,2.5,12345678,
9871,Antonio Diaz Valverde,,,1,bar,1.0,12345678,
9872,Lucia Sanchez Ruiz,,,1,bar,1.0,12345678,
9873,Sergio Palomar,,,1,bar,1.0,12345678,
9874,Ruben Castillo,,,1,bar,1.0,12345678,
9875,Felix ARMIJO RAMIREZ,,,2,bar,2.0,12345678,
9876,Juan Carlos Cañada Lopez,,,1,bar,1.0,12345678,
9877,Adrian Glez,,,1,bar,1.0,12345678,
9878,Eufrasio Cabrera,,,1,bar,1.0,12345678,
9879,Mary G G,,,1,bar,,12345678,
9880,Verónica Herrera,,,3,bar|restaurant,1.5,12345678,
9881,Cisco Beltran,,,1,bar,1.0,12345678,
9882,Alvaro Jimenez Jurado,,,1,bar,1.0,12345678,
9883,Elias Cantero,,,1,bar,1.0,12345678,
9884,Juan orta,,,1,bar,1.0,12345678,
9885,Tomas Montesinos,,,1,bar,1.0,12345678,
9886,canuto pdv,,,1,bar,1.0,12345678,
9887,Maria Del Mar Montano Carvajal,,,1,bar,1.0,12345678,
9888,Aaron Duyn,,,1,bar,1.0,12345678,
9889,Eufrasio Domingo Lopez,,,1,bar,1.0,12345678,
9890,Manu Arévalo,,,1,bar,1.0,12345678,
9891,vanesa gonzalez,,,1,bar,1.0,12345678,
9892,Eva Maria Ramirez Garcia,,,1,bar,1.0,12345678,
9893,Maria Teresa Medina Repulles,,,1,bar,1.0,12345678,
9894,ENCINASJM,,,1,bar,1.0,12345678,
9895,Jose Antonio Rodríguez Amores,,,1,bar,1.0,12345678,
9896,tame tame,,,1,bar,1.0,12345678,
9897,virginia perez suarez,,,1,bar,1.0,12345678,
9898,Kade Kilo,,,1,bar,1.0,12345678,
9899,Francisco Valenzuela Gonzalez,,,1,bar,2.0,12345678,
9900,Mariia Chizhikova,,,1,bar,2.0,12345678,
9901,nogales98,,,1,bar,2.0,12345678,
9902,Cristian Utrera Cazorla,,,1,bar,2.0,12345678,
9903,AMC Corp,,,1,bar,2.0,12345678,
9904,Dely,,,1,bar,,12345678,
9905,Estefania Romero,,,1,bar,,12345678,
9906,Sonis Arbelaez,,,1,bar,2.0,12345678,
9907,Veronika Garrido,,,1,bar,2.0,12345678,
9908,Jaime Venzca,,,1,bar,2.0,12345678,
9909,Raúl Abellán,,,1,bar,2.0,12345678,
9910,Juan Jiménez Amezcua,,,1,bar,2.0,12345678,
9911,susana ruiz zamora,,,1,bar,2.0,12345678,
9912,Vetter Sistemas,,,1,bar,2.0,12345678,
9913,Sofía Navarro Espinosa,,,1,bar,,12345678,
9914,Miguel Vico,,,1,bar,2.0,12345678,
9915,Belen Garcia muñoz,,,1,bar,2.0,12345678,
9916,Rocio Ibancos,,,1,bar,2.0,12345678,
9917,Eduardo Pimentel González,,,1,bar,2.0,12345678,
9918,ANTONIO VACAS JEREZ,,,1,bar,,12345678,
9919,Pedro Maria Toledo Saavedra,,,1,bar,2.0,12345678,
9920,Andrea Domingo Aguilar,,,1,bar,2.0,12345678,
9921,Rodrigo Avila,,,1,bar,2.0,12345678,
9922,Javier Martínez Peñalver,,,1,bar,2.0,12345678,
9923,Sara Lanchas Prieto,,,1,bar,2.0,12345678,
9924,Carlos NetMaster,,,1,bar,2.0,12345678,
9925,Ana Manzano Aguilar,,,1,bar,2.0,12345678,
9926,Ainhoa Amilibia Gómez,,,1,bar,2.0,12345678,
9927,Sara Fernández Moral,,,1,bar,2.0,12345678,
9928,Marian Martín,,,1,bar,2.0,12345678,
9929,Oskar,,,1,bar,2.0,12345678,
9930,Juanmi Ramirez,,,1,bar,2.0,12345678,
9931,JAVIER MARTÍNEZ,,,2,bar|restaurant,2.5,12345678,
9932,María Belén Cabrera López,,,1,bar,2.0,12345678,
9933,David Clajer,,,1,bar,2.0,12345678,
9934,JOSE JUAN HIDALGO ANGUITA,,,1,bar,2.0,12345678,
9935,Nines Gómez,,,1,bar,2.0,12345678,
9936,Valentina EV,,,1,bar,2.0,12345678,
9937,lucia jurado,,,1,bar,2.0,12345678,
9938,Carolina Gordo,,,1,bar,2.0,12345678,
9939,Emiliano Dominguez,,,1,bar,2.0,12345678,
9940,José Luis Bocanegra García,,,1,bar,2.0,12345678,
9941,Polaka Xd,,,1,bar,2.0,12345678,
9942,Ignacio Ojeda,,,1,bar,2.0,12345678,
9943,luis miguel ramiro,,,2,bar,2.0,12345678,
9944,David Osuna Perez,,,1,bar,2.0,12345678,
9945,javier ortiz,,,2,bar|restaurant,2.0,12345678,
9946,Miguel Escribano,,,1,bar,2.0,12345678,
9947,YUBISLEY NUNEZ CONTRERAS,,,1,bar,2.0,12345678,
9948,Ossama Nasser Laaoula,,,1,bar,2.0,12345678,
9949,Jose Madrid Martínez,,,1,bar,2.0,12345678,
9950,Juan Carlos Diaz,,,1,bar,2.0,12345678,
9951,Soco Sjh,,,1,bar,2.0,12345678,
9952,Beatriz Segura,,,1,bar,2.0,12345678,
9953,Gema Carreto Soto,,,1,bar,2.0,12345678,
9954,Jony Vilches,,,1,bar,2.0,12345678,
9955,Gaspar,,,1,bar,2.0,12345678,
9956,Juanjo Garzon,,,1,bar,2.0,12345678,
9957,Robert o,,,1,bar,2.0,12345678,
9958,Alexia Valverde,,,1,bar,2.0,12345678,
9959,"Pepe López SOS olivar de Arbuniel,Jaén",,,1,bar,2.0,12345678,
9960,Valeria Tejero,,,1,bar,2.0,12345678,
9961,Juanjo Bacan,,,1,bar,2.0,12345678,
9962,Ramon Pc,,,1,bar,2.0,12345678,
9963,Alfonso Bermúdez,,,1,bar,2.0,12345678,
9964,Alejandro Martín Gascó “Tingas”,,,1,bar,2.0,12345678,
9965,Oscar Cabria,,,1,bar,2.0,12345678,
9966,S R,,,1,bar,2.0,12345678,
9967,Amelia Pliego Lorite,,,1,bar,2.0,12345678,
9968,Sarai Alvarez,,,1,bar,2.0,12345678,
9969,Miguel Angel Urbano,,,1,bar,2.0,12345678,
9970,Roger Molina,,,1,bar,2.0,12345678,
9971,Mario Muñoz gonzalez,,,1,bar,2.0,12345678,
9972,David Andugar,,,1,bar,2.0,12345678,
9973,Dacil Martin,,,1,bar,2.0,12345678,
9974,Juan O,,,1,bar,2.0,12345678,
9975,Jose Carlos Oya,,,1,bar,2.0,12345678,
9976,Juan Rueda,,,1,bar,2.0,12345678,
9977,Israel larrea,,,1,bar,2.0,12345678,
9978,juan duran,,,1,bar,2.0,12345678,
9979,Jaime Martinez-Brocal,,,1,bar,2.0,12345678,
9980,Auxi Melgar,,,1,bar,2.0,12345678,
9981,Loli Cabeo,,,1,bar,2.0,12345678,
9982,Julieta,,,1,bar,2.0,12345678,
9983,Maria Montoro,,,1,bar,2.0,12345678,
9984,pedro bueno,,,1,bar,2.0,12345678,
9985,Antonio Gómez Guzmán,,,1,bar,2.0,12345678,
9986,Jorge Moran Rodriguez,,,1,bar,2.0,12345678,
9987,El viaje de Steffie,,,1,bar,2.0,12345678,
9988,Triki Beltran,,,1,bar,2.0,12345678,
9989,José Antonio Córdoba Recio,,,1,bar,2.0,12345678,
9990,Alberto Raya,,,1,bar,2.0,12345678,
9991,Benjamin betorz casanovas,,,1,bar,2.0,12345678,
9992,Cora Ruiz,,,1,bar,2.0,12345678,
9993,DIEGO JESUS Fernández PERALES,,,1,bar,2.0,12345678,
9994,Aurora Martín,,,1,bar,2.0,12345678,
9995,Jose Antonio Buendia,,,1,bar,2.0,12345678,
9996,Francisco Denia Moreno,,,1,bar,2.0,12345678,
9997,avigail regev,,,1,bar,2.0,12345678,
9998,luis carlos alvares,,,1,bar,2.0,12345678,
9999,Oscar RH,,,1,bar,2.0,12345678,
10000,Juan Exposito,,,1,bar,2.0,12345678,
10001,PEDRO ALCALA,,,1,bar,2.0,12345678,
10002,manoli puñal lerma,,,1,bar,2.0,12345678,
10003,Manuel .Labrador,,,2,bar|restaurant,2.0,12345678,
10004,Malen,,,1,bar,2.0,12345678,
10005,Mari Koke,,,1,bar,2.0,12345678,
10006,Silvia FPG,,,1,bar,2.0,12345678,
10007,Manu ceballos,,,1,bar,,12345678,
10008,Adriana Fernandez,,,1,bar,2.0,12345678,
10009,Franciaco Lopez,,,1,bar,,12345678,
10010,Dani rodríguez aparicio,,,1,bar,2.0,12345678,
10011,ANTONIO GONZALO,,,1,bar,2.0,12345678,
10012,Ro JiU,,,1,bar,2.0,12345678,
10013,Juanop,,,2,bar|restaurant,2.0,12345678,
10014,Jose Aranda Reyes,,,1,bar,2.0,12345678,
10015,Encarni segura ortiz,,,1,bar,2.0,12345678,
10016,Lourdes C. S. Casado,,,1,bar,2.0,12345678,
10017,Valascio Cross,,,1,bar,2.0,12345678,
10018,daniel fernandez herrera,,,2,bar|restaurant,,12345678,
10019,Alejandro Soria Clares,,,1,bar,2.0,12345678,
10020,GROK ZZ,,,1,bar,,12345678,
10021,Joserra Rodríguez,,,1,bar,2.0,12345678,
10022,Enca Teba,,,1,bar,,12345678,
10023,Raquel Aparicio Gomez,,,1,bar,2.0,12345678,
10024,Rafa Fernandez Jimenez,,,1,bar,,12345678,
10025,leles270,,,1,bar,,12345678,
10026,Joaquín Caballero Cuerva,,,1,bar,2.0,12345678,
10027,lola casado,,,1,bar,2.0,12345678,
10028,Julia Pestaña,,,1,bar,2.0,12345678,
10029,Loli Sabariego,,,1,bar,,12345678,
10030,Manolo Calahorro Ureña,,,2,bar|restaurant,2.0,12345678,
10031,Antonia Montoro,,,1,bar,2.0,12345678,
10032,Juan Francisco Castillo (Kisco),,,1,bar,2.0,12345678,
10033,Francisco Javier García Poza,,,1,bar,2.0,12345678,
10034,Ascensión Diaz,,,1,bar,2.0,12345678,
10035,Francisco cañada,,,1,bar,2.0,12345678,
10036,TOÑI Guti,,,1,bar,,12345678,
10037,José María Reyes,,,1,bar,,12345678,
10038,Maria del Carmen Gallego Peinado,,,1,bar,2.0,12345678,
10039,Jigsaw8282 Jigsaw8282,,,1,bar,2.0,12345678,
10040,Beatriz Quesada,,,1,bar,2.0,12345678,
10041,Oscar javier Gomez cobo,,,1,bar,2.0,12345678,
10042,Pedro Cruz,,,1,bar,2.0,12345678,
10043,miguel llanero solitario,,,1,bar,2.0,12345678,
10044,Juan Manuel Peinado García,,,1,bar,2.0,12345678,
10045,Juani Torres Torres,,,1,bar,2.0,12345678,
10046,Fran M,,,1,bar,2.0,12345678,
10047,CESAR COLLADO,,,1,bar,2.0,12345678,
10048,Ramón Ruiz Martínez,,,1,bar,2.0,12345678,
10049,Alejandra Pierluissi,,,1,bar,,12345678,
10050,Pepi Roldan,,,1,bar,2.0,12345678,
10051,Monica Cruz,,,1,bar,2.0,12345678,
10052,Daniel Artero,,,1,bar,,12345678,
10053,Angel Moreno,,,1,bar,2.0,12345678,
10054,M 23,,,1,bar,,12345678,
10055,Francisco Torres,,,1,bar,2.0,12345678,
10056,Farruk Diego Es Autentico,,,1,bar,2.0,12345678,
10057,antonio palomino montero,,,1,bar,2.0,12345678,
10058,Miniart 3D,,,1,bar,2.0,12345678,
10059,fede hidalgo,,,1,bar,2.0,12345678,
10060,Caladan T.A.,,,1,bar,2.0,12345678,
10061,David Navas Campos,,,1,bar,2.0,12345678,
10062,Raul Pulido,,,1,bar,2.0,12345678,
10063,Ñoño Cabrera,,,1,bar,2.0,12345678,
10064,Mari carmen Sanchez Bezares,,,1,bar,,12345678,
10065,sara garcia navarro,,,1,bar,2.0,12345678,
10066,Samuel de la torre jimenez,,,1,bar,2.0,12345678,
10067,Miguel Ángel Moreno Jiménez,,,1,bar,,12345678,
10068,Jaksdv,,,1,bar,2.0,12345678,
10069,Antonio Jose Gomez Muela,,,1,bar,2.0,12345678,
10070,Manuel Montes,,,1,bar,2.0,12345678,
10071,Cristian Garcia,,,1,bar,2.0,12345678,
10072,Jose Francisco Ramirez Garcia,,,1,bar,2.0,12345678,
10073,jose manuel arrebola aranda,,,1,bar,2.0,12345678,
10074,Carmen62 Jiménez Cano,,,1,bar,2.0,12345678,
10075,Sonia Fuentes Pérez,,,1,bar,2.0,12345678,
10076,Mariola Vilches Cantero,,,1,bar,2.0,12345678,
10077,casa mentesa,,,1,bar,2.0,12345678,
10078,Alfonso Garrido Contreras,,,1,bar,2.0,12345678,
10079,J.C.C,,,1,bar,2.0,12345678,
10080,Miguel Ángel M. S.,,,1,bar,2.0,12345678,
10081,Noelia Peraba peña,,,1,bar,2.0,12345678,
10082,Antonio Mena Montoro,,,1,bar,2.0,12345678,
10083,Soledad Arake,,,1,bar,2.0,12345678,
10084,andres vega,,,1,bar,2.0,12345678,
10085,Anna Maria Rucabado Sala,,,1,bar,2.0,12345678,
10086,Alonso Cueva,,,1,bar,2.0,12345678,
10087,Antonio Aguilar,,,1,bar,2.0,12345678,
10088,jesús illescas,,,1,bar,2.0,12345678,
10089,pablo pedro lopez hidalgo,,,1,bar,2.0,12345678,
10090,carlos cornejo,,,1,bar,2.0,12345678,
10091,Rafa Palomares,,,1,bar,2.0,12345678,
10092,Fernando Serrano,,,1,bar,2.0,12345678,
10093,Jose M Peinado,,,1,bar,,12345678,
10094,soledad guzman,,,1,bar,2.0,12345678,
10095,Juan de Dios Robles Armenteros,,,1,bar,2.0,12345678,
10096,Mª Isabel Muñoz Muñoz,,,1,bar,2.0,12345678,
10097,P G,,,1,bar,2.0,12345678,
10098,luzya Herrera,,,1,bar,2.0,12345678,
10099,Miguel Ortega,,,1,bar,2.0,12345678,
10100,Isidoro García García,,,1,bar,2.0,12345678,
10101,Antonio Balguerias,,,1,bar,2.0,12345678,
10102,pepe fernandez,,,1,bar|restaurant,2.0,12345678,
10103,Marina TR,,,1,bar|restaurant,2.0,12345678,
10104,juan adolfo davias martinez,,,1,bar|restaurant,2.0,12345678,
10105,Babys Perona,,,1,bar|restaurant,2.0,12345678,
10106,Mayte Moreno,,,1,bar|restaurant,2.0,12345678,
10107,Jose Cantador Mengual,,,1,bar|restaurant,2.0,12345678,
10108,Concepcion Moren. JM Po,,,1,bar|restaurant,2.0,12345678,
10109,Alicia Fernández,,,1,bar|restaurant,2.0,12345678,
10110,Manuel Carrizo,,,1,bar|restaurant,2.0,12345678,
10111,Antonio Merino Fernandez,,,1,bar|restaurant,2.0,12345678,
10112,Jose Luis Martínez Martínez,,,1,bar|restaurant,2.0,12345678,
10113,jagbass1965,,,1,bar|restaurant,,12345678,
10114,Maria lujan,,,1,bar|restaurant,2.0,12345678,
10115,Jose Santamaria,,,1,bar|restaurant,2.0,12345678,
10116,Nicolás,,,1,bar|restaurant,2.0,12345678,
10117,Fran Cid,,,1,bar|restaurant,2.0,12345678,
10118,Sofia Truyols,,,1,bar|restaurant,,12345678,
10119,Esteban León,,,1,bar|restaurant,,12345678,
10120,Eric Fissette,,,1,bar|restaurant,2.0,12345678,
10121,Luis Sanchez Sanchez,,,1,bar|restaurant,2.0,12345678,
10122,jhosbert suarez rodriguez,,,1,bar|restaurant,2.0,12345678,
10123,Miguel Ángel Ortiz Ortega,,,1,bar|restaurant,2.0,12345678,
10124,A. Francisco Garcia,,,1,bar|restaurant,2.0,12345678,
10125,Benito Garcia Lopez,,,1,bar|restaurant,2.0,12345678,
10126,Daniel Torres,,,1,bar|restaurant,2.0,12345678,
10127,Santi Molina García,,,1,bar|restaurant,2.0,12345678,
10128,Familia Gómez Marcos,,,1,bar|restaurant,2.0,12345678,
10129,Cobo Godoy,,,1,bar|restaurant,,12345678,
10130,Domingo Prieto Delgado,,,1,bar|restaurant,2.0,12345678,
10131,JAIME NICOLAU,,,1,bar|restaurant,2.0,12345678,
10132,jonathan Jgm,,,1,bar|restaurant,2.0,12345678,
10133,jose manuel Ortega,,,1,bar|restaurant,2.0,12345678,
10134,Mayte Martínez Hurtado,,,1,bar|restaurant,2.0,12345678,
10135,Agustin Ramirez,,,1,bar|restaurant,2.0,12345678,
10136,Luis Ibáñez,,,1,bar|restaurant,2.0,12345678,
10137,Raquel Gonzalez Neff (Emma García González),,,1,bar|restaurant,2.0,12345678,
10138,Isabel Martínez Nájera,,,1,bar|restaurant,2.0,12345678,
10139,Eugenio Mongé,,,1,bar|restaurant,2.0,12345678,
10140,Jose Ortiz Redondo,,,1,bar|restaurant,2.0,12345678,
10141,Berna Gonzalez,,,1,bar|restaurant,2.0,12345678,
10142,Pedro Seco,,,1,bar|restaurant,2.0,12345678,
10143,Carolina Navarro Jara,,,1,bar|restaurant,2.0,12345678,
10144,Marta Laguna Guzman,,,1,bar|restaurant,2.0,12345678,
10145,Ivan Garrido Galvez,,,1,bar|restaurant,2.0,12345678,
10146,Manuel Perez Rodrigiez,,,1,bar|restaurant,2.0,12345678,
10147,Carolina Muñiz,,,1,bar|restaurant,2.0,12345678,
10148,belen lucas “yuffi”,,,1,bar,,12345678,
10149,Daniel Rivera Santiago,,,1,bar,,12345678,
10150,G G,,,1,bar,,12345678,
10151,Funeraria Esp,,,1,bar,,12345678,
10152,Marcos Quevedo Moriana,,,1,bar,,12345678,
10153,Ana Hernandez Zapatero,,,1,bar,,12345678,
10154,Rocio Gomez,,,1,bar,,12345678,
10155,Fiscut 18 Ciui,,,1,bar,,12345678,
10156,LUPERO,,,1,bar,,12345678,
10157,Evita Molina,,,1,bar,,12345678,
10158,Claudia Cano Sánchez,,,1,bar,,12345678,
10159,jonathan liebanas,,,1,bar,,12345678,
10160,Chechu CP,,,1,bar,,12345678,
10161,rocio civieta,,,1,bar,,12345678,
10162,Javier Martinez Salinero,,,4,restaurant|bar,3.0,12345678,
10163,Auxi Garcia,,,1,bar,,12345678,
10164,Antonio Morales Martínez,,,1,bar,,12345678,
10165,Eneko Ramirez,,,1,bar,,12345678,
10166,Fátima Pino Servián,,,1,bar,,12345678,
10167,Alex Goikoetxea,,,1,bar,,12345678,
10168,Juan José Cobo,,,2,bar|restaurant,2.0,12345678,
10169,Xavier,,,2,bar,2.0,12345678,
10170,Victoria Martínez,,,1,bar,,12345678,
10171,Loli Muñoz Cabello,,,1,bar,,12345678,
10172,Paula Martín,,,1,bar,,12345678,
10173,Elena Teruel,,,1,bar,,12345678,
10174,Maria Serrano,,,1,bar,,12345678,
10175,Manu C,,,1,bar,,12345678,
10176,J.Ortiz,,,2,bar|restaurant,2.0,12345678,
10177,El tocador de Nazaret,,,1,bar,,12345678,
10178,antonio PS,,,1,bar,,12345678,
10179,Kelyn,,,1,bar,,12345678,
10180,dog la tienda,,,1,bar,,12345678,
10181,Alex me ga,,,1,bar,,12345678,
10182,Jose Castro,,,1,bar,,12345678,
10183,Rocío Mena,,,1,bar,,12345678,
10184,adrian marjalizo,,,1,bar,,12345678,
10185,VALLE GV,,,1,bar,,12345678,
10186,Marta Cruz,,,1,bar,,12345678,
10187,Ramón Quesada,,,1,bar,,12345678,
10188,Jorge Igarla,,,1,bar,,12345678,
10189,Pakus Cabrera,,,1,bar,,12345678,
10190,JPMS Basileus,,,1,bar,,12345678,
10191,Lalita Ibarra,,,1,bar,,12345678,
10192,Carlos Juan,,,1,bar,,12345678,
10193,JULIAN NAVARRO SANCHEZ,,,1,bar,,12345678,
10194,Juan Pulido (Uniconsulting Asesores),,,1,bar,,12345678,
10195,María Pulido,,,1,bar,2.0,12345678,
10196,Laura Torres San Miguel,,,1,bar,2.0,12345678,
10197,Elena Christian Ilies Stancu,,,1,bar,2.0,12345678,
10198,Araceli Del Carmen Pineda,,,1,bar,2.0,12345678,
10199,mateo guirado cardenas,,,1,bar,2.0,12345678,
10200,Víctor Jiménez,,,1,bar,2.0,12345678,
10201,Javier Lopez,,,1,bar,2.0,12345678,
10202,Maximo Pulido,,,1,bar,2.0,12345678,
10203,Samuel Sánchez León,,,1,bar,,12345678,
10204,Luz Colmenero de la Torre,,,1,bar,,12345678,
10205,P. S,,,1,bar,2.0,12345678,
10206,Juan Carlos Peñas López,,,1,bar,2.0,12345678,
10207,cristian sanchez,,,1,bar,2.0,12345678,
10208,M. S. F.,,,1,bar,,12345678,
10209,Manuel Soti,,,1,bar,2.0,12345678,
10210,Paula Bernal Carro,,,1,bar,2.0,12345678,
10211,Sergio Relaño Serna,,,1,bar,2.0,12345678,
10212,LOLA RIVILLA AGUAYO,,,1,bar,2.0,12345678,
10213,Veronica Tellez,,,1,bar,2.0,12345678,
10214,Juanfran Peinado,,,1,bar,2.0,12345678,
10215,Sol LL,,,1,bar,2.0,12345678,
10216,Joaquina Adan,,,1,bar,2.0,12345678,
10217,Marta Gutiérrez,,,1,bar,2.0,12345678,
10218,Julia Feijóo,,,1,bar,2.0,12345678,
10219,Alberto Rodríguez Puerto,,,1,bar,2.0,12345678,
10220,Victor Ortiz,,,1,bar,2.0,12345678,
10221,MACARENA M. C,,,1,bar,2.0,12345678,
10222,JESUS GARCIA GARCIA,,,1,bar,2.0,12345678,
10223,Qurrom Cam Cab,,,1,bar,,12345678,
10224,SOL PEÑA,,,1,bar,2.0,12345678,
10225,irenegr13,,,1,bar,2.0,12345678,
10226,jose antonio callejas “capone666”,,,1,bar,,12345678,
10227,Miriam Rey,,,1,bar,2.0,12345678,
10228,Diego cas,,,1,bar,2.0,12345678,
10229,Montse Nuria,,,1,bar,2.0,12345678,
10230,Maria Parra Navarro,,,1,bar,2.0,12345678,
10231,Loli Sa,,,1,bar,,12345678,
10232,Juani García,,,1,bar,,12345678,
10233,Ramon Jaen,,,1,bar,2.0,12345678,
10234,MANUEL ANDRES CALATRAVA GONZALEZ,,,1,bar,2.0,12345678,
10235,Eva Lin,,,1,bar,2.0,12345678,
10236,Maria Rosa Jimenez Garcia,,,1,bar,2.0,12345678,
10237,Rosario De dios vidal,,,1,bar,,12345678,
10238,jose juan FERNANDEZ FERNANDEZ,,,2,bar|restaurant,2.5,12345678,
10239,Grego Fernandez,,,1,bar,,12345678,
10240,Raúl ni pollas,,,1,bar,2.0,12345678,
10241,Angel Chica Cardenas,,,1,bar,2.0,12345678,
10242,Francisco Agudo Leon,,,1,bar,2.0,12345678,
10243,Maria isabel Fresno amate,,,1,bar,2.0,12345678,
10244,Patricia Betanzos,,,1,bar|restaurant,2.0,12345678,
10245,Fran Lu,,,1,bar|restaurant,,12345678,
10246,Miguel Angel Castillo,,,1,bar|restaurant,,12345678,
10247,Eva María Fernández Poyatos,,,1,bar|restaurant,2.0,12345678,
10248,Daniel Moreno Arellano,,,1,bar|restaurant,2.0,12345678,
10249,Pj Alcaraz 77,,,1,bar|restaurant,2.0,12345678,
10250,Abraham García Moreno,,,1,bar|restaurant,2.0,12345678,
10251,Ivan Hervás de Chiveria D'RAZA FLAMENCO,,,1,bar|restaurant,2.0,12345678,
10252,jorge barranco,,,1,bar|restaurant,2.0,12345678,
10253,Luis Sarabia,,,1,bar|restaurant,2.0,12345678,
10254,Sergio LV,,,1,bar|restaurant,2.0,12345678,
10255,Chic & Cool Eventos,,,1,bar|restaurant,2.0,12345678,
10256,Julia Cuenca,,,1,bar|restaurant,2.0,12345678,
10257,Darío García,,,1,bar|restaurant,2.0,12345678,
10258,Electro basi,,,1,bar|restaurant,,12345678,
10259,A OR,,,1,bar|restaurant,2.0,12345678,
10260,Javii r,,,1,bar|restaurant,2.0,12345678,
10261,Emperatriz Córdoba Jiménez,,,1,bar|restaurant,2.0,12345678,
10262,Alex Barakhov,,,1,bar|restaurant,2.0,12345678,
10263,Hector B.,,,1,bar|restaurant,2.0,12345678,
10264,Nuria De la chica perez,,,1,bar|restaurant,2.0,12345678,
10265,KIKILOV,,,1,bar|restaurant,2.0,12345678,
10266,Luis Garzón Montesinos,,,1,bar|restaurant,2.0,12345678,
10267,Alba Delgado Pascual,,,1,bar|restaurant,2.0,12345678,
10268,Alba Chando Cruz,,,1,bar|restaurant,2.0,12345678,
10269,david solvan garcia,,,1,bar|restaurant,,12345678,
10270,Fernando Pulido,,,1,bar|restaurant,2.0,12345678,
10271,Jesus Catena,,,1,bar|restaurant,2.0,12345678,
10272,Javier Fóchez,,,1,bar|restaurant,,12345678,
10273,Vecina Cris Baby,,,1,bar|restaurant,,12345678,
10274,Jose Marques Ernes,,,1,bar|restaurant,2.0,12345678,
10275,Alejandro Pastrana,,,1,bar|restaurant,2.0,12345678,
10276,M P N O,,,1,bar|restaurant,2.0,12345678,
10277,Chon Movil,,,1,bar|restaurant,,12345678,
10278,mcchovi,,,1,bar|restaurant,,12345678,
10279,Christian Lopes,,,1,bar|restaurant,2.0,12345678,
10280,Ena Lopez Torres,,,1,bar|restaurant,2.0,12345678,
10281,Rous OR,,,2,restaurant|bar,2.5,12345678,
10282,Dani Torres,,,1,bar|restaurant,,12345678,
10283,Lidia Sánchez Mesa,,,1,bar|restaurant,2.0,12345678,
10284,Irene Macias,,,1,bar|restaurant,,12345678,
10285,Jose Manuel León Martín,,,1,bar|restaurant,2.0,12345678,
10286,Juanra Escalona Mendez,,,1,bar|restaurant,2.0,12345678,
10287,Juan Domingo Álvarez Díaz,,,1,bar|restaurant,,12345678,
10288,Manuel Malo,,,1,bar|restaurant,2.0,12345678,
10289,Rodrigo Quintero,,,1,bar|restaurant,2.0,12345678,
10290,Inma Ucles,,,1,bar|restaurant,2.0,12345678,
10291,Chayito Leija,,,1,bar|restaurant,2.0,12345678,
10292,Lourdes Vallejo Anguita,,,1,bar|restaurant,2.0,12345678,
10293,Dori Dori,,,1,bar|restaurant,2.0,12345678,
10294,Rubén Sancté,,,1,bar|restaurant,2.0,12345678,
10295,Eli Martinez,,,1,bar|restaurant,2.0,12345678,
10296,Carlos Ming,,,1,bar|restaurant,2.0,12345678,
10297,Pako Sanz,,,1,bar|restaurant,2.0,12345678,
10298,Jose Maria Paredes,,,1,bar|restaurant,2.0,12345678,
10299,jatm nnn,,,1,bar|restaurant,2.0,12345678,
10300,Begoña Orozco Navarrete,,,1,restaurant,2.0,12345678,
10301,Virginia Villalobos,,,1,restaurant,2.0,12345678,
10302,alba armada cortes,,,1,restaurant,2.0,12345678,
10303,Candela Jiménez Gaitan,,,1,restaurant,2.0,12345678,
10304,Lara Carneiro,,,1,restaurant,2.0,12345678,
10305,Jessica Sanchez,,,1,restaurant,2.0,12345678,
10306,Charo Macias Morena,,,1,restaurant,2.0,12345678,
10307,Martin Bautista,,,1,restaurant,2.0,12345678,
10308,r ramirez,,,1,restaurant,2.0,12345678,
10309,Diana Pop,,,1,restaurant,2.0,12345678,
10310,ruben v c,,,1,restaurant,2.0,12345678,
10311,ana martin,,,1,restaurant,2.0,12345678,
10312,Anabel,,,2,restaurant,2.0,12345678,
10313,Carolina Sospedra,,,1,restaurant,2.0,12345678,
10314,Judith LS,,,1,restaurant,2.0,12345678,
10315,Sonia Soriano Montero,,,1,restaurant,,12345678,
10316,Raquel martin esteban,,,1,restaurant,2.0,12345678,
10317,Luisa Maria Garcia Velasco,,,1,restaurant,2.0,12345678,
10318,Patty P.O. “Pattyto”,,,1,restaurant,2.0,12345678,
10319,Belen C,,,1,restaurant,,12345678,
10320,Kike Lagomarsino,,,1,restaurant,2.0,12345678,
10321,Dav Pe,,,1,restaurant,2.0,12345678,
10322,MARTA DOMINGUEZ MAESTEGUI,,,1,restaurant,2.0,12345678,
10323,J. Herrera,,,1,restaurant,2.0,12345678,
10324,Luis Rivera,,,1,restaurant,2.0,12345678,
10325,MANEL G.P,,,1,restaurant,2.0,12345678,
10326,Gladyscha,,,1,restaurant,2.0,12345678,
10327,pedro miguel madrigal,,,1,restaurant,2.0,12345678,
10328,Amanda Gonzalez,,,1,restaurant,2.0,12345678,
10329,Cristina Fernández Medina,,,1,restaurant,2.0,12345678,
10330,Miriam Fajardo,,,1,restaurant,2.0,12345678,
10331,pepa dueñas,,,1,restaurant,2.0,12345678,
10332,Hakunamata Hakunamata,,,1,restaurant,2.0,12345678,
10333,José Carlos Navarro,,,1,restaurant,2.0,12345678,
10334,Smidir Custom,,,1,restaurant,2.0,12345678,
10335,Francisco José Díaz Talavera,,,1,restaurant,2.0,12345678,
10336,A Q,,,1,restaurant,2.0,12345678,
10337,Fernando Villalonga,,,1,restaurant,,12345678,
10338,MVk,,,1,restaurant,2.0,12345678,
10339,Lucía Sáinz Pérez,,,1,restaurant,2.0,12345678,
10340,El Atizador De Fuego,,,1,restaurant,,12345678,
10341,Maite Aguilar Barroso,,,1,restaurant,2.0,12345678,
10342,Rosa Cortes,,,1,restaurant,2.0,12345678,
10343,David S,,,1,restaurant,2.0,12345678,
10344,Andresex,,,1,restaurant,2.0,12345678,
10345,Jaime L,,,1,restaurant,2.0,12345678,
10346,Santiago Camino Castiila,,,1,restaurant,2.0,12345678,
10347,Manuel Vico,,,1,restaurant,2.0,12345678,
10348,Chari D.M,,,1,restaurant,2.0,12345678,
10349,LaVine 8,,,1,restaurant,2.0,12345678,
10350,Antonio Alguacil,,,1,restaurant,2.0,12345678,
10351,Daniel Mencias Moreno,,,1,restaurant,2.0,12345678,
10352,Yolanda Barba,,,1,restaurant,2.0,12345678,
10353,Julián Patiño,,,1,restaurant,2.0,12345678,
10354,H C,,,1,restaurant,2.0,12345678,
10355,Adolfo Barbé Suárez,,,1,restaurant,2.0,12345678,
10356,Luz Gonzalez,,,1,restaurant,2.0,12345678,
10357,Beatriz Aleixandre,,,1,restaurant,2.0,12345678,
10358,Javier Domínguez,,,1,restaurant,2.0,12345678,
10359,Felipe Manjón,,,1,restaurant,2.0,12345678,
10360,Perla Sanz,,,1,restaurant,2.0,12345678,
10361,Berta Pons,,,1,restaurant,2.0,12345678,
10362,Sara Fernandez,,,1,restaurant,2.0,12345678,
10363,José Félix Ríos,,,1,restaurant,2.0,12345678,
10364,Miguel Chamorro,,,1,restaurant,2.0,12345678,
10365,Miguel García,,,1,restaurant,2.0,12345678,
10366,Isabel Gonzalez,,,1,restaurant,2.0,12345678,
10367,DMR,,,1,restaurant,2.0,12345678,
10368,Veroli Raider,,,1,restaurant,2.0,12345678,
10369,Mar Medina,,,1,restaurant,2.0,12345678,
10370,Cristina Moreno Pérez,,,1,restaurant,2.0,12345678,
10371,Luisa Blanco,,,1,restaurant,2.0,12345678,
10372,Fátima Díaz Pérez,,,1,restaurant,2.0,12345678,
10373,Manuel Vallejos,,,2,restaurant,,12345678,
10374,Jairo,,,1,restaurant,2.0,12345678,
10375,Teresa Ordás Arco,,,1,restaurant,2.0,12345678,
10376,Arachely Alvarez Santos,,,1,restaurant,2.0,12345678,
10377,María Ángeles Agüera Lomeña,,,1,restaurant,2.0,12345678,
10378,Martín D,,,1,restaurant,,12345678,
10379,Víctor Sánchez Solana,,,1,restaurant,2.0,12345678,
10380,Alberto de la Riva,,,1,restaurant,2.0,12345678,
10381,Ángel Rivera,,,1,restaurant,,12345678,
10382,Paco Masià,,,1,restaurant,2.0,12345678,
10383,Yanyaga,,,1,restaurant,2.0,12345678,
10384,Alejandro Jimenez Hernandez,,,1,restaurant,2.0,12345678,
10385,fina isabel de haro alonso,,,1,restaurant,2.0,12345678,
10386,Manuel Ordóñez,,,1,restaurant,2.0,12345678,
10387,S B,,,1,restaurant,2.0,12345678,
10388,Marco González,,,1,restaurant,2.0,12345678,
10389,Sandra A,,,1,restaurant,2.0,12345678,
10390,Miriam Cámara,,,1,restaurant,2.0,12345678,
10391,raul casado sauceda,,,1,restaurant,2.0,12345678,
10392,lola castillo,,,1,restaurant,2.0,12345678,
10393,JOK3R,,,1,restaurant,2.0,12345678,
10394,Silvia Montiel,,,1,restaurant,2.0,12345678,
10395,Amarosa,,,1,restaurant,,12345678,
10396,Tamara G.G,,,1,restaurant,2.0,12345678,
10397,Chemi Borras,,,1,restaurant,2.0,12345678,
10398,Tony Sutil,,,1,restaurant,2.0,12345678,
10399,KARMEN,,,1,restaurant,2.0,12345678,
10400,Nerea Gutierrez Gila,,,1,restaurant,2.0,12345678,
10401,Paula Soberino,,,1,restaurant,3.0,12345678,
10402,Paco González Juárez,,,1,restaurant,3.0,12345678,
10403,Jaime Meléndez,,,1,restaurant,3.0,12345678,
10404,Juan Pedro Moral,,,1,restaurant,3.0,12345678,
10405,Mariano Diaz,,,2,restaurant,2.5,12345678,
10406,Marta Calahorro,,,1,restaurant,,12345678,
10407,Fer,,,1,restaurant,3.0,12345678,
10408,Daniel Ordoñez Pro,,,1,restaurant,3.0,12345678,
10409,Vic,,,1,restaurant,3.0,12345678,
10410,Juan Alberto Jimenez Perez,,,1,restaurant,3.0,12345678,
10411,Andrea González,,,1,restaurant,3.0,12345678,
10412,Juan Jesús Sepúlveda Parreño,,,1,restaurant,3.0,12345678,
10413,María Esplugues,,,1,restaurant,3.0,12345678,
10414,Sara Bueno,,,1,restaurant,3.0,12345678,
10415,Alejandro Cano,,,1,restaurant,3.0,12345678,
10416,Noelia Mendoza Fisioterapia,,,1,restaurant,3.0,12345678,
10417,Davi,,,1,restaurant,3.0,12345678,
10418,Jorge Rama Moral,,,1,restaurant,3.0,12345678,
10419,Miguel Sab,,,1,restaurant,3.0,12345678,
10420,Juan Francisco Fernandez Ocaña,,,1,restaurant,3.0,12345678,
10421,Crmeyes,,,1,restaurant,3.0,12345678,
10422,Dam Hdez,,,1,restaurant,3.0,12345678,
10423,Francisco Ossorio,,,1,restaurant,3.0,12345678,
10424,Maricarmen Jurado,,,1,restaurant,3.0,12345678,
10425,Azahara Lg,,,1,restaurant,3.0,12345678,
10426,CARMEN LOSADA,,,1,restaurant,3.0,12345678,
10427,Carmen Chica,,,1,restaurant,3.0,12345678,
10428,limp_limp_Pimp,,,1,restaurant,3.0,12345678,
10429,Benjamin Perraut,,,1,restaurant,3.0,12345678,
10430,Marina Lopez Tena,,,1,restaurant,3.0,12345678,
10431,Pablo Hidalgo Pérez-Simón,,,1,restaurant,3.0,12345678,
10432,Patt _met,,,1,restaurant,3.0,12345678,
10433,Carolina Aurora Apezteguia,,,1,restaurant,3.0,12345678,
10434,Belén Camacho,,,1,restaurant,3.0,12345678,
10435,Eva María Berbell Gámez,,,1,restaurant,3.0,12345678,
10436,Cristina Pastor,,,1,restaurant,3.0,12345678,
10437,gilberto jose guerrero gutierrez,,,1,restaurant,3.0,12345678,
10438,Laly Romero,,,1,restaurant,3.0,12345678,
10439,Jose Paranoir,,,1,restaurant,3.0,12345678,
10440,P A Ruiz Arango,,,1,restaurant,3.0,12345678,
10441,Javier Salazar Torres,,,1,restaurant,3.0,12345678,
10442,Granada España,,,1,restaurant,3.0,12345678,
10443,Jose Maria Ortega,,,1,restaurant,3.0,12345678,
10444,José Ignacio JIFM,,,1,restaurant,3.0,12345678,
10445,Iñaki Idoeta,,,1,restaurant,3.0,12345678,
10446,Luis Y.,,,1,restaurant,3.0,12345678,
10447,Javier Palacios Trueba,,,1,restaurant,3.0,12345678,
10448,Angelines Chica,,,1,restaurant,3.0,12345678,
10449,Ana Belén Barranco Cañadas,,,1,restaurant,3.0,12345678,
10450,Anahí PV,,,1,restaurant,2.0,12345678,
10451,javier Huelmo,,,1,restaurant,2.0,12345678,
10452,laura soler potrero,,,1,restaurant,2.0,12345678,
10453,Marisol González,,,1,restaurant,2.0,12345678,
10454,DaViDa,,,1,restaurant,2.0,12345678,
10455,Sergio Jaén,,,1,restaurant,2.0,12345678,
10456,Carmen López Urban,,,1,restaurant,2.0,12345678,
10457,Mario Ortiz,,,1,restaurant,,12345678,
10458,Alberto Bedmar,,,1,restaurant,2.0,12345678,
10459,Juan Francisco Navarro Sánchez,,,1,restaurant,,12345678,
10460,ELENA GONZALEZ GALIAN,,,1,restaurant,2.0,12345678,
10461,Chema Berenguel,,,1,restaurant,2.0,12345678,
10462,Jose Luis Abad,,,1,restaurant,2.0,12345678,
10463,palmaroman,,,1,restaurant,2.0,12345678,
10464,Maria del Mar Esteban,,,1,restaurant,,12345678,
10465,susana valdes,,,1,restaurant,2.0,12345678,
10466,Miguel Charneco,,,1,restaurant,2.0,12345678,
10467,Matias Amiano,,,1,restaurant,2.0,12345678,
10468,Creden Eleno,,,1,restaurant,2.0,12345678,
10469,Nohe SH,,,1,restaurant,,12345678,
10470,JELM,,,1,restaurant,2.0,12345678,
10471,Sueli,,,1,restaurant,2.0,12345678,
10472,Álvaro Martinez Utrero,,,1,restaurant,2.0,12345678,
10473,Kristina Kuzmenko,,,1,restaurant,,12345678,
10474,Maria Beltran,,,1,restaurant,2.0,12345678,
10475,jose luis muñoz muñoz,,,1,restaurant,2.0,12345678,
10476,Pilar Herranz,,,1,restaurant,,12345678,
10477,Maria Francisca Cabado,,,1,restaurant,2.0,12345678,
10478,VendettaTonight,,,1,restaurant,,12345678,
10479,David Diaz,,,1,restaurant,2.0,12345678,
10480,Ana Victoria Pérez Ramos,,,1,restaurant,2.0,12345678,
10481,Nacho S.G.,,,1,restaurant,2.0,12345678,
10482,Vanessa Martínez Casco,,,1,restaurant,,12345678,
10483,Minerva Andújar Blanco,,,1,restaurant,2.0,12345678,
10484,Oso43 (OSO43),,,1,restaurant,2.0,12345678,
10485,Alina Nicoleta Raica,,,1,restaurant,2.0,12345678,
10486,Regina Hurtado,,,1,restaurant,2.0,12345678,
10487,Francisco Aragón,,,1,restaurant,2.0,12345678,
10488,angel chilleron gil,,,1,restaurant,2.0,12345678,
10489,Esther GM,,,1,restaurant,,12345678,
10490,Layo Cruz,,,1,restaurant,2.0,12345678,
10491,Asier Azkue,,,1,restaurant,2.0,12345678,
10492,Jesus Casado,,,1,restaurant,,12345678,
10493,Ramon Valdivieso,,,1,restaurant,2.0,12345678,
10494,Lucia Rodriguez Fernandez,,,1,restaurant,2.0,12345678,
10495,ENCARNA SANCHEZ,,,1,restaurant,2.0,12345678,
10496,Aida Barrilado Rodríguez,,,1,restaurant,2.0,12345678,
10497,Romualdo - districampomar sl,,,1,restaurant,2.0,12345678,
10498,Samanta Mendez de Turconi,,,1,restaurant,2.0,12345678,
10499,Jennifer Ochando,,,1,restaurant,2.0,12345678,
10500,María José Martinez,,,1,restaurant,2.0,12345678,
10501,Irene Alburquerque,,,1,restaurant,,12345678,
10502,Rafael González Vázquez,,,1,restaurant,2.0,12345678,
10503,Yolanda Lopez,,,1,restaurant,2.0,12345678,
10504,Ezequiel Sanchez,,,1,restaurant,2.0,12345678,
10505,pablo garcia,,,1,restaurant,2.0,12345678,
10506,Mari Carmen BB,,,1,restaurant,2.0,12345678,
10507,M M,,,1,restaurant,2.0,12345678,
10508,Javi de Caso Llamas,,,1,restaurant,2.0,12345678,
10509,Michel Gegundez,,,1,restaurant,2.0,12345678,
10510,Joan Morera,,,1,restaurant,2.0,12345678,
10511,Samuel Andrades Martin,,,1,restaurant,2.0,12345678,
10512,Bor 9,,,1,restaurant,2.0,12345678,
10513,Alberto Viana,,,1,restaurant,2.0,12345678,
10514,Maria Dolores Pegalajar Jurado,,,1,restaurant,,12345678,
10515,Jesus Albo,,,1,restaurant,,12345678,
10516,Selene Soria,,,1,restaurant,,12345678,
10517,Sergio Estepa,,,1,restaurant,,12345678,
10518,Mº Angeles Cubero,,,1,restaurant,,12345678,
10519,Fu Gomez,,,1,restaurant,,12345678,
10520,Miguel Ángel Frias,,,2,restaurant,3.0,12345678,
10521,Javier Diaz,,,1,restaurant,,12345678,
10522,Marta Castellano,,,1,restaurant,,12345678,
10523,JAVIER PEREZ PELAEZ,,,1,restaurant,,12345678,
10524,manu castellano,,,1,restaurant,,12345678,
10525,ROBERTO ARROBA,,,1,restaurant,,12345678,
10526,BLANCA GOMEZ VILLEGAS,,,1,restaurant,,12345678,
10527,Maria José Vargas,,,1,restaurant,,12345678,
10528,Víctor S.,,,1,restaurant,,12345678,
10529,cristian Armenteros,,,1,restaurant,,12345678,
10530,Daria anm,,,1,restaurant,,12345678,
10531,pepe torres,,,1,restaurant,,12345678,
10532,Maximo Jimenez,,,1,restaurant,,12345678,
10533,Francisco Jimenez Gomez,,,1,restaurant,,12345678,
10534,Carmen Maria Gonzalez Cabeza,,,1,restaurant,,12345678,
10535,Isabel Reyes,,,1,restaurant,,12345678,
10536,marian jurado,,,1,restaurant,,12345678,
10537,Isa Madriz,,,1,restaurant,,12345678,
10538,Iraide Erroteta,,,1,restaurant,,12345678,
10539,Luis Mi Garcia,,,1,restaurant,,12345678,
10540,Sergio Glez,,,1,restaurant,,12345678,
10541,DJ Diversión,,,1,restaurant,,12345678,
10542,EUGENIO CANCIO-SUAREZ GONZALEZ,,,1,restaurant,,12345678,
10543,Ilusion Flamenca School,,,1,restaurant,,12345678,
10544,ana belen ramirez puerta,,,1,restaurant,,12345678,
10545,Rocio Poza Montoro,,,1,restaurant,,12345678,
10546,Marina Musanz,,,1,restaurant,,12345678,
10547,Ana A,,,1,restaurant,,12345678,
10548,Gema Cazalla Eliche,,,1,restaurant,,12345678,
10549,Yo soy Andro (Elxandrox),,,1,restaurant,,12345678,
10550,Rosa Mª Salgado,,,1,restaurant,,12345678,
10551,Verónica de Veret,,,1,restaurant,,12345678,
10552,Reformas y Alta Decore,,,1,restaurant,,12345678,
10553,ana salinero,,,1,restaurant,,12345678,
10554,Kai Chi Chan,,,1,restaurant,,12345678,
10555,Francisco Arjona,,,1,restaurant,,12345678,
10556,Nikolai Peterimov,,,1,restaurant,,12345678,
10557,Domingo SL,,,1,restaurant,,12345678,
10558,Lucy Fernández,,,1,restaurant,,12345678,
10559,Inma Garrido Quero,,,1,restaurant,,12345678,
10560,Elena Mendez Cruz,,,1,restaurant,,12345678,
10561,Steven Mejia,,,1,restaurant,,12345678,
10562,Luis Francisco Menés Cepillo,,,1,restaurant,,12345678,
10563,Raúl Conejo,,,1,restaurant,3.0,12345678,
10564,Maria Castro Castro,,,2,restaurant,3.0,12345678,
10565,Marisa Montaño,,,1,restaurant,3.0,12345678,
10566,Eva Maria Galindo,,,1,restaurant,3.0,12345678,
10567,Antonio Reyes,,,1,restaurant,3.0,12345678,
10568,Andres Barquero Sanchez,,,1,restaurant,3.0,12345678,
10569,Pablo Berbel,,,1,restaurant,3.0,12345678,
10570,Raluorgo,,,1,restaurant,,12345678,
10571,Pepi Ns,,,1,restaurant,3.0,12345678,
10572,Raquel Vílchez Martínez,,,1,restaurant,3.0,12345678,
10573,Alejandro Alcaraz Sintes,,,1,restaurant,3.0,12345678,
10574,Marta Bueno,,,1,restaurant,3.0,12345678,
10575,Maria Torres del moral,,,1,restaurant,3.0,12345678,
10576,Angel Gomez,,,1,restaurant,3.0,12345678,
10577,Antonio Castro Lara,,,1,restaurant,3.0,12345678,
10578,Gloria Parejo Jerez,,,1,restaurant,3.0,12345678,
10579,Esteban Ramos,,,1,restaurant,3.0,12345678,
10580,Diegalex17 _yt,,,1,restaurant,3.0,12345678,
10581,Alberto Villar de la Torre,,,1,restaurant,3.0,12345678,
10582,Noelia Gomez,,,1,restaurant,3.0,12345678,
10583,Ruben Adail,,,1,restaurant,3.0,12345678,
10584,Maca G “Mak1989”,,,1,restaurant,3.0,12345678,
10585,augusto,,,1,restaurant,3.0,12345678,
10586,Victoria Lopez,,,1,restaurant,3.0,12345678,
10587,Seba Lq,,,1,restaurant,3.0,12345678,
10588,Miguel Angel Luque,,,1,restaurant,3.0,12345678,
10589,"manu Pna,",,,1,restaurant,3.0,12345678,
10590,Juana Mari Torres Pérez,,,1,restaurant,3.0,12345678,
10591,ESTRELLA GONZALEZ,,,1,restaurant,3.0,12345678,
10592,Seba Lopez,,,1,restaurant,3.0,12345678,
10593,Pedro Guzman Romero,,,1,restaurant,3.0,12345678,
10594,Jose Ramirez,,,1,restaurant,3.0,12345678,
10595,Pepi Jiménez Velazquez,,,1,restaurant,3.0,12345678,
10596,Juan Manuel De La Casa León,,,1,restaurant,3.0,12345678,
10597,Dalibor Simunovic,,,1,restaurant,3.0,12345678,
10598,Alfredo Castillo,,,1,restaurant,3.0,12345678,
10599,Virginia,,,1,restaurant,3.0,12345678,
10600,Antonio Jose Margarito,,,1,restaurant,3.0,12345678,
10601,Mario Cz,,,1,restaurant,3.0,12345678,
10602,Jose Luis Alcazar,,,1,restaurant,3.0,12345678,
10603,Ana Maria Montoro Perez,,,1,restaurant,3.0,12345678,
10604,jorge muñoz mayor,,,1,restaurant,3.0,12345678,
10605,Fernando Oya Delgado,,,1,restaurant,3.0,12345678,
10606,Monica Roncero,,,1,restaurant,3.0,12345678,
10607,Lolilla Erena,,,1,restaurant,3.0,12345678,
10608,Pedro J. Vargas,,,1,restaurant,3.0,12345678,
10609,Omari Zinedine,,,1,restaurant,3.0,12345678,
10610,Mario Garrido,,,1,restaurant,3.0,12345678,
10611,Loli Toledano,,,1,restaurant,3.0,12345678,
10612,Jose ramirez cruz,,,1,restaurant,3.0,12345678,
10613,Sasha Santana,,,1,restaurant,,12345678,
10614,Antonio LA,,,1,restaurant,,12345678,
10615,Merche Garcia,,,1,restaurant,,12345678,
10616,José Ángel González Jiménez,,,1,restaurant,,12345678,
10617,CM S,,,1,restaurant,,12345678,
10618,Gema Ramírez,,,1,restaurant,,12345678,
10619,Daniel Palma,,,1,restaurant,,12345678,
10620,Julio Lorenzo,,,1,restaurant,,12345678,
10621,Araceli García,,,1,restaurant,,12345678,
10622,Moisés Sistemas,,,1,restaurant,,12345678,
10623,Gonzalo Tena Santana,,,1,restaurant,,12345678,
10624,Alfonso MR,,,1,restaurant,,12345678,
10625,Adrián M,,,1,restaurant,,12345678,
10626,Celia Crespo,,,1,restaurant,,12345678,
10627,María María,,,1,restaurant,,12345678,
10628,magdalena iniesta,,,1,restaurant,,12345678,
10629,José Manuel Pérez Valencia,,,1,restaurant,,12345678,
10630,Antonio Jordan fernandez,,,1,restaurant,,12345678,
10631,Toni Abia,,,1,restaurant,,12345678,
10632,SGR *,,,1,restaurant,,12345678,
10633,Pedro Morales Romero,,,1,restaurant,,12345678,
10634,Juan Manuel Corbera,,,1,restaurant,,12345678,
10635,Ruben lp,,,1,restaurant,,12345678,
10636,Eva IdC,,,1,restaurant,,12345678,
10637,Capitán Patitas,,,2,restaurant,2.0,12345678,
10638,Mari Carmen Rascón Anguís,,,1,restaurant,,12345678,
10639,Lidia Castillejo,,,1,restaurant,,12345678,
10640,Encarni Aguilar Bueno,,,1,restaurant,,12345678,
10641,Yuliana Botero,,,1,restaurant,,12345678,
10642,ritxard Gimenez,,,1,restaurant,,12345678,
10643,Conchi Fernández Alguacil,,,1,restaurant,,12345678,
10644,Ruth Gomez (Miu),,,2,restaurant,2.0,12345678,
10645,Paloma Granada,,,1,restaurant,,12345678,
10646,juan francisco morata,,,1,restaurant,,12345678,
10647,Pedro Damian Diaz Liz,,,1,restaurant,,12345678,
10648,Raquel Navarro,,,1,restaurant,,12345678,
10649,Pilar Valverde,,,1,restaurant,,12345678,
10650,juan jose granero galey,,,1,restaurant,,12345678,
10651,Rosario Muñoz,,,1,restaurant,,12345678,
10652,Francisco José Aguilera,,,1,restaurant,,12345678,
10653,Juan David Diaz,,,1,restaurant,,12345678,
10654,Manuel Soto Jiménez,,,1,restaurant,,12345678,
10655,Antonio Escalona,,,1,restaurant,2.0,12345678,
10656,JUANAN (JUANAN),,,1,restaurant,2.0,12345678,
10657,Angeles Ruiz,,,1,restaurant,2.0,12345678,
10658,andres marquez sanchez,,,1,restaurant,2.0,12345678,
10659,Nieves García Lorca,,,1,restaurant,,12345678,
10660,AntonioBeltran,,,1,restaurant,2.0,12345678,
10661,Manuel Calahorro Romero,,,2,restaurant,2.0,12345678,
10662,Cristóbal Jiménez,,,1,restaurant,2.0,12345678,
10663,Adolfo A. Royo López,,,1,restaurant,2.0,12345678,
10664,Maria Hernandez Perez,,,1,restaurant,2.0,12345678,
10665,Oscar D.F.,,,1,restaurant,2.0,12345678,
10666,Maria Cantor,,,1,restaurant,2.0,12345678,
10667,Victoria Alos,,,1,restaurant,,12345678,
10668,GONZALO CABA ROLDAN,,,1,restaurant,2.0,12345678,
10669,Luis Bermejo Hernanz,,,1,restaurant,2.0,12345678,
10670,Adolfo Ruiz,,,2,restaurant,2.0,12345678,
10671,Maria José Beltrán,,,1,restaurant,2.0,12345678,
10672,RICARDO VELARDE LUQUE,,,1,restaurant,2.0,12345678,
10673,Luis S,,,1,restaurant,,12345678,
10674,poveda E,,,1,restaurant,2.0,12345678,
10675,Noe Reyes,,,1,restaurant,,12345678,
10676,Isabel Portellano,,,1,restaurant,2.0,12345678,
10677,Bulsara X,,,1,restaurant,2.0,12345678,
10678,Paula Tome,,,1,restaurant,2.0,12345678,
10679,CR,,,1,restaurant,2.0,12345678,
10680,Yolanda Pérez Cruz,,,1,restaurant,2.0,12345678,
10681,FLP L P,,,1,restaurant,2.0,12345678,
10682,Luis Majano,,,1,restaurant,2.0,12345678,
10683,ELENA GUERRERO,,,1,restaurant,2.0,12345678,
10684,pobladeno sanchez,,,1,restaurant,2.0,12345678,
10685,Laura Talavera,,,1,restaurant,2.0,12345678,
10686,Cristina Maldonado,,,1,restaurant,2.0,12345678,
10687,JC Carrascosa,,,1,restaurant,2.0,12345678,
10688,A de antojo (A),,,1,restaurant,2.0,12345678,
10689,Sergio Valero,,,1,restaurant,2.0,12345678,
10690,Marisa TP,,,1,restaurant,2.0,12345678,
10691,Jose Csrlos,,,1,restaurant,2.0,12345678,
10692,Jesús García S,,,1,restaurant,2.0,12345678,
10693,abel colomer sanchez,,,1,restaurant,2.0,12345678,
10694,monty 69,,,1,restaurant,,12345678,
10695,Daniel Gutierrez Cruz,,,1,restaurant,2.0,12345678,
10696,Jose Redondo,,,1,restaurant,2.0,12345678,
10697,CC CC,,,1,restaurant,2.0,12345678,
10698,Monica Espinar García,,,1,restaurant,2.0,12345678,
10699,María SH,,,1,restaurant,2.0,12345678,
10700,Paqui Camacho Cáceres,,,1,restaurant,2.0,12345678,
10701,Alejandra Guil Gonzalez,,,1,restaurant,2.0,12345678,
10702,ANGEL aml,,,1,restaurant,2.0,12345678,
10703,Manuel Gómez Carvajal,,,1,restaurant,2.0,12345678,
10704,MCS,,,1,restaurant,2.0,12345678,
10705,Almudena PC,,,1,restaurant,2.0,12345678,
10706,Jaime Garrido,,,1,restaurant,2.0,12345678,
10707,ADOLFO DEL BARRIO CHAMORRO,,,1,restaurant,2.0,12345678,
10708,MARIELU QUILES GARCIA,,,1,restaurant,2.0,12345678,
10709,Duke MAIS “lobillo”,,,1,restaurant,2.0,12345678,
10710,Nani Olea,,,1,restaurant,2.0,12345678,
10711,Adrián C.B.,,,1,restaurant,2.0,12345678,
10712,María Jesús Espinosa Garrído,,,1,restaurant,2.0,12345678,
10713,Rocio Delgado,,,1,restaurant,2.0,12345678,
10714,Jose Antonio Diaz Martinez,,,1,restaurant,2.0,12345678,
10715,Antonio Hdez,,,1,restaurant,2.0,12345678,
10716,Ramón Cuscó,,,1,restaurant,2.0,12345678,
10717,Edu J. Eisman,,,1,restaurant,2.0,12345678,
10718,Juan Gallego,,,1,restaurant,2.0,12345678,
10719,Pedro Campos Cecilia,,,1,restaurant,2.0,12345678,
10720,Reyes,,,1,restaurant,2.0,12345678,
10721,Mafalda Ramos,,,1,restaurant,2.0,12345678,
10722,Álvaro S.M.,,,1,restaurant,2.0,12345678,
10723,Juan de la Cruz Moreno Balboa,,,1,restaurant,,12345678,
10724,Alejandra McKelligan,,,1,restaurant,2.0,12345678,
10725,Laura Garrido Almonacid,,,1,restaurant,2.0,12345678,
10726,Juan Antonio Choza,,,1,restaurant,2.0,12345678,
10727,Daniel Goiri,,,1,restaurant,2.0,12345678,
10728,Joaquín Caballero Lozano,,,1,restaurant,2.0,12345678,
10729,Fran Iñiguez,,,1,restaurant,2.0,12345678,
10730,Marta P,,,1,restaurant,2.0,12345678,
10731,PEDRO LUIS QUESADA,,,1,restaurant,2.0,12345678,
10732,Eva María Olivares Rescalvo,,,1,restaurant,2.0,12345678,
10733,Manu L,,,1,restaurant,2.0,12345678,
10734,Marysa Garcia Morales,,,1,restaurant,2.0,12345678,
10735,Manuel “Trume”,,,1,restaurant,2.0,12345678,
10736,MiSi M,,,1,restaurant,2.0,12345678,
10737,Mari Carmen Pikeras,,,1,restaurant,2.0,12345678,
10738,Lauriña Expósito,,,1,restaurant,2.0,12345678,
10739,Marta CM,,,1,restaurant,2.0,12345678,
10740,Lina Lopez,,,1,restaurant,2.0,12345678,
10741,Jose Coloma,,,1,restaurant,2.0,12345678,
10742,Teresa perez garzon,,,1,restaurant,2.0,12345678,
10743,Fernando Laserna,,,1,restaurant,2.0,12345678,
10744,Elena de Moya,,,1,restaurant,2.0,12345678,
10745,Isa Pul,,,1,restaurant,2.0,12345678,
10746,Francisco Jose Valero Balboa,,,1,restaurant,2.0,12345678,
10747,Negritaflamenka,,,1,restaurant,2.0,12345678,
10748,Cristina Barranco Gallart,,,1,restaurant,3.0,12345678,
10749,Rocío Gutierrez,,,1,restaurant,3.0,12345678,
10750,Mónica Ortega,,,1,restaurant,3.0,12345678,
10751,lola utrera,,,1,restaurant,3.0,12345678,
10752,Paloma Lozano,,,1,restaurant,3.0,12345678,
10753,Caen Morales,,,1,restaurant,3.0,12345678,
10754,Love Vampire,,,1,restaurant,3.0,12345678,
10755,Alejandro Cabrera Torres,,,1,restaurant,3.0,12345678,
10756,Eva Delgado Sánchez,,,1,restaurant,3.0,12345678,
10757,Lourdes García Cátedra,,,1,restaurant,3.0,12345678,
10758,Eva Maria Delgado Sánchez,,,1,restaurant,3.0,12345678,
10759,Mari Carmen Serrano,,,1,restaurant,3.0,12345678,
10760,Juanjo Tellez,,,1,restaurant,3.0,12345678,
10761,juan carlos santiago gonzalez,,,1,restaurant,3.0,12345678,
10762,Enrique Peña Jaenes,,,1,restaurant,3.0,12345678,
10763,Nuria Herrero de Lucas,,,1,restaurant,,12345678,
10764,Telefono Rb,,,1,restaurant,3.0,12345678,
10765,Santi López,,,1,restaurant,3.0,12345678,
10766,Juan Manuel Martín,,,1,restaurant,3.0,12345678,
10767,Pepe Pérez,,,1,restaurant,3.0,12345678,
10768,José Manuel Pérez Heredia,,,1,restaurant,3.0,12345678,
10769,Jose Suarez,,,1,restaurant,,12345678,
10770,Jose Mármol,,,1,restaurant,3.0,12345678,
10771,SERGIO VERA,,,1,restaurant,3.0,12345678,
10772,Maria José Domínguez Fernández,,,1,restaurant,3.0,12345678,
10773,Fernando Gonzalez,,,1,restaurant,3.0,12345678,
10774,cristina soleto,,,1,restaurant,3.0,12345678,
10775,Juan Pablo Cañadas Fernández,,,1,restaurant,3.0,12345678,
10776,danimogo79,,,1,restaurant,3.0,12345678,
10777,Ignacio Alonso,,,1,restaurant,3.0,12345678,
10778,Paola Varo Vázquez,,,1,restaurant,3.0,12345678,
10779,AD,,,1,restaurant,3.0,12345678,
10780,Juan Montilla,,,1,restaurant,3.0,12345678,
10781,Cleber Silva,,,1,restaurant,2.0,12345678,
10782,jose miguel Ramirez,,,1,restaurant,2.0,12345678,
10783,alejandro97 jimenez,,,1,restaurant,2.0,12345678,
10784,vlogs de pluton,,,1,restaurant,2.0,12345678,
10785,M LB,,,1,restaurant,2.0,12345678,
10786,carlota castillo,,,1,restaurant,2.0,12345678,
10787,Alberto Chamorro,,,1,restaurant,2.0,12345678,
10788,Margarita Campaña Llavero,,,1,restaurant,2.0,12345678,
10789,Sandra Escamilla,,,1,restaurant,2.0,12345678,
10790,Sara Liebanas Navas,,,1,restaurant,2.0,12345678,
10791,Alberto Bravo Sánchez,,,1,restaurant,,12345678,
10792,bartolome choza mora,,,1,restaurant,2.0,12345678,
10793,Manolo Herrera,,,1,restaurant,,12345678,
10794,Elisabet Garrido,,,1,restaurant,2.0,12345678,
10795,Dani Montiel,,,1,restaurant,2.0,12345678,
10796,mariadolores serrano,,,1,restaurant,,12345678,
10797,Juan Fran,,,1,restaurant,2.0,12345678,
10798,Juan De Juanes,,,1,restaurant,,12345678,
10799,ROPER SPANISH,,,1,restaurant,,12345678,
10800,C. Guerrero,,,1,restaurant,2.0,12345678,
10801,Jose Carlos Castle,,,1,restaurant,,12345678,
10802,Pedro Javier Saavedra Gamito,,,1,restaurant,2.0,12345678,
10803,María Dolores García Puñal,,,1,restaurant,2.0,12345678,
10804,Samuel Flores,,,1,restaurant,2.0,12345678,
10805,Antonio J. Gómez Melero,,,1,restaurant,2.0,12345678,
10806,LINA LOAIZA,,,1,restaurant,2.0,12345678,
10807,Verónica Cruz Martos,,,1,restaurant,2.0,12345678,
10808,Enrique Andrés Gugliotta,,,1,restaurant,2.0,12345678,
10809,Erika Solange Carpio,,,1,restaurant,,12345678,
10810,Peluqueria Manuel Cabrera,,,1,restaurant,2.0,12345678,
10811,miguel gomez,,,1,restaurant,2.0,12345678,
10812,Vicente López Baena,,,1,restaurant,2.0,12345678,
10813,Mt Blazquez,,,1,restaurant,2.0,12345678,
10814,diana blandon,,,1,restaurant,2.0,12345678,
10815,manuel contreras,,,1,restaurant,2.0,12345678,
10816,Juan Manuel Roman Jimenez,,,1,restaurant,2.0,12345678,
10817,Antonio Contreras,,,1,restaurant,2.0,12345678,
10818,Ian Field,,,1,restaurant,,12345678,
10819,Fran Jaen,,,1,restaurant,2.0,12345678,
10820,Antonio Molina Ortega,,,1,restaurant,2.0,12345678,
10821,Natividad Hueso,,,1,restaurant,2.0,12345678,
10822,mercedes saez,,,1,restaurant,,12345678,
10823,monxo perez perez,,,1,restaurant,2.0,12345678,
10824,María José Jerez Lechuga,,,1,restaurant,2.0,12345678,
10825,Nicolas Martinez,,,1,restaurant,,12345678,
10826,Florica Florentina Grigorita,,,1,restaurant,2.0,12345678,
10827,Florencio Alvarez,,,1,restaurant,2.0,12345678,
10828,Esteban Castaños Ruiz,,,1,restaurant,2.0,12345678,
10829,Marivi Valero,,,1,restaurant,2.0,12345678,
10830,Madeley Garces,,,1,restaurant,2.0,12345678,
10831,Lucas Pérez,,,1,restaurant,2.0,12345678,
10832,OseteMajete,,,1,restaurant,2.0,12345678,
10833,Laura Abril,,,1,restaurant,2.0,12345678,
10834,Alejandro Martinez Almazan,,,1,restaurant,2.0,12345678,
10835,Marta Ventura,,,1,restaurant,2.0,12345678,
10836,SergioFútbol Coach,,,1,restaurant,2.0,12345678,
10837,Arancha Esteve,,,1,restaurant,2.0,12345678,
10838,Marina Zamora,,,1,restaurant,2.0,12345678,
10839,abdel Sgb,,,1,restaurant,2.0,12345678,
10840,M Carmen Martínez,,,1,restaurant,2.0,12345678,
10841,Sarita J,,,1,restaurant,2.0,12345678,
10842,Álex Segura,,,1,restaurant,2.0,12345678,
10843,javotis catalan,,,1,restaurant,2.0,12345678,
10844,Borja Megia Cabrera,,,1,restaurant,2.0,12345678,
10845,Albaricoque Hidalgo,,,1,restaurant,,12345678,
10846,Miguel Angel Estrela,,,1,restaurant,2.0,12345678,
10847,Belén García,,,1,restaurant,2.0,12345678,
10848,Entrenador Personal TuCuerpo10,,,1,restaurant,2.0,12345678,
10849,FELI M,,,1,restaurant,2.0,12345678,
10850,Francisco José Relaño Sánchez,,,1,restaurant,2.0,12345678,
10851,Jose Culebras,,,1,restaurant,2.0,12345678,
10852,Maria Jose Millán Garcia,,,1,restaurant,2.0,12345678,
10853,Mari Carmen Mar Freire,,,1,restaurant,2.0,12345678,
10854,Magdalena Ceballos,,,1,restaurant,2.0,12345678,
10855,Elsablau,,,1,restaurant,2.0,12345678,
10856,Vicente Sánchez-Horneros Calvo,,,1,restaurant,2.0,12345678,
10857,Isi Saucedo,,,1,restaurant,2.0,12345678,
10858,J.S.B,,,1,restaurant,2.0,12345678,
10859,Miriam Blanco,,,1,restaurant,2.0,12345678,
10860,Jaime López Muñoz,,,1,restaurant,2.0,12345678,
10861,Marian MR,,,1,restaurant,2.0,12345678,
10862,Val Günz,,,1,restaurant,2.0,12345678,
10863,Verónica González,,,1,restaurant,2.0,12345678,
10864,María V.M,,,1,restaurant,2.0,12345678,
10865,Irene Ordoñez,,,1,restaurant,2.0,12345678,
10866,ICT FOREVER,,,1,restaurant,2.0,12345678,
10867,Jose Luis Rivas,,,1,restaurant,2.0,12345678,
10868,Juan de la Cruz Albacete,,,1,restaurant,,12345678,
10869,Noemibarrioyoga,,,1,restaurant,2.0,12345678,
10870,Ester s.,,,1,restaurant,2.0,12345678,
10871,Pedro Rodriguez sanchez,,,1,restaurant,2.0,12345678,
10872,Jose Gamez,,,1,restaurant,2.0,12345678,
10873,Bibiana Piqué,,,1,restaurant,2.0,12345678,
10874,Lucia Romero Rodriguez,,,1,restaurant,2.0,12345678,
10875,Lissette Otero Alza,,,1,restaurant,2.0,12345678,
10876,Begoña Salvador Plazas,,,1,restaurant,2.0,12345678,
10877,María Esquivias Asenjo,,,1,restaurant,,12345678,
10878,Luis N. Zubia Escudero,,,1,restaurant,2.0,12345678,
10879,Belén Antonaya Jurado,,,1,restaurant,2.0,12345678,
10880,Daniel Quiles,,,1,restaurant,2.0,12345678,
10881,Dolores Sanchez,,,1,restaurant,2.0,12345678,
10882,Sol y mar,,,1,restaurant,2.0,12345678,
10883,MYRIAM AGUIRRE CAVERO,,,1,restaurant,,12345678,
10884,CCG,,,1,restaurant,,12345678,
10885,Calistenia Maa 50,,,1,restaurant,,12345678,
10886,Almudena RoMa,,,1,restaurant,,12345678,
10887,JM CCh,,,1,restaurant,,12345678,
10888,Giselle Xavier,,,1,restaurant,,12345678,
10889,cristobal gomez ortega,,,1,restaurant,,12345678,
10890,Sabri Bustamante Winder,,,1,restaurant,,12345678,
10891,Alfredo Perdiguero Manjón,,,1,restaurant,,12345678,
10892,Misael Rodríguez,,,1,restaurant,,12345678,
10893,Chema.,,,1,restaurant,,12345678,
10894,Patricio Quintanilla Arroyo,,,1,restaurant,,12345678,
10895,Anna Anna,,,1,restaurant,,12345678,
10896,JUANLU,,,1,restaurant,,12345678,
10897,Evilin Santos,,,1,restaurant,,12345678,
10898,HERMI MARTIN,,,1,restaurant,,12345678,
10899,JJ G,,,1,restaurant,,12345678,
10900,lidia Lopez angulo,,,1,restaurant,,12345678,
10901,Alberto G.S,,,1,restaurant,,12345678,
10902,Jose Manuel Perez,,,1,restaurant,,12345678,
10903,Esther Romero,,,1,restaurant,,12345678,
10904,amaya casado,,,1,restaurant,,12345678,
10905,Ismael Oyarzun,,,1,restaurant,,12345678,
10906,Jose Manuel A.J,,,1,restaurant,,12345678,
10907,Emeonline,,,1,restaurant,,12345678,
10908,Jorge Hernández Mateo,,,1,restaurant,,12345678,
10909,JDelpez,,,1,restaurant,,12345678,
10910,Deepshape Music,,,1,restaurant,,12345678,
10911,Juan Jesús Joyanes,,,1,restaurant,,12345678,
10912,PEDRO JESUS DIAZ SERRANO,,,1,restaurant,,12345678,
10913,Jose Manuel Carrillo Palacios,,,1,restaurant,,12345678,
10914,B,,,1,restaurant,,12345678,
10915,DANIEL CASTILLO JIMENEZ,,,1,restaurant,,12345678,
10916,Francisco Javier Anguita García,,,1,restaurant,,12345678,
10917,Rafael Delgado,,,1,restaurant,,12345678,
10918,Juan Manuel Roman Aranda,,,1,restaurant,,12345678,
10919,Carmina González Olmo,,,1,restaurant,,12345678,
10920,JUAN MARIA MENGIBAR PEREZ,,,1,restaurant,,12345678,
10921,Nieves Ruiz,,,1,restaurant,,12345678,
10922,Merche BB,,,1,restaurant,,12345678,
10923,Angel talens jiménez,,,1,restaurant,,12345678,
10924,Francisco Molina Dominguez,,,1,restaurant,,12345678,
10925,My Cuenta,,,1,restaurant,,12345678,
10926,Martin García,,,1,restaurant,,12345678,
10927,Manuel Ansino,,,1,restaurant,,12345678,
10928,Luis C. Méndez,,,1,restaurant,,12345678,
10929,Mari Carmen Molina,,,1,restaurant,,12345678,
10930,Ana Maria Cortes Cortes,,,1,restaurant,,12345678,
10931,ESMAC CLUB MORÓN,,,1,restaurant,,12345678,
10932,Julio Baldoy (peli),,,1,restaurant,,12345678,
10933,Manuel molino,,,1,restaurant,,12345678,
10934,Chica Rebeca,,,1,restaurant,,12345678,
10935,Francisco Javier Palomares,,,1,restaurant,,12345678,
10936,Lola Granados Cabello,,,1,restaurant,,12345678,
10937,Armando Parilli,,,1,restaurant,,12345678,
10938,Juanma Sd,,,1,restaurant,,12345678,
10939,Juan Bautista Flores González,,,1,restaurant,,12345678,
10940,Enrique Padilla,,,1,restaurant,,12345678,
10941,Laura GL,,,1,restaurant,1.0,12345678,
10942,Don Quijote XXl,,,1,restaurant,1.0,12345678,
10943,A. J.,,,1,restaurant,,12345678,
10944,Juan Fran Vico,,,1,restaurant,1.0,12345678,
10945,Laura noseqms,,,1,restaurant,,12345678,
10946,Adrián Murillo,,amm00419@red.ujaen.es,2,bar|restaurant,1.0,12345678,
10947,Silvia De Pablo Gallego,,,1,restaurant,1.0,12345678,
10948,Luis Perez,,,1,restaurant,1.0,12345678,
10949,Marta Gonzalez,,,1,restaurant,1.0,12345678,
10950,Ivan,,,1,restaurant,1.0,12345678,
10951,Jesus De La Torre Camara,,,1,restaurant,1.0,12345678,
10952,Francis Martines,,,1,restaurant,1.0,12345678,
10953,Laura Diaz-Hellin Ramos,,,1,restaurant,1.0,12345678,
10954,soraya rascon,,,1,restaurant,1.0,12345678,
10955,Maria A. Peñaranda,,,1,restaurant,1.0,12345678,
10956,Luis Gómez,,,1,restaurant,1.0,12345678,
10957,sonia edroso magro,,,1,restaurant,1.0,12345678,
10958,Antonio Navarrete Moreno,,,1,restaurant,1.0,12345678,
10959,Arqueologo culinario,,,1,bar,1.0,12345678,
10960,Eduardo Rodriguez,,,1,bar,1.0,12345678,
10961,Laura Francisco Castilla,,,1,bar,,12345678,
10962,Pablo Cabrea Otero,,,1,bar,1.0,12345678,
10963,Jorge O.,,,1,bar,1.0,12345678,
10964,pr12,,pr@gmail.com,0,,,12345678,2003-01-28
